date,ticker,sector,title,url,publisher,text_raw,trading_date,mapping_status,calendar_days_forward,probability_positive,probability_negative,probability_neutral,finbert_score,finbert_label,vader_compound,vader_label,label_agreement,opposite_sign,neutral_non_neutral,year,sample_purpose,sampling_stratum,selection_rule,validation_status,student_label,student_confidence,student_notes,student_reviewed_by
2023-10-24,NVDA,Tech,2 AI Chip Stocks to Outperform Nvidia (NVDA),https://www.nasdaq.com/articles/2-ai-chip-stocks-to-outperform-nvidia-nvda,,2 AI Chip Stocks to Outperform Nvidia (NVDA),2023-10-24,same_trading_day,0,0.8747073411941528,0.0787585824728012,0.0465339720249176,0.7959487587213516,positive,0.0,neutral,False,False,True,2023,descriptive_disagreement_audit,neutral_non_neutral,seed=5547; simple random sample from distinct-title label disagreements,pending student review,,,,
2021-03-08,DIS,Consumer,2 Blue Chip Stock Market Winners No One's Talking About -- but Should Be,https://www.nasdaq.com/articles/2-blue-chip-stock-market-winners-no-ones-talking-about-but-should-be-2021-03-08,,2 Blue Chip Stock Market Winners No One's Talking About -- but Should Be,2021-03-08,same_trading_day,0,0.1053981706500053,0.0148510690778493,0.8797507286071777,0.0905471015721559,neutral,0.1154,positive,False,False,True,2021,descriptive_disagreement_audit,neutral_non_neutral,seed=5547; simple random sample from distinct-title label disagreements,pending student review,,,,
2022-03-29,MRK,Healthcare,2 Dirt Cheap Dividend Stocks to Buy Right Now,https://www.nasdaq.com/articles/2-dirt-cheap-dividend-stocks-to-buy-right-now,,2 Dirt Cheap Dividend Stocks to Buy Right Now,2022-03-29,same_trading_day,0,0.135832205414772,0.0186468698084354,0.8455209732055664,0.1171853356063366,neutral,-0.34,negative,False,False,True,2022,descriptive_disagreement_audit,neutral_non_neutral,seed=5547; simple random sample from distinct-title label disagreements,pending student review,,,,
2022-05-26,O,RealEstate,2 Top Dividend Stocks That Wall Street Is Sleeping On,https://www.nasdaq.com/articles/2-top-dividend-stocks-that-wall-street-is-sleeping-on-0,,2 Top Dividend Stocks That Wall Street Is Sleeping On,2022-05-26,same_trading_day,0,0.1401872634887695,0.044668149203062,0.8151444792747498,0.0955191142857074,neutral,0.2023,positive,False,False,True,2022,descriptive_disagreement_audit,neutral_non_neutral,seed=5547; simple random sample from distinct-title label disagreements,pending student review,,,,
2023-11-07,KO,Consumer,3 Passive Income Powerhouses With 40-Plus Years of Dividend Raises,https://www.nasdaq.com/articles/3-passive-income-powerhouses-with-40-plus-years-of-dividend-raises,,3 Passive Income Powerhouses With 40-Plus Years of Dividend Raises,2023-11-07,same_trading_day,0,0.1052990183234214,0.0133247794583439,0.8813762664794922,0.0919742388650775,neutral,0.2023,positive,False,False,True,2023,descriptive_disagreement_audit,neutral_non_neutral,seed=5547; simple random sample from distinct-title label disagreements,pending student review,,,,
2021-03-25,NEE,Utilities,3 Perfect Stocks to Buy If the Stock Market Crashes,https://www.nasdaq.com/articles/3-perfect-stocks-to-buy-if-the-stock-market-crashes-2021-03-25,,3 Perfect Stocks to Buy If the Stock Market Crashes,2021-03-25,same_trading_day,0,0.0648995265364646,0.018335772678256,0.9167646169662476,0.0465637538582086,neutral,0.5719,positive,False,False,True,2021,descriptive_disagreement_audit,neutral_non_neutral,seed=5547; simple random sample from distinct-title label disagreements,pending student review,,,,
2020-01-05,AMD,Tech,3 Reasons Why AMD Was the S&P 500's Top Stock in 2019,https://www.nasdaq.com/articles/3-reasons-why-amd-was-the-sp-500s-top-stock-in-2019-2020-01-05,,3 Reasons Why AMD Was the S&P 500's Top Stock in 2019,2020-01-06,next_trading_day,1,0.0573915354907512,0.0264760740101337,0.9161324501037598,0.0309154614806175,neutral,0.2023,positive,False,False,True,2020,descriptive_disagreement_audit,neutral_non_neutral,seed=5547; simple random sample from distinct-title label disagreements,pending student review,,,,
2020-01-02,GE,Industrials,3 Reasons Why GE Stock Could Rally Another 20% in 2020,https://www.nasdaq.com/articles/3-reasons-why-ge-stock-could-rally-another-20-in-2020-2020-01-02,,3 Reasons Why GE Stock Could Rally Another 20% in 2020,2020-01-02,same_trading_day,0,0.8356013894081116,0.0237519238144159,0.1406467258930206,0.8118494655936956,positive,0.0,neutral,False,False,True,2020,descriptive_disagreement_audit,neutral_non_neutral,seed=5547; simple random sample from distinct-title label disagreements,pending student review,,,,
2020-01-28,BA,Industrials,3 Stocks to Sell Following Monday’s Beatdown,https://www.nasdaq.com/articles/3-stocks-to-sell-following-mondays-beatdown-2020-01-28,,3 Stocks to Sell Following Monday’s Beatdown,2020-01-28,same_trading_day,0,0.3367854058742523,0.4288683235645294,0.2343461811542511,-0.0920829176902771,negative,0.0,neutral,False,False,True,2020,descriptive_disagreement_audit,neutral_non_neutral,seed=5547; simple random sample from distinct-title label disagreements,pending student review,,,,
2023-08-25,CMCSA,Comm,3 Telecom Stocks Ringing Upside From Analysts,https://www.nasdaq.com/articles/3-telecom-stocks-ringing-upside-from-analysts,,3 Telecom Stocks Ringing Upside From Analysts,2023-08-25,same_trading_day,0,0.4010465741157532,0.4343864917755127,0.1645669937133789,-0.0333399176597595,negative,0.0,neutral,False,False,True,2023,descriptive_disagreement_audit,neutral_non_neutral,seed=5547; simple random sample from distinct-title label disagreements,pending student review,,,,
2022-01-10,ABT,Healthcare,"3 Top Stock Trades for the Week of Jan. 10, 2022",https://www.nasdaq.com/articles/3-top-stock-trades-for-the-week-of-jan.-10-2022,,"3 Top Stock Trades for the Week of Jan. 10, 2022",2022-01-10,same_trading_day,0,0.0214689597487449,0.0675338506698608,0.910997211933136,-0.0460648909211158,neutral,0.2023,positive,False,False,True,2022,descriptive_disagreement_audit,neutral_non_neutral,seed=5547; simple random sample from distinct-title label disagreements,pending student review,,,,
2022-09-29,UPS,Industrials,3 Top-Ranked Shipping Stocks Exporting Hefty Dividend Payouts,https://www.nasdaq.com/articles/3-top-ranked-shipping-stocks-exporting-hefty-dividend-payouts,,3 Top-Ranked Shipping Stocks Exporting Hefty Dividend Payouts,2022-09-29,same_trading_day,0,0.8816477060317993,0.0513406917452812,0.0670116394758224,0.8303070142865181,positive,0.0,neutral,False,False,True,2022,descriptive_disagreement_audit,neutral_non_neutral,seed=5547; simple random sample from distinct-title label disagreements,pending student review,,,,
2022-01-29,MRK,Healthcare,3 Unstoppable Investments Everyone Needs in Their Portfolios,https://www.nasdaq.com/articles/3-unstoppable-investments-everyone-needs-in-their-portfolios,,3 Unstoppable Investments Everyone Needs in Their Portfolios,2022-01-31,next_trading_day,2,0.0884530618786811,0.0132368458434939,0.8983101844787598,0.0752162160351872,neutral,-0.2023,negative,False,False,True,2022,descriptive_disagreement_audit,neutral_non_neutral,seed=5547; simple random sample from distinct-title label disagreements,pending student review,,,,
2021-11-08,AMGN,Healthcare,5 Buy-Rated Biotech Stocks to Bolster Your Portfolio,https://www.nasdaq.com/articles/5-buy-rated-biotech-stocks-to-bolster-your-portfolio,,5 Buy-Rated Biotech Stocks to Bolster Your Portfolio,2021-11-08,same_trading_day,0,0.7292186617851257,0.0084161916747689,0.2623651027679443,0.7208024701103568,positive,0.0,neutral,False,False,True,2021,descriptive_disagreement_audit,neutral_non_neutral,seed=5547; simple random sample from distinct-title label disagreements,pending student review,,,,
2022-01-27,ABT,Healthcare,5 Top Health Care Stocks To Watch Before February 2022,https://www.nasdaq.com/articles/5-top-health-care-stocks-to-watch-before-february-2022,,5 Top Health Care Stocks To Watch Before February 2022,2022-01-27,same_trading_day,0,0.0529537051916122,0.0305350888520479,0.9165111780166626,0.0224186163395643,neutral,0.6124,positive,False,False,True,2022,descriptive_disagreement_audit,neutral_non_neutral,seed=5547; simple random sample from distinct-title label disagreements,pending student review,,,,
2020-04-17,D,Utilities,5 Utilities Outperforming the Market,http://www.gurufocus.com/news/1107670/5-utilities-outperforming-the-market,GuruFocus,5 Utilities Outperforming the Market,2020-04-17,same_trading_day,0,0.3588199317455292,0.5778133869171143,0.0633666813373565,-0.218993455171585,negative,0.0,neutral,False,False,True,2020,descriptive_disagreement_audit,neutral_non_neutral,seed=5547; simple random sample from distinct-title label disagreements,pending student review,,,,
2020-04-14,DUK,Utilities,"6 Meridian Buys Duke Energy Corp, NextEra Energy Inc, First Trust Low Duration Mortgage ...",http://www.gurufocus.com/news/1104448/6-meridian-buys-duke-energy-corp-nextera-energy-inc-first-trust-low-duration-mortgage-opportunities-et-sells-spdr-sp-500-simon-property-group-inc-eli-lilly-and-co,GuruFocus,"6 Meridian Buys Duke Energy Corp, NextEra Energy Inc, First Trust Low Duration Mortgage ...",2020-04-14,same_trading_day,0,0.0917621701955795,0.0093961684033274,0.8988415598869324,0.082366001792252,neutral,0.6597,positive,False,False,True,2020,descriptive_disagreement_audit,neutral_non_neutral,seed=5547; simple random sample from distinct-title label disagreements,pending student review,,,,
2022-01-20,GS,Financials,7 Bull Market Stocks to Buy for a Continued Run Higher in 2022 ,https://www.nasdaq.com/articles/7-bull-market-stocks-to-buy-for-a-continued-run-higher-in-2022,,7 Bull Market Stocks to Buy for a Continued Run Higher in 2022 ,2022-01-20,same_trading_day,0,0.8758512139320374,0.0190473739057779,0.105101466178894,0.8568038400262594,positive,0.0,neutral,False,False,True,2022,descriptive_disagreement_audit,neutral_non_neutral,seed=5547; simple random sample from distinct-title label disagreements,pending student review,,,,
2022-07-12,ADBE,Tech,7 Tech Stocks Trading at a Terrific Discount Right Now,https://www.nasdaq.com/articles/7-tech-stocks-trading-at-a-terrific-discount-right-now,,7 Tech Stocks Trading at a Terrific Discount Right Now,2022-07-12,same_trading_day,0,0.1949611157178878,0.1054851114749908,0.6995537877082825,0.089476004242897,neutral,0.4767,positive,False,False,True,2022,descriptive_disagreement_audit,neutral_non_neutral,seed=5547; simple random sample from distinct-title label disagreements,pending student review,,,,
2020-05-12,QCOM,Tech,7 Tech Stocks to Buy Amidst Coronavirus Uncertainty,https://www.nasdaq.com/articles/7-tech-stocks-to-buy-amidst-coronavirus-uncertainty-2020-05-12,,7 Tech Stocks to Buy Amidst Coronavirus Uncertainty,2020-05-12,same_trading_day,0,0.1128528490662574,0.0387809462845325,0.8483662605285645,0.0740719027817249,neutral,-0.34,negative,False,False,True,2020,descriptive_disagreement_audit,neutral_non_neutral,seed=5547; simple random sample from distinct-title label disagreements,pending student review,,,,
2020-11-21,WMT,Consumer,A Coronavirus Vaccine Is Good News. What's Going on With Cruise Lines?,https://www.nasdaq.com/articles/a-coronavirus-vaccine-is-good-news.-whats-going-on-with-cruise-lines-2020-11-21,,A Coronavirus Vaccine Is Good News. What's Going on With Cruise Lines?,2020-11-23,next_trading_day,2,0.0845391526818275,0.105547659099102,0.8099132180213928,-0.0210085064172744,neutral,0.4404,positive,False,False,True,2020,descriptive_disagreement_audit,neutral_non_neutral,seed=5547; simple random sample from distinct-title label disagreements,pending student review,,,,
2023-04-25,ADBE,Tech,AI Boom: 2 Artificial Intelligence Stocks Billionaire Investors Are Buying Hand Over Fist,https://www.nasdaq.com/articles/ai-boom%3A-2-artificial-intelligence-stocks-billionaire-investors-are-buying-hand-over-fist,,AI Boom: 2 Artificial Intelligence Stocks Billionaire Investors Are Buying Hand Over Fist,2023-04-25,same_trading_day,0,0.0710517615079879,0.0237130858004093,0.9052350521087646,0.0473386757075786,neutral,0.743,positive,False,False,True,2023,descriptive_disagreement_audit,neutral_non_neutral,seed=5547; simple random sample from distinct-title label disagreements,pending student review,,,,
2022-09-27,AMD,Tech,AMD Is My Top Tech Stock Buy Right Now,https://www.nasdaq.com/articles/amd-is-my-top-tech-stock-buy-right-now,,AMD Is My Top Tech Stock Buy Right Now,2022-09-27,same_trading_day,0,0.0885833725333213,0.0121900867670774,0.8992264866828918,0.0763932857662439,neutral,0.2023,positive,False,False,True,2022,descriptive_disagreement_audit,neutral_non_neutral,seed=5547; simple random sample from distinct-title label disagreements,pending student review,,,,
2021-09-20,T,Comm,AT&T’s Positive Change Remains on Track,https://www.nasdaq.com/articles/atts-positive-change-remains-on-track-2021-09-20,,AT&T’s Positive Change Remains on Track,2021-09-20,same_trading_day,0,0.3670870065689087,0.0112434476613998,0.621669590473175,0.3558435589075088,neutral,0.5574,positive,False,False,True,2021,descriptive_disagreement_audit,neutral_non_neutral,seed=5547; simple random sample from distinct-title label disagreements,pending student review,,,,
2020-09-04,ABBV,Healthcare,AbbVie Partners With I-Mab for Cancer Drug,https://www.nasdaq.com/articles/abbvie-partners-with-i-mab-for-cancer-drug-2020-09-04,,AbbVie Partners With I-Mab for Cancer Drug,2020-09-04,same_trading_day,0,0.3436660766601562,0.0076222792267799,0.6487116813659668,0.3360437974333763,neutral,-0.6597,negative,False,False,True,2020,descriptive_disagreement_audit,neutral_non_neutral,seed=5547; simple random sample from distinct-title label disagreements,pending student review,,,,
2023-11-10,ABBV,Healthcare,AbbVie's $21 Billion Drug Humira Is on the Decline. Should You Still Buy This Dividend Stock?,https://www.nasdaq.com/articles/abbvies-%2421-billion-drug-humira-is-on-the-decline.-should-you-still-buy-this-dividend,,AbbVie's $21 Billion Drug Humira Is on the Decline. Should You Still Buy This Dividend Stock?,2023-11-10,same_trading_day,0,0.0238512717187404,0.8166207671165466,0.1595279276371002,-0.7927694953978062,negative,0.0,neutral,False,False,True,2023,descriptive_disagreement_audit,neutral_non_neutral,seed=5547; simple random sample from distinct-title label disagreements,pending student review,,,,
2020-01-17,AMD,Tech,Advanced Micro Devices Takes Over #117 Spot From Ecolab,https://www.nasdaq.com/articles/advanced-micro-devices-takes-over-117-spot-from-ecolab-2020-01-17,,Advanced Micro Devices Takes Over #117 Spot From Ecolab,2020-01-17,same_trading_day,0,0.0753641128540039,0.0131292436271905,0.9115065932273864,0.0622348692268133,neutral,0.25,positive,False,False,True,2020,descriptive_disagreement_audit,neutral_non_neutral,seed=5547; simple random sample from distinct-title label disagreements,pending student review,,,,
2022-11-14,DIS,Consumer,"After Hours Most Active for Nov 14, 2022 : AMZN, META, AAPL, QQQ, NIO, DIS, BEKE, ADCT, INTC, ATRA, NU, SU",https://www.nasdaq.com/articles/after-hours-most-active-for-nov-14-2022-%3A-amzn-meta-aapl-qqq-nio-dis-beke-adct-intc-atra,,"After Hours Most Active for Nov 14, 2022 : AMZN, META, AAPL, QQQ, NIO, DIS, BEKE, ADCT, INTC, ATRA, NU, SU",2022-11-14,same_trading_day,0,0.0333633162081241,0.0212732814252376,0.9453633427619934,0.0120900347828865,neutral,0.4576,positive,False,False,True,2022,descriptive_disagreement_audit,neutral_non_neutral,seed=5547; simple random sample from distinct-title label disagreements,pending student review,,,,
2020-06-29,BA,Industrials,"Airlines Celebrate, Send Stock Markets Flying Higher",https://www.nasdaq.com/articles/airlines-celebrate-send-stock-markets-flying-higher-2020-06-29,,"Airlines Celebrate, Send Stock Markets Flying Higher",2020-06-29,same_trading_day,0,0.4188102185726166,0.0266621895134449,0.5545275807380676,0.3921480290591717,neutral,0.5719,positive,False,False,True,2020,descriptive_disagreement_audit,neutral_non_neutral,seed=5547; simple random sample from distinct-title label disagreements,pending student review,,,,
2022-08-09,AEP,Utilities,American Electric Power Company Inc. Shares Close in on 52-Week High - Market Mover,https://www.nasdaq.com/articles/american-electric-power-company-inc.-shares-close-in-on-52-week-high-market-mover-0,,American Electric Power Company Inc. Shares Close in on 52-Week High - Market Mover,2022-08-09,same_trading_day,0,0.4494026601314544,0.0503565035760402,0.5002408027648926,0.3990461565554142,neutral,0.296,positive,False,False,True,2022,descriptive_disagreement_audit,neutral_non_neutral,seed=5547; simple random sample from distinct-title label disagreements,pending student review,,,,
2023-03-27,ABBV,Healthcare,Amgen-Sanofi patent case divides makers of antibody drugs,https://www.nasdaq.com/articles/amgen-sanofi-patent-case-divides-makers-of-antibody-drugs,,Amgen-Sanofi patent case divides makers of antibody drugs,2023-03-27,same_trading_day,0,0.0193608663976192,0.8782832622528076,0.102355919778347,-0.8589223958551884,negative,0.0,neutral,False,False,True,2023,descriptive_disagreement_audit,neutral_non_neutral,seed=5547; simple random sample from distinct-title label disagreements,pending student review,,,,
2020-04-27,NUE,Materials,Analysts Anticipate LRGF To Hit $34,https://www.nasdaq.com/articles/analysts-anticipate-lrgf-to-hit-%2434-2020-04-27,,Analysts Anticipate LRGF To Hit $34,2020-04-27,same_trading_day,0,0.9352840781211852,0.0170255880802869,0.0476903915405273,0.9182584900408984,positive,0.0,neutral,False,False,True,2020,descriptive_disagreement_audit,neutral_non_neutral,seed=5547; simple random sample from distinct-title label disagreements,pending student review,,,,
2020-04-30,GILD,Healthcare,"Apple And Amazon Up To Bat this Afternoon As Investors Ponder Microsoft, Facebook Results",https://www.benzinga.com/news/earnings/20/04/15921244/apple-and-amazon-up-to-bat-this-afternoon-as-investors-ponder-microsoft-facebook-results,JJ Kinahan,"Apple And Amazon Up To Bat this Afternoon As Investors Ponder Microsoft, Facebook Results",2020-04-30,same_trading_day,0,0.0569568239152431,0.0978335663676261,0.8452095985412598,-0.040876742452383,neutral,0.1779,positive,False,False,True,2020,descriptive_disagreement_audit,neutral_non_neutral,seed=5547; simple random sample from distinct-title label disagreements,pending student review,,,,
2020-04-13,MRK,Healthcare,AstraZeneca & Merck Announce FDA Approval Of KOSELUGO - Quick Facts,https://www.nasdaq.com/articles/astrazeneca-merck-announce-fda-approval-of-koselugo-quick-facts-2020-04-13,,AstraZeneca & Merck Announce FDA Approval Of KOSELUGO - Quick Facts,2020-04-13,same_trading_day,0,0.2756329178810119,0.0198234356939792,0.7045436501502991,0.2558094821870327,neutral,0.4767,positive,False,False,True,2020,descriptive_disagreement_audit,neutral_non_neutral,seed=5547; simple random sample from distinct-title label disagreements,pending student review,,,,
2022-04-02,BA,Industrials,Aviation agency to probe Delta plane's windshield shattering mid-flight,https://www.nasdaq.com/articles/aviation-agency-to-probe-delta-planes-windshield-shattering-mid-flight,,Aviation agency to probe Delta plane's windshield shattering mid-flight,2022-04-04,next_trading_day,2,0.0243528988212347,0.840121328830719,0.1355258375406265,-0.8157684300094843,negative,0.0,neutral,False,False,True,2022,descriptive_disagreement_audit,neutral_non_neutral,seed=5547; simple random sample from distinct-title label disagreements,pending student review,,,,
2020-06-09,OXY,Energy,B of A Securities Upgrades Occidental Petroleum to Buy,https://www.benzinga.com/news/20/06/16210682/b-of-a-securities-upgrades-occidental-petroleum-to-buy,Benzinga Newsdesk,B of A Securities Upgrades Occidental Petroleum to Buy,2020-06-09,same_trading_day,0,0.0548989437520504,0.0152629753574728,0.9298381209373474,0.0396359683945775,neutral,0.296,positive,False,False,True,2020,descriptive_disagreement_audit,neutral_non_neutral,seed=5547; simple random sample from distinct-title label disagreements,pending student review,,,,
2022-01-21,GS,Financials,"Barclays, Deutsche join bank rush to reopen offices in England",https://www.nasdaq.com/articles/barclays-deutsche-join-bank-rush-to-reopen-offices-in-england,,"Barclays, Deutsche join bank rush to reopen offices in England",2022-01-21,same_trading_day,0,0.2251988798379898,0.0261112917214632,0.7486898899078369,0.1990875881165266,neutral,0.296,positive,False,False,True,2022,descriptive_disagreement_audit,neutral_non_neutral,seed=5547; simple random sample from distinct-title label disagreements,pending student review,,,,
2020-02-03,SHW,Materials,"Bell Rock Capital LLC Buys Citigroup Capital XIII, PowerShares QQQ Trust Ser –, Uber ...",http://www.gurufocus.com/news/1027227/bell-rock-capital-llc-buys-citigroup-capital-xiii-powershares-qqq-trust-ser-1-uber-technologies-inc-sells-spdr-gold-trust-visa-inc-boeing-co,GuruFocus,"Bell Rock Capital LLC Buys Citigroup Capital XIII, PowerShares QQQ Trust Ser –, Uber ...",2020-02-03,same_trading_day,0,0.0800582766532898,0.009913669899106,0.9100279808044434,0.0701446067541837,neutral,0.5106,positive,False,False,True,2020,descriptive_disagreement_audit,neutral_non_neutral,seed=5547; simple random sample from distinct-title label disagreements,pending student review,,,,
2022-08-04,NEM,Materials,Best Gold Stocks To Watch This Week? 3 To Watch,https://www.nasdaq.com/articles/best-gold-stocks-to-watch-this-week-3-to-watch,,Best Gold Stocks To Watch This Week? 3 To Watch,2022-08-04,same_trading_day,0,0.0656691044569015,0.0254362132400274,0.908894658088684,0.0402328912168741,neutral,0.6369,positive,False,False,True,2022,descriptive_disagreement_audit,neutral_non_neutral,seed=5547; simple random sample from distinct-title label disagreements,pending student review,,,,
2022-02-10,PLD,RealEstate,Better Buy: Prologis or First Industrial?,https://www.nasdaq.com/articles/better-buy%3A-prologis-or-first-industrial,,Better Buy: Prologis or First Industrial?,2022-02-10,same_trading_day,0,0.0416736230254173,0.0236831679940223,0.9346432089805604,0.0179904550313949,neutral,0.4404,positive,False,False,True,2022,descriptive_disagreement_audit,neutral_non_neutral,seed=5547; simple random sample from distinct-title label disagreements,pending student review,,,,
2023-04-05,ADBE,Tech,Billionaire Ken Griffin and Goldman Sachs Have One Thing in Common: They Both Like These 2 AI Stocks,https://www.nasdaq.com/articles/billionaire-ken-griffin-and-goldman-sachs-have-one-thing-in-common%3A-they-both-like-these-2,,Billionaire Ken Griffin and Goldman Sachs Have One Thing in Common: They Both Like These 2 AI Stocks,2023-04-05,same_trading_day,0,0.0767501890659332,0.0150601072236895,0.9081896543502808,0.0616900818422436,neutral,0.3612,positive,False,False,True,2023,descriptive_disagreement_audit,neutral_non_neutral,seed=5547; simple random sample from distinct-title label disagreements,pending student review,,,,
2020-11-09,BA,Industrials,"Boeing calls EU tariff decision 'disappointing,' urges moves to resolve dispute",https://www.nasdaq.com/articles/boeing-calls-eu-tariff-decision-disappointing-urges-moves-to-resolve-dispute-2020-11-09,,"Boeing calls EU tariff decision 'disappointing,' urges moves to resolve dispute",2020-11-09,same_trading_day,0,0.0155885238200426,0.961280882358551,0.0231306236237287,-0.9456923585385084,negative,-0.0258,neutral,False,False,True,2020,descriptive_disagreement_audit,neutral_non_neutral,seed=5547; simple random sample from distinct-title label disagreements,pending student review,,,,
2020-04-28,ADBE,Tech,"Bruderman Asset Management, LLC Buys SPDR Portfolio Short Term Treasury, Global Payments Inc, ...",http://www.gurufocus.com/news/1119460/bruderman-asset-management-llc-buys-spdr-portfolio-short-term-treasury-global-payments-inc-spdr-sp-dividend-sells-total-sa-royal-dutch-shell-plc-oneok-inc,GuruFocus,"Bruderman Asset Management, LLC Buys SPDR Portfolio Short Term Treasury, Global Payments Inc, ...",2020-04-28,same_trading_day,0,0.1034797504544258,0.0121396081522107,0.884380578994751,0.0913401423022151,neutral,0.5106,positive,False,False,True,2020,descriptive_disagreement_audit,neutral_non_neutral,seed=5547; simple random sample from distinct-title label disagreements,pending student review,,,,
2020-04-19,GILD,Healthcare,Bulls Hiding In Large-Caps (In Just A Few Names); Conviction Lacking,https://talkmarkets.com/content/bulls-hiding-in-large-caps-in-just-a-few-names-conviction-lacking?post=259102,TalkMarkets,Bulls Hiding In Large-Caps (In Just A Few Names); Conviction Lacking,2020-04-20,next_trading_day,1,0.0407217219471931,0.2473284304141998,0.71194988489151,-0.2066067084670066,neutral,-0.296,negative,False,False,True,2020,descriptive_disagreement_audit,neutral_non_neutral,seed=5547; simple random sample from distinct-title label disagreements,pending student review,,,,
2020-04-26,OXY,Energy,Carl Icahn: A Believer in Value Investing,http://www.gurufocus.com/news/1116697/carl-icahn-a-believer-in-value-investing,GuruFocus,Carl Icahn: A Believer in Value Investing,2020-04-27,next_trading_day,1,0.0895949527621269,0.0213919542729854,0.8890130519866943,0.0682029984891414,neutral,0.34,positive,False,False,True,2020,descriptive_disagreement_audit,neutral_non_neutral,seed=5547; simple random sample from distinct-title label disagreements,pending student review,,,,
2021-11-08,CAT,Industrials,Caterpillar Leads Dow Jones Up 116 Points on $1 Trillion Infrastructure Deal,https://www.nasdaq.com/articles/caterpillar-leads-dow-jones-up-116-points-on-%241-trillion-infrastructure-deal,,Caterpillar Leads Dow Jones Up 116 Points on $1 Trillion Infrastructure Deal,2021-11-08,same_trading_day,0,0.888578474521637,0.0284153800457716,0.0830061957240104,0.8601630944758654,positive,0.0,neutral,False,False,True,2021,descriptive_disagreement_audit,neutral_non_neutral,seed=5547; simple random sample from distinct-title label disagreements,pending student review,,,,
2020-03-26,CAT,Industrials,Caterpillar Withdraws 2020 Outlook,https://www.nasdaq.com/articles/caterpillar-withdraws-2020-outlook-2020-03-26,,Caterpillar Withdraws 2020 Outlook,2020-03-26,same_trading_day,0,0.0169220231473445,0.7374043464660645,0.2456736266613006,-0.7204823233187199,negative,0.0,neutral,False,False,True,2020,descriptive_disagreement_audit,neutral_non_neutral,seed=5547; simple random sample from distinct-title label disagreements,pending student review,,,,
2020-02-21,AMD,Tech,Could NVIDIA’s New Gaming Platform Cannibalize Its Gaming GPU Sales?,https://www.nasdaq.com/articles/could-nvidias-new-gaming-platform-cannibalize-its-gaming-gpu-sales-2020-02-21,,Could NVIDIA’s New Gaming Platform Cannibalize Its Gaming GPU Sales?,2020-02-21,same_trading_day,0,0.036139577627182,0.6806420087814331,0.2832184135913849,-0.6445024311542511,negative,0.0,neutral,False,False,True,2020,descriptive_disagreement_audit,neutral_non_neutral,seed=5547; simple random sample from distinct-title label disagreements,pending student review,,,,
2022-10-18,INTC,Tech,Could The Market Be Wrong About Intel Corporation (NASDAQ:INTC) Given Its Attractive Financial Prospects?,https://www.nasdaq.com/articles/could-the-market-be-wrong-about-intel-corporation-nasdaq%3Aintc-given-its-attractive,,Could The Market Be Wrong About Intel Corporation (NASDAQ:INTC) Given Its Attractive Financial Prospects?,2022-10-18,same_trading_day,0,0.0945561155676841,0.1366348415613174,0.7688090801239014,-0.0420787259936332,neutral,0.25,positive,False,False,True,2022,descriptive_disagreement_audit,neutral_non_neutral,seed=5547; simple random sample from distinct-title label disagreements,pending student review,,,,
2020-04-29,MMM,Industrials,"Deutsche Bank Maintains Hold on 3M, Raises Price Target to $163",https://www.benzinga.com/news/20/04/15905976/deutsche-bank-maintains-hold-on-3m-raises-price-target-to-163,Benzinga_Newsdesk,"Deutsche Bank Maintains Hold on 3M, Raises Price Target to $163",2020-04-29,same_trading_day,0,0.756572425365448,0.0359463207423687,0.2074812352657318,0.7206261046230793,positive,0.0,neutral,False,False,True,2020,descriptive_disagreement_audit,neutral_non_neutral,seed=5547; simple random sample from distinct-title label disagreements,pending student review,,,,
2020-05-06,ABBV,Healthcare,DexCom & Domino's Pizza Set to Join S&P 5……; Salesforce. ...,http://www.gurufocus.com/news/1128631/dexcom--dominos-pizza-set-to-join-sp-500-salesforcecom-to-join-sp-100-store-capital-to-join-sp-midcap-400-capri-holdings-to-join-sp-smallcap-600,GuruFocus,DexCom & Domino's Pizza Set to Join S&P 5……; Salesforce. ...,2020-05-06,same_trading_day,0,0.1518119424581527,0.007839523255825,0.8403485417366028,0.1439724192023277,neutral,0.296,positive,False,False,True,2020,descriptive_disagreement_audit,neutral_non_neutral,seed=5547; simple random sample from distinct-title label disagreements,pending student review,,,,
2020-09-15,DIS,Consumer,Disney World and Rivals Have New Tricks for Halloween Treats,https://www.nasdaq.com/articles/disney-world-and-rivals-have-new-tricks-for-halloween-treats-2020-09-15,,Disney World and Rivals Have New Tricks for Halloween Treats,2020-09-15,same_trading_day,0,0.078000321984291,0.0177884008735418,0.9042112231254578,0.0602119211107492,neutral,-0.128,negative,False,False,True,2020,descriptive_disagreement_audit,neutral_non_neutral,seed=5547; simple random sample from distinct-title label disagreements,pending student review,,,,
2023-11-01,CMCSA,Comm,"Disney's ESPN could be valued at $24 bln, likely buyers include Apple, Verizon - BofA",https://www.nasdaq.com/articles/disneys-espn-could-be-valued-at-%2424-bln-likely-buyers-include-apple-verizon-bofa,,"Disney's ESPN could be valued at $24 bln, likely buyers include Apple, Verizon - BofA",2023-11-01,same_trading_day,0,0.0877797901630401,0.0097640771418809,0.9024561643600464,0.0780157130211591,neutral,0.4404,positive,False,False,True,2023,descriptive_disagreement_audit,neutral_non_neutral,seed=5547; simple random sample from distinct-title label disagreements,pending student review,,,,
2022-03-11,KO,Consumer,"Don't take Russia back to 1917, Russian metals king Potanin warns",https://www.nasdaq.com/articles/dont-take-russia-back-to-1917-russian-metals-king-potanin-warns,,"Don't take Russia back to 1917, Russian metals king Potanin warns",2022-03-11,same_trading_day,0,0.0664240568876266,0.0432452857494354,0.8903306126594543,0.0231787711381912,neutral,-0.1027,negative,False,False,True,2022,descriptive_disagreement_audit,neutral_non_neutral,seed=5547; simple random sample from distinct-title label disagreements,pending student review,,,,
2023-03-31,DUK,Utilities,Duke Energy (DUK) Begins Operation of Battery Storage Project,https://www.nasdaq.com/articles/duke-energy-duk-begins-operation-of-battery-storage-project,,Duke Energy (DUK) Begins Operation of Battery Storage Project,2023-03-31,same_trading_day,0,0.0519840978085994,0.0170947909355163,0.9309210777282716,0.0348893068730831,neutral,0.2732,positive,False,False,True,2023,descriptive_disagreement_audit,neutral_non_neutral,seed=5547; simple random sample from distinct-title label disagreements,pending student review,,,,
2022-08-23,GS,Financials,EXCLUSIVE-Allianz in talks with banks for China asset management venture -sources,https://www.nasdaq.com/articles/exclusive-allianz-in-talks-with-banks-for-china-asset-management-venture-sources,,EXCLUSIVE-Allianz in talks with banks for China asset management venture -sources,2022-08-23,same_trading_day,0,0.0987152531743049,0.0132121611386537,0.8880726099014282,0.0855030920356512,neutral,0.3612,positive,False,False,True,2022,descriptive_disagreement_audit,neutral_non_neutral,seed=5547; simple random sample from distinct-title label disagreements,pending student review,,,,
2023-12-08,COP,Energy,EXCLUSIVE-Endeavor Energy explores sale for as much as $30 billion-sources,https://www.nasdaq.com/articles/exclusive-endeavor-energy-explores-sale-for-as-much-as-%2430-billion-sources,,EXCLUSIVE-Endeavor Energy explores sale for as much as $30 billion-sources,2023-12-08,same_trading_day,0,0.0866326242685318,0.0090814558789134,0.904285967350006,0.0775511683896184,neutral,0.2732,positive,False,False,True,2023,descriptive_disagreement_audit,neutral_non_neutral,seed=5547; simple random sample from distinct-title label disagreements,pending student review,,,,
2022-05-12,CVX,Energy,EXCLUSIVE-Tycoon close to outgoing Philippines president mulls sales of big assets - sources,https://www.nasdaq.com/articles/exclusive-tycoon-close-to-outgoing-philippines-president-mulls-sales-of-big-assets-sources,,EXCLUSIVE-Tycoon close to outgoing Philippines president mulls sales of big assets - sources,2022-05-12,same_trading_day,0,0.0595054179430007,0.0834142938256263,0.8570802807807922,-0.0239088758826255,neutral,0.4404,positive,False,False,True,2022,descriptive_disagreement_audit,neutral_non_neutral,seed=5547; simple random sample from distinct-title label disagreements,pending student review,,,,
2022-07-18,NEM,Materials,Earnings Preview: Newmont Corporation (NEM) Q2 Earnings Expected to Decline,https://www.nasdaq.com/articles/earnings-preview%3A-newmont-corporation-nem-q2-earnings-expected-to-decline,,Earnings Preview: Newmont Corporation (NEM) Q2 Earnings Expected to Decline,2022-07-18,same_trading_day,0,0.0115321651101112,0.9657053351402284,0.022762507200241,-0.954173170030117,negative,0.0,neutral,False,False,True,2022,descriptive_disagreement_audit,neutral_non_neutral,seed=5547; simple random sample from distinct-title label disagreements,pending student review,,,,
2020-04-28,EA,Comm,Electronic Arts Reports Partnership With Google To Bring Google's Stadio Platform To EA Games,https://www.benzinga.com/news/20/04/15897828/electronic-arts-reports-partnership-with-google-to-bring-googles-stadio-platform-to-ea-games,Benzinga Newsdesk,Electronic Arts Reports Partnership With Google To Bring Google's Stadio Platform To EA Games,2020-04-28,same_trading_day,0,0.8399969935417175,0.0074426811188459,0.1525603234767913,0.8325543124228716,positive,0.0,neutral,False,False,True,2020,descriptive_disagreement_audit,neutral_non_neutral,seed=5547; simple random sample from distinct-title label disagreements,pending student review,,,,
2022-08-17,KO,Consumer,Elon Musk says he was joking about buying Manchester United,https://www.nasdaq.com/articles/elon-musk-says-he-was-joking-about-buying-manchester-united,,Elon Musk says he was joking about buying Manchester United,2022-08-17,same_trading_day,0,0.0452170334756374,0.0425901859998703,0.9121928215026855,0.0026268474757671,neutral,0.5719,positive,False,False,True,2022,descriptive_disagreement_audit,neutral_non_neutral,seed=5547; simple random sample from distinct-title label disagreements,pending student review,,,,
2022-05-13,CVX,Energy,"Energy Sector Update for 05/13/2022: CVX, E, XLE, USO, UNG",https://www.nasdaq.com/articles/energy-sector-update-for-05-13-2022%3A-cvx-e-xle-uso-ung,,"Energy Sector Update for 05/13/2022: CVX, E, XLE, USO, UNG",2022-05-13,same_trading_day,0,0.0240504741668701,0.0255572106689214,0.9503923058509828,-0.0015067365020513,neutral,0.2732,positive,False,False,True,2022,descriptive_disagreement_audit,neutral_non_neutral,seed=5547; simple random sample from distinct-title label disagreements,pending student review,,,,
2022-03-01,XOM,Energy,Exxon Mobil begins removing U.S. employees from its Russian oil and gas operations,https://www.nasdaq.com/articles/exxon-mobil-begins-removing-u.s.-employees-from-its-russian-oil-and-gas-operations,,Exxon Mobil begins removing U.S. employees from its Russian oil and gas operations,2022-03-01,same_trading_day,0,0.0077841915190219,0.9552273750305176,0.0369884856045246,-0.9474431835114956,negative,0.0,neutral,False,False,True,2022,descriptive_disagreement_audit,neutral_non_neutral,seed=5547; simple random sample from distinct-title label disagreements,pending student review,,,,
2022-05-24,XOM,Energy,"Exxon must face Massachusetts climate change lawsuit, court rules",https://www.nasdaq.com/articles/exxon-must-face-massachusetts-climate-change-lawsuit-court-rules-0,,"Exxon must face Massachusetts climate change lawsuit, court rules",2022-05-24,same_trading_day,0,0.021271925419569,0.210332915186882,0.7683951258659363,-0.189060989767313,neutral,-0.2263,negative,False,False,True,2022,descriptive_disagreement_audit,neutral_non_neutral,seed=5547; simple random sample from distinct-title label disagreements,pending student review,,,,
2021-08-26,XOM,Energy,ExxonMobil Stock Is a Definite Buy,https://www.nasdaq.com/articles/exxonmobil-stock-is-a-definite-buy-2021-08-26,,ExxonMobil Stock Is a Definite Buy,2021-08-26,same_trading_day,0,0.1164082363247871,0.0137665253132581,0.8698251843452454,0.1026417110115289,neutral,0.2732,positive,False,False,True,2021,descriptive_disagreement_audit,neutral_non_neutral,seed=5547; simple random sample from distinct-title label disagreements,pending student review,,,,
2021-01-15,COP,Energy,"Friday Sector Laggards: Energy, Industrial",https://www.nasdaq.com/articles/friday-sector-laggards%3A-energy-industrial-2021-01-15,,"Friday Sector Laggards: Energy, Industrial",2021-01-15,same_trading_day,0,0.0302863884717226,0.1503285318613052,0.8193851113319397,-0.1200421433895826,neutral,0.2732,positive,False,False,True,2021,descriptive_disagreement_audit,neutral_non_neutral,seed=5547; simple random sample from distinct-title label disagreements,pending student review,,,,
2022-01-10,GS,Financials,GLOBAL MARKETS-Stocks fall further as U.S. yield climb unnerves investors,https://www.nasdaq.com/articles/global-markets-stocks-fall-further-as-u.s.-yield-climb-unnerves-investors-0,,GLOBAL MARKETS-Stocks fall further as U.S. yield climb unnerves investors,2022-01-10,same_trading_day,0,0.0106062572449445,0.9702863693237304,0.0191073380410671,-0.959680112078786,negative,0.0,neutral,False,False,True,2022,descriptive_disagreement_audit,neutral_non_neutral,seed=5547; simple random sample from distinct-title label disagreements,pending student review,,,,
2021-03-30,WMT,Consumer,GameStop hires Amazon executive as chief growth officer in e-commerce shift,https://www.nasdaq.com/articles/gamestop-hires-amazon-executive-as-chief-growth-officer-in-e-commerce-shift-2021-03-30,,GameStop hires Amazon executive as chief growth officer in e-commerce shift,2021-03-30,same_trading_day,0,0.1215331405401229,0.0133821181952953,0.865084707736969,0.1081510223448276,neutral,0.5106,positive,False,False,True,2021,descriptive_disagreement_audit,neutral_non_neutral,seed=5547; simple random sample from distinct-title label disagreements,pending student review,,,,
2022-03-14,BA,Industrials,Germany to purchase up to 35 F-35 fighter jets - government source,https://www.nasdaq.com/articles/germany-to-purchase-up-to-35-f-35-fighter-jets-government-source,,Germany to purchase up to 35 F-35 fighter jets - government source,2022-03-14,same_trading_day,0,0.3810339868068695,0.0125595415011048,0.6064065098762512,0.3684744453057647,neutral,0.1531,positive,False,False,True,2022,descriptive_disagreement_audit,neutral_non_neutral,seed=5547; simple random sample from distinct-title label disagreements,pending student review,,,,
2020-06-22,GILD,Healthcare,Gilead To Trial Inhaled Version Of Remdesivir On Covid-19 Patients,https://www.nasdaq.com/articles/gilead-to-trial-inhaled-version-of-remdesivir-on-covid-19-patients-2020-06-22,,Gilead To Trial Inhaled Version Of Remdesivir On Covid-19 Patients,2020-06-22,same_trading_day,0,0.6003111004829407,0.0111211137846112,0.3885677754878998,0.5891899866983294,positive,0.0,neutral,False,False,True,2020,descriptive_disagreement_audit,neutral_non_neutral,seed=5547; simple random sample from distinct-title label disagreements,pending student review,,,,
2022-04-14,GS,Financials,"Goldman Sachs Trounces Earnings Projections, Now What?",https://www.nasdaq.com/articles/goldman-sachs-trounces-earnings-projections-now-what,,"Goldman Sachs Trounces Earnings Projections, Now What?",2022-04-14,same_trading_day,0,0.0218183230608701,0.5614557862281799,0.4167259037494659,-0.5396374631673098,negative,0.0,neutral,False,False,True,2022,descriptive_disagreement_audit,neutral_non_neutral,seed=5547; simple random sample from distinct-title label disagreements,pending student review,,,,
2022-03-24,GS,Financials,Goldman Sachs poised to lead U.S. IPO of SoftBank's Arm -sources,https://www.nasdaq.com/articles/goldman-sachs-poised-to-lead-u.s.-ipo-of-softbanks-arm-sources,,Goldman Sachs poised to lead U.S. IPO of SoftBank's Arm -sources,2022-03-24,same_trading_day,0,0.0743617638945579,0.0130418557673692,0.9125964045524596,0.0613199081271886,neutral,0.25,positive,False,False,True,2022,descriptive_disagreement_audit,neutral_non_neutral,seed=5547; simple random sample from distinct-title label disagreements,pending student review,,,,
2023-11-06,O,RealEstate,Growth Stocks With Monthly Dividends: 7 Top Picks,https://www.nasdaq.com/articles/growth-stocks-with-monthly-dividends%3A-7-top-picks,,Growth Stocks With Monthly Dividends: 7 Top Picks,2023-11-06,same_trading_day,0,0.0693070665001869,0.026059940457344,0.9046330451965332,0.0432471260428428,neutral,0.5267,positive,False,False,True,2023,descriptive_disagreement_audit,neutral_non_neutral,seed=5547; simple random sample from distinct-title label disagreements,pending student review,,,,
2023-12-07,ABBV,Healthcare,"Health Care Sector Update for 12/07/2023: WBA, ABBV, CERE, JNJ, MRK, LLY, SLDB",https://www.nasdaq.com/articles/health-care-sector-update-for-12-07-2023%3A-wba-abbv-cere-jnj-mrk-lly-sldb,,"Health Care Sector Update for 12/07/2023: WBA, ABBV, CERE, JNJ, MRK, LLY, SLDB",2023-12-07,same_trading_day,0,0.0240557398647069,0.0258541982620954,0.9500900506973268,-0.0017984583973884,neutral,0.4939,positive,False,False,True,2023,descriptive_disagreement_audit,neutral_non_neutral,seed=5547; simple random sample from distinct-title label disagreements,pending student review,,,,
2022-08-17,AMT,RealEstate,Here's Why We Think American Tower (NYSE:AMT) Is Well Worth Watching,https://www.nasdaq.com/articles/heres-why-we-think-american-tower-nyse%3Aamt-is-well-worth-watching,,Here's Why We Think American Tower (NYSE:AMT) Is Well Worth Watching,2022-08-17,same_trading_day,0,0.3349449932575226,0.009592143818736,0.6554628014564514,0.3253528494387865,neutral,0.4588,positive,False,False,True,2022,descriptive_disagreement_audit,neutral_non_neutral,seed=5547; simple random sample from distinct-title label disagreements,pending student review,,,,
2022-06-29,NKE,Consumer,High-Quality Stocks to Buy That Are Trading Below Fair Value,https://www.nasdaq.com/articles/high-quality-stocks-to-buy-that-are-trading-below-fair-value,,High-Quality Stocks to Buy That Are Trading Below Fair Value,2022-06-29,same_trading_day,0,0.042499303817749,0.3664439618587494,0.5910567045211792,-0.3239446580410003,neutral,0.5719,positive,False,False,True,2022,descriptive_disagreement_audit,neutral_non_neutral,seed=5547; simple random sample from distinct-title label disagreements,pending student review,,,,
2020-03-10,GILD,Healthcare,How to Be Greedy When Others Are Fearful,https://www.nasdaq.com/articles/how-to-be-greedy-when-others-are-fearful-2020-03-10,,How to Be Greedy When Others Are Fearful,2020-03-10,same_trading_day,0,0.0366190187633037,0.0444534048438072,0.9189274907112122,-0.0078343860805034,neutral,-0.6705,negative,False,False,True,2020,descriptive_disagreement_audit,neutral_non_neutral,seed=5547; simple random sample from distinct-title label disagreements,pending student review,,,,
2022-03-16,XOM,Energy,"INSIGHT-For Dutch province, Ukraine war is a call to pump natural gas",https://www.nasdaq.com/articles/insight-for-dutch-province-ukraine-war-is-a-call-to-pump-natural-gas-0,,"INSIGHT-For Dutch province, Ukraine war is a call to pump natural gas",2022-03-16,same_trading_day,0,0.0629908591508865,0.0250840000808239,0.9119251370429992,0.0379068590700626,neutral,-0.34,negative,False,False,True,2022,descriptive_disagreement_audit,neutral_non_neutral,seed=5547; simple random sample from distinct-title label disagreements,pending student review,,,,
2022-03-23,QCOM,Tech,"IVW, TMO, JPM, QCOM: Large Outflows Detected at ETF",https://www.nasdaq.com/articles/ivw-tmo-jpm-qcom%3A-large-outflows-detected-at-etf,,"IVW, TMO, JPM, QCOM: Large Outflows Detected at ETF",2022-03-23,same_trading_day,0,0.3764359354972839,0.4035985469818115,0.2199655026197433,-0.0271626114845275,negative,0.0,neutral,False,False,True,2022,descriptive_disagreement_audit,neutral_non_neutral,seed=5547; simple random sample from distinct-title label disagreements,pending student review,,,,
2022-09-26,AMGN,Healthcare,"IWF, INTU, AMGN, LMT: ETF Inflow Alert",https://www.nasdaq.com/articles/iwf-intu-amgn-lmt%3A-etf-inflow-alert,,"IWF, INTU, AMGN, LMT: ETF Inflow Alert",2022-09-26,same_trading_day,0,0.0582907684147357,0.0154696526005864,0.926239550113678,0.0428211158141493,neutral,0.296,positive,False,False,True,2022,descriptive_disagreement_audit,neutral_non_neutral,seed=5547; simple random sample from distinct-title label disagreements,pending student review,,,,
2020-09-02,XOM,Energy,Imperial shuts Kearl oil sands operations after pipeline outage,https://www.nasdaq.com/articles/imperial-shuts-kearl-oil-sands-operations-after-pipeline-outage-2020-09-02,,Imperial shuts Kearl oil sands operations after pipeline outage,2020-09-02,same_trading_day,0,0.0091362344101071,0.935592234134674,0.0552714653313159,-0.9264559997245668,negative,0.0,neutral,False,False,True,2020,descriptive_disagreement_audit,neutral_non_neutral,seed=5547; simple random sample from distinct-title label disagreements,pending student review,,,,
2021-02-02,INTC,Tech,Intel a Top Socially Responsible Dividend Stock With 2.5% Yield (INTC),https://www.nasdaq.com/articles/intel-a-top-socially-responsible-dividend-stock-with-2.5-yield-intc-2021-02-02,,Intel a Top Socially Responsible Dividend Stock With 2.5% Yield (INTC),2021-02-02,same_trading_day,0,0.2209625840187072,0.0090883541852235,0.7699490785598755,0.2118742298334837,neutral,0.4767,positive,False,False,True,2021,descriptive_disagreement_audit,neutral_non_neutral,seed=5547; simple random sample from distinct-title label disagreements,pending student review,,,,
2023-06-18,INTC,Tech,"Intel to invest $25 bln in Israel factory in record deal, Netanyahu says",https://www.nasdaq.com/articles/intel-to-invest-%2425-bln-in-israel-factory-in-record-deal-netanyahu-says,,"Intel to invest $25 bln in Israel factory in record deal, Netanyahu says",2023-06-20,next_trading_day,2,0.825443685054779,0.0100030116736888,0.1645532697439193,0.8154406733810902,positive,0.0,neutral,False,False,True,2023,descriptive_disagreement_audit,neutral_non_neutral,seed=5547; simple random sample from distinct-title label disagreements,pending student review,,,,
2020-07-24,INTC,Tech,Intel's 7nm Chips Delayed At Least Until 2022 Or 2023,https://www.nasdaq.com/articles/intels-7nm-chips-delayed-at-least-until-2022-or-2023-2020-07-24,,Intel's 7nm Chips Delayed At Least Until 2022 Or 2023,2020-07-24,same_trading_day,0,0.0190051011741161,0.1203957498073577,0.8605992197990417,-0.1013906486332416,neutral,-0.2263,negative,False,False,True,2020,descriptive_disagreement_audit,neutral_non_neutral,seed=5547; simple random sample from distinct-title label disagreements,pending student review,,,,
2021-10-07,QCOM,Tech,Interesting QCOM Put And Call Options For November 26th,https://www.nasdaq.com/articles/interesting-qcom-put-and-call-options-for-november-26th-2021-10-07,,Interesting QCOM Put And Call Options For November 26th,2021-10-07,same_trading_day,0,0.0470897369086742,0.0259111709892749,0.926999032497406,0.0211785659193992,neutral,0.4019,positive,False,False,True,2021,descriptive_disagreement_audit,neutral_non_neutral,seed=5547; simple random sample from distinct-title label disagreements,pending student review,,,,
2021-09-09,SLB,Energy,Interesting SLB Put And Call Options For October 29th,https://www.nasdaq.com/articles/interesting-slb-put-and-call-options-for-october-29th-2021-09-09,,Interesting SLB Put And Call Options For October 29th,2021-09-09,same_trading_day,0,0.0399359874427318,0.0360043719410896,0.9240596294403076,0.0039316155016422,neutral,0.4019,positive,False,False,True,2021,descriptive_disagreement_audit,neutral_non_neutral,seed=5547; simple random sample from distinct-title label disagreements,pending student review,,,,
2020-11-25,WMT,Consumer,Interesting WMT Put And Call Options For January 2021,https://www.nasdaq.com/articles/interesting-wmt-put-and-call-options-for-january-2021-2020-11-25,,Interesting WMT Put And Call Options For January 2021,2020-11-25,same_trading_day,0,0.0313585549592971,0.0426363721489906,0.9260050058364868,-0.0112778171896934,neutral,0.4019,positive,False,False,True,2020,descriptive_disagreement_audit,neutral_non_neutral,seed=5547; simple random sample from distinct-title label disagreements,pending student review,,,,
2023-07-12,ADBE,Tech,Is Adobe (ADBE) Outperforming Other Computer and Technology Stocks This Year?,https://www.nasdaq.com/articles/is-adobe-adbe-outperforming-other-computer-and-technology-stocks-this-year,,Is Adobe (ADBE) Outperforming Other Computer and Technology Stocks This Year?,2023-07-12,same_trading_day,0,0.0751358121633529,0.8533632159233093,0.0715010166168212,-0.7782274037599564,negative,0.0,neutral,False,False,True,2023,descriptive_disagreement_audit,neutral_non_neutral,seed=5547; simple random sample from distinct-title label disagreements,pending student review,,,,
2020-05-14,WMT,Consumer,Is Costco a Great Dividend Stock?,https://www.nasdaq.com/articles/is-costco-a-great-dividend-stock-2020-05-14,,Is Costco a Great Dividend Stock?,2020-05-14,same_trading_day,0,0.1004018262028694,0.0123976385220885,0.8872005343437195,0.0880041876807808,neutral,0.6249,positive,False,False,True,2020,descriptive_disagreement_audit,neutral_non_neutral,seed=5547; simple random sample from distinct-title label disagreements,pending student review,,,,
2021-02-28,COP,Energy,Is EOG Stock Still Attractive?,https://www.nasdaq.com/articles/is-eog-stock-still-attractive-2021-02-28,,Is EOG Stock Still Attractive?,2021-03-01,next_trading_day,1,0.238139197230339,0.0229445025324821,0.7389163970947266,0.2151946946978569,neutral,0.4404,positive,False,False,True,2021,descriptive_disagreement_audit,neutral_non_neutral,seed=5547; simple random sample from distinct-title label disagreements,pending student review,,,,
2022-09-10,MRK,Healthcare,"Is It Smart To Buy Merck & Co., Inc. (NYSE:MRK) Before It Goes Ex-Dividend?",https://www.nasdaq.com/articles/is-it-smart-to-buy-merck-co.-inc.-nyse%3Amrk-before-it-goes-ex-dividend,,"Is It Smart To Buy Merck & Co., Inc. (NYSE:MRK) Before It Goes Ex-Dividend?",2022-09-12,next_trading_day,2,0.0375466756522655,0.0240102671086788,0.938443124294281,0.0135364085435867,neutral,0.4019,positive,False,False,True,2022,descriptive_disagreement_audit,neutral_non_neutral,seed=5547; simple random sample from distinct-title label disagreements,pending student review,,,,
2021-01-15,GILD,Healthcare,Is Novavax's Growth Story Over?,https://www.nasdaq.com/articles/is-novavaxs-growth-story-over-2021-01-15,,Is Novavax's Growth Story Over?,2021-01-15,same_trading_day,0,0.0877552554011344,0.1212235540151596,0.7910211086273193,-0.0334682986140251,neutral,0.3818,positive,False,False,True,2021,descriptive_disagreement_audit,neutral_non_neutral,seed=5547; simple random sample from distinct-title label disagreements,pending student review,,,,
2022-10-18,UPS,Industrials,Is a Beat in the Cards for United Parcel's (UPS) Q3 Earnings?,https://www.nasdaq.com/articles/is-a-beat-in-the-cards-for-united-parcels-ups-q3-earnings,,Is a Beat in the Cards for United Parcel's (UPS) Q3 Earnings?,2022-10-18,same_trading_day,0,0.1629998087882995,0.0390825569629669,0.7979176044464111,0.1239172518253326,neutral,0.4215,positive,False,False,True,2022,descriptive_disagreement_audit,neutral_non_neutral,seed=5547; simple random sample from distinct-title label disagreements,pending student review,,,,
2022-01-13,GS,Financials,JPMorgan Stock To Beat Consensus In Q4?,https://www.nasdaq.com/articles/jpmorgan-stock-to-beat-consensus-in-q4,,JPMorgan Stock To Beat Consensus In Q4?,2022-01-13,same_trading_day,0,0.915573000907898,0.0219292659312486,0.0624976865947246,0.8936437349766493,positive,0.0,neutral,False,False,True,2022,descriptive_disagreement_audit,neutral_non_neutral,seed=5547; simple random sample from distinct-title label disagreements,pending student review,,,,
2020-05-26,ADBE,Tech,Julian Robertson's Top –st-Quarter Trades,http://www.gurufocus.com/news/1147542/julian-robertsons-top-1stquarter-trades,GuruFocus,Julian Robertson's Top –st-Quarter Trades,2020-05-26,same_trading_day,0,0.0847276821732521,0.0742175802588462,0.8410546779632568,0.0105101019144058,neutral,0.2023,positive,False,False,True,2020,descriptive_disagreement_audit,neutral_non_neutral,seed=5547; simple random sample from distinct-title label disagreements,pending student review,,,,
2023-03-31,TMUS,Comm,Looking for Stocks with Positive Earnings Momentum? Check Out These 2 Computer and Technology Names,https://www.nasdaq.com/articles/looking-for-stocks-with-positive-earnings-momentum-check-out-these-2-computer-and,,Looking for Stocks with Positive Earnings Momentum? Check Out These 2 Computer and Technology Names,2023-03-31,same_trading_day,0,0.1338123083114624,0.0116791678592562,0.8545085787773132,0.1221331404522061,neutral,0.5574,positive,False,False,True,2023,descriptive_disagreement_audit,neutral_non_neutral,seed=5547; simple random sample from distinct-title label disagreements,pending student review,,,,
2020-06-11,OXY,Energy,"MKM Partners Initiates Coverage On Occidental Petroleum with Neutral Rating, Announces Price Target of $20",https://www.benzinga.com/news/20/06/16230865/mkm-partners-initiates-coverage-on-occidental-petroleum-with-neutral-rating-announces-price-target-o,Benzinga Newsdesk,"MKM Partners Initiates Coverage On Occidental Petroleum with Neutral Rating, Announces Price Target of $20",2020-06-11,same_trading_day,0,0.7334898114204407,0.0125031443312764,0.2540071010589599,0.7209866670891643,positive,0.0,neutral,False,False,True,2020,descriptive_disagreement_audit,neutral_non_neutral,seed=5547; simple random sample from distinct-title label disagreements,pending student review,,,,
2023-07-18,V,Financials,Mastercard (MA) & Geidea Partner to Drive Payment Innovation,https://www.nasdaq.com/articles/mastercard-ma-geidea-partner-to-drive-payment-innovation,,Mastercard (MA) & Geidea Partner to Drive Payment Innovation,2023-07-18,same_trading_day,0,0.2906924188137054,0.0069209653884172,0.7023866176605225,0.2837714534252882,neutral,0.3818,positive,False,False,True,2023,descriptive_disagreement_audit,neutral_non_neutral,seed=5547; simple random sample from distinct-title label disagreements,pending student review,,,,
2023-04-27,V,Financials,Mastercard's (MA) Q1 Earnings Beat on Expanding Payment Network,https://www.nasdaq.com/articles/mastercards-ma-q1-earnings-beat-on-expanding-payment-network,,Mastercard's (MA) Q1 Earnings Beat on Expanding Payment Network,2023-04-27,same_trading_day,0,0.9454755783081056,0.0187929887324571,0.0357314646244049,0.9266825895756484,positive,0.0,neutral,False,False,True,2023,descriptive_disagreement_audit,neutral_non_neutral,seed=5547; simple random sample from distinct-title label disagreements,pending student review,,,,
2022-12-09,MRK,Healthcare,Merck (MRK) Is Up 2.36% in One Week: What You Should Know,https://www.nasdaq.com/articles/merck-mrk-is-up-2.36-in-one-week%3A-what-you-should-know,,Merck (MRK) Is Up 2.36% in One Week: What You Should Know,2022-12-09,same_trading_day,0,0.8215813636779785,0.0131624555215239,0.1652561277151107,0.8084189081564546,positive,0.0,neutral,False,False,True,2022,descriptive_disagreement_audit,neutral_non_neutral,seed=5547; simple random sample from distinct-title label disagreements,pending student review,,,,
2021-10-05,MRK,Healthcare,Merck’s Good News Doesn’t End the Bullish Story for Novavax,https://www.nasdaq.com/articles/mercks-good-news-doesnt-end-the-bullish-story-for-novavax-2021-10-05,,Merck’s Good News Doesn’t End the Bullish Story for Novavax,2021-10-05,same_trading_day,0,0.2760539352893829,0.349630743265152,0.3743152916431427,-0.073576807975769,neutral,0.4404,positive,False,False,True,2021,descriptive_disagreement_audit,neutral_non_neutral,seed=5547; simple random sample from distinct-title label disagreements,pending student review,,,,
2022-06-21,NKE,Consumer,Michael Avenatti's remaining criminal charges to be dropped after guilty plea,https://www.nasdaq.com/articles/michael-avenattis-remaining-criminal-charges-to-be-dropped-after-guilty-plea,,Michael Avenatti's remaining criminal charges to be dropped after guilty plea,2022-06-21,same_trading_day,0,0.0638400316238403,0.4062792658805847,0.529880702495575,-0.3424392342567444,neutral,-0.8074,negative,False,False,True,2022,descriptive_disagreement_audit,neutral_non_neutral,seed=5547; simple random sample from distinct-title label disagreements,pending student review,,,,
2023-05-16,GS,Financials,Morgan Stanley (MS) to Raise Headcount in Paris to 500 by 2025,https://www.nasdaq.com/articles/morgan-stanley-ms-to-raise-headcount-in-paris-to-500-by-2025,,Morgan Stanley (MS) to Raise Headcount in Paris to 500 by 2025,2023-05-16,same_trading_day,0,0.8651238083839417,0.0090440530329942,0.125832200050354,0.8560797553509474,positive,0.0,neutral,False,False,True,2023,descriptive_disagreement_audit,neutral_non_neutral,seed=5547; simple random sample from distinct-title label disagreements,pending student review,,,,
2020-02-06,QCOM,Tech,"Morgan Stanley Maintains Equal-Weight on Qualcomm, Raises Price Target to $92",https://www.benzinga.com/news/20/02/15270084/morgan-stanley-maintains-equal-weight-on-qualcomm-raises-price-target-to-92,Vick Meyer,"Morgan Stanley Maintains Equal-Weight on Qualcomm, Raises Price Target to $92",2020-02-06,same_trading_day,0,0.8170333504676819,0.0116651356220245,0.1713015139102935,0.8053682148456573,positive,0.0,neutral,False,False,True,2020,descriptive_disagreement_audit,neutral_non_neutral,seed=5547; simple random sample from distinct-title label disagreements,pending student review,,,,
2023-10-03,MS,Financials,"Morgan Stanley's PREFERRED STOCK, SERIES K Shares Cross 6.5% Yield Mark",https://www.nasdaq.com/articles/morgan-stanleys-preferred-stock-series-k-shares-cross-6.5-yield-mark,,"Morgan Stanley's PREFERRED STOCK, SERIES K Shares Cross 6.5% Yield Mark",2023-10-03,same_trading_day,0,0.2790730893611908,0.0363114774227142,0.6846154928207397,0.2427616119384765,neutral,0.296,positive,False,False,True,2023,descriptive_disagreement_audit,neutral_non_neutral,seed=5547; simple random sample from distinct-title label disagreements,pending student review,,,,
2020-03-27,DIS,Consumer,"Most Active Equity Options For Midday - Friday, March 27",https://talkmarkets.com/content/most-active-equity-options-for-midday-friday-march-27?post=256342,TalkMarkets,"Most Active Equity Options For Midday - Friday, March 27",2020-03-27,same_trading_day,0,0.0339973121881485,0.0571708306670188,0.9088318347930908,-0.0231735184788703,neutral,0.4576,positive,False,False,True,2020,descriptive_disagreement_audit,neutral_non_neutral,seed=5547; simple random sample from distinct-title label disagreements,pending student review,,,,
2022-01-19,SBUX,Consumer,My 3 Favorite Dividend Stocks to Buy in 2022,https://www.nasdaq.com/articles/my-3-favorite-dividend-stocks-to-buy-in-2022,,My 3 Favorite Dividend Stocks to Buy in 2022,2022-01-19,same_trading_day,0,0.048810563981533,0.0150761697441339,0.9361132383346558,0.0337343942373991,neutral,0.4588,positive,False,False,True,2022,descriptive_disagreement_audit,neutral_non_neutral,seed=5547; simple random sample from distinct-title label disagreements,pending student review,,,,
2023-01-05,INTC,Tech,My Top 3 Dividend Stocks to Buy for 2023!,https://www.nasdaq.com/articles/my-top-3-dividend-stocks-to-buy-for-2023,,My Top 3 Dividend Stocks to Buy for 2023!,2023-01-05,same_trading_day,0,0.0838137418031692,0.0138496682047843,0.902336597442627,0.0699640735983848,neutral,0.2714,positive,False,False,True,2023,descriptive_disagreement_audit,neutral_non_neutral,seed=5547; simple random sample from distinct-title label disagreements,pending student review,,,,
2021-01-14,ABT,Healthcare,My Top 3 Large-Cap Stocks to Own in 2021,https://www.nasdaq.com/articles/my-top-3-large-cap-stocks-to-own-in-2021-2021-01-14,,My Top 3 Large-Cap Stocks to Own in 2021,2021-01-14,same_trading_day,0,0.1143116652965545,0.0104410052299499,0.8752473592758179,0.1038706600666046,neutral,0.2023,positive,False,False,True,2021,descriptive_disagreement_audit,neutral_non_neutral,seed=5547; simple random sample from distinct-title label disagreements,pending student review,,,,
2023-11-21,CMCSA,Comm,Nasdaq’s Hidden Deals: 3 Value Stocks to Buy Before the Rebound,https://www.nasdaq.com/articles/nasdaqs-hidden-deals%3A-3-value-stocks-to-buy-before-the-rebound,,Nasdaq’s Hidden Deals: 3 Value Stocks to Buy Before the Rebound,2023-11-21,same_trading_day,0,0.0340880565345287,0.0275719687342643,0.9383399486541748,0.0065160878002643,neutral,0.34,positive,False,False,True,2023,descriptive_disagreement_audit,neutral_non_neutral,seed=5547; simple random sample from distinct-title label disagreements,pending student review,,,,
2020-05-14,T,Comm,Netflix Kicks Off Robert Downey Jr.'s 'Sweet Tooth' Project With an 8-Episode Order,https://www.nasdaq.com/articles/netflix-kicks-off-robert-downey-jr.s-sweet-tooth-project-with-an-8-episode-order-2020-05,,Netflix Kicks Off Robert Downey Jr.'s 'Sweet Tooth' Project With an 8-Episode Order,2020-05-14,same_trading_day,0,0.2116654962301254,0.0806943997740745,0.7076401114463806,0.1309710964560508,neutral,0.4588,positive,False,False,True,2020,descriptive_disagreement_audit,neutral_non_neutral,seed=5547; simple random sample from distinct-title label disagreements,pending student review,,,,
2022-10-18,WMT,Consumer,"New Mexico presses opioid case vs Walgreens after settling with Walmart, Kroger",https://www.nasdaq.com/articles/new-mexico-presses-opioid-case-vs-walgreens-after-settling-with-walmart-kroger,,"New Mexico presses opioid case vs Walgreens after settling with Walmart, Kroger",2022-10-18,same_trading_day,0,0.1152053102850914,0.521001398563385,0.3637932240962982,-0.4057960882782936,negative,0.0,neutral,False,False,True,2022,descriptive_disagreement_audit,neutral_non_neutral,seed=5547; simple random sample from distinct-title label disagreements,pending student review,,,,
2023-10-04,NKE,Consumer,"Nike Beat Expectations in Q1, but There Are 3 Red Flags Investors Shouldn't Ignore",https://www.nasdaq.com/articles/nike-beat-expectations-in-q1-but-there-are-3-red-flags-investors-shouldnt-ignore,,"Nike Beat Expectations in Q1, but There Are 3 Red Flags Investors Shouldn't Ignore",2023-10-04,same_trading_day,0,0.0852153971791267,0.3400290608406067,0.5747555494308472,-0.2548136636614799,neutral,0.395,positive,False,False,True,2023,descriptive_disagreement_audit,neutral_non_neutral,seed=5547; simple random sample from distinct-title label disagreements,pending student review,,,,
2020-12-11,NKE,Consumer,"Nike Has a 27% Upside Potential, New Analyst Says",https://www.nasdaq.com/articles/nike-has-a-27-upside-potential-new-analyst-says-2020-12-11,,"Nike Has a 27% Upside Potential, New Analyst Says",2020-12-11,same_trading_day,0,0.9240366220474244,0.0211211219429969,0.0548422038555145,0.9029155001044272,positive,0.0,neutral,False,False,True,2020,descriptive_disagreement_audit,neutral_non_neutral,seed=5547; simple random sample from distinct-title label disagreements,pending student review,,,,
2022-06-16,NUE,Materials,Nucor Keeps Putting Its Windfall Profits to Good Use,https://www.nasdaq.com/articles/nucor-keeps-putting-its-windfall-profits-to-good-use,,Nucor Keeps Putting Its Windfall Profits to Good Use,2022-06-16,same_trading_day,0,0.4793873429298401,0.0213181376457214,0.4992944896221161,0.4580692052841186,neutral,0.7003,positive,False,False,True,2022,descriptive_disagreement_audit,neutral_non_neutral,seed=5547; simple random sample from distinct-title label disagreements,pending student review,,,,
2023-11-18,NVDA,Tech,Nvidia Challenger in the Making? A Look Into Arm's First Post-IPO Earnings,https://www.nasdaq.com/articles/nvidia-challenger-in-the-making-a-look-into-arms-first-post-ipo-earnings,,Nvidia Challenger in the Making? A Look Into Arm's First Post-IPO Earnings,2023-11-20,next_trading_day,2,0.0540082938969135,0.0162103231996297,0.9297813177108764,0.0377979706972837,neutral,0.128,positive,False,False,True,2023,descriptive_disagreement_audit,neutral_non_neutral,seed=5547; simple random sample from distinct-title label disagreements,pending student review,,,,
2023-07-07,SLB,Energy,"Petrobras (PBR), SLB Sign a Five-Year Digitalization Contract",https://www.nasdaq.com/articles/petrobras-pbr-slb-sign-a-five-year-digitalization-contract,,"Petrobras (PBR), SLB Sign a Five-Year Digitalization Contract",2023-07-07,same_trading_day,0,0.7181751728057861,0.0078823771327734,0.2739424407482147,0.7102927956730127,positive,0.0,neutral,False,False,True,2023,descriptive_disagreement_audit,neutral_non_neutral,seed=5547; simple random sample from distinct-title label disagreements,pending student review,,,,
2022-02-10,AMD,Tech,"Pre-Market Most Active for Feb 10, 2022 : IRNT, TWTR, BBD, WFC, JPM, C, AMD, SQQQ, TQQQ, DDOG, HBAN, DCFC",https://www.nasdaq.com/articles/pre-market-most-active-for-feb-10-2022-%3A-irnt-twtr-bbd-wfc-jpm-c-amd-sqqq-tqqq-ddog-hban,,"Pre-Market Most Active for Feb 10, 2022 : IRNT, TWTR, BBD, WFC, JPM, C, AMD, SQQQ, TQQQ, DDOG, HBAN, DCFC",2022-02-10,same_trading_day,0,0.0281738229095935,0.0195538084954023,0.9522724747657776,0.0086200144141912,neutral,0.4576,positive,False,False,True,2022,descriptive_disagreement_audit,neutral_non_neutral,seed=5547; simple random sample from distinct-title label disagreements,pending student review,,,,
2021-07-01,CCI,RealEstate,"Pre-Market Most Active for Jul 1, 2021 : DIDI, MRIN, NIO, AEG, XPEV, SQQQ, GRUB, TRUE, CPOP, QQQ, ISOS, CCIV",https://www.nasdaq.com/articles/pre-market-most-active-for-jul-1-2021-%3A-didi-mrin-nio-aeg-xpev-sqqq-grub-true-cpop-qqq,,"Pre-Market Most Active for Jul 1, 2021 : DIDI, MRIN, NIO, AEG, XPEV, SQQQ, GRUB, TRUE, CPOP, QQQ, ISOS, CCIV",2021-07-01,same_trading_day,0,0.0342618636786937,0.0160102639347314,0.9497278332710266,0.0182515997439622,neutral,0.7598,positive,False,False,True,2021,descriptive_disagreement_audit,neutral_non_neutral,seed=5547; simple random sample from distinct-title label disagreements,pending student review,,,,
2020-04-30,PSA,RealEstate,Public Storage Q1 adjusted earnings Beat Estimates,https://www.nasdaq.com/articles/public-storage-q1-adjusted-earnings-beat-estimates-2020-04-30,,Public Storage Q1 adjusted earnings Beat Estimates,2020-04-30,same_trading_day,0,0.7709072232246399,0.1773731559514999,0.0517195500433445,0.59353406727314,positive,0.0,neutral,False,False,True,2020,descriptive_disagreement_audit,neutral_non_neutral,seed=5547; simple random sample from distinct-title label disagreements,pending student review,,,,
2022-09-14,GE,Industrials,Raytheon CEO sees some Pratt & Whitney engine deliveries slipping into next year,https://www.nasdaq.com/articles/raytheon-ceo-sees-some-pratt-whitney-engine-deliveries-slipping-into-next-year,,Raytheon CEO sees some Pratt & Whitney engine deliveries slipping into next year,2022-09-14,same_trading_day,0,0.8287689685821533,0.1005176976323127,0.0707133337855339,0.7282512709498405,positive,0.0,neutral,False,False,True,2022,descriptive_disagreement_audit,neutral_non_neutral,seed=5547; simple random sample from distinct-title label disagreements,pending student review,,,,
2020-08-04,O,RealEstate,Realty Income Posts a Mixed Q2,https://www.nasdaq.com/articles/realty-income-posts-a-mixed-q2-2020-08-05,,Realty Income Posts a Mixed Q2,2020-08-04,same_trading_day,0,0.0473470985889434,0.9388251304626464,0.0138277504593133,-0.891478031873703,negative,0.0,neutral,False,False,True,2020,descriptive_disagreement_audit,neutral_non_neutral,seed=5547; simple random sample from distinct-title label disagreements,pending student review,,,,
2020-09-10,GE,Industrials,S.Africa's Transnet considers lifting Chinese engine contract suspension,https://www.nasdaq.com/articles/s.africas-transnet-considers-lifting-chinese-engine-contract-suspension-2020-09-10,,S.Africa's Transnet considers lifting Chinese engine contract suspension,2020-09-10,same_trading_day,0,0.1877986192703247,0.4682809114456177,0.3439204692840576,-0.2804822921752929,negative,0.0,neutral,False,False,True,2020,descriptive_disagreement_audit,neutral_non_neutral,seed=5547; simple random sample from distinct-title label disagreements,pending student review,,,,
2022-02-10,XOM,Energy,"SDY, ZSL: Big ETF Outflows",https://www.nasdaq.com/articles/sdy-zsl%3A-big-etf-outflows,,"SDY, ZSL: Big ETF Outflows",2022-02-10,same_trading_day,0,0.2857077121734619,0.6213107109069824,0.0929815992712974,-0.3356029987335205,negative,0.0,neutral,False,False,True,2022,descriptive_disagreement_audit,neutral_non_neutral,seed=5547; simple random sample from distinct-title label disagreements,pending student review,,,,
2022-09-08,AEP,Utilities,"SPLV, DTE, AEP, AEE: Large Outflows Detected at ETF",https://www.nasdaq.com/articles/splv-dte-aep-aee%3A-large-outflows-detected-at-etf,,"SPLV, DTE, AEP, AEE: Large Outflows Detected at ETF",2022-09-08,same_trading_day,0,0.1306175589561462,0.6110730767250061,0.25830939412117,-0.4804555177688598,negative,0.0,neutral,False,False,True,2022,descriptive_disagreement_audit,neutral_non_neutral,seed=5547; simple random sample from distinct-title label disagreements,pending student review,,,,
2023-03-23,KO,Consumer,"Samsara is an IoT, Big Data, and AI Triple Threat",https://www.nasdaq.com/articles/samsara-is-an-iot-big-data-and-ai-triple-threat,,"Samsara is an IoT, Big Data, and AI Triple Threat",2023-03-23,same_trading_day,0,0.0476851984858512,0.0269649941474199,0.9253498315811156,0.0207202043384313,neutral,-0.5267,negative,False,False,True,2023,descriptive_disagreement_audit,neutral_non_neutral,seed=5547; simple random sample from distinct-title label disagreements,pending student review,,,,
2023-03-14,XOM,Energy,Should Vanguard Mega Cap Value ETF (MGV) Be on Your Investing Radar?,https://www.nasdaq.com/articles/should-vanguard-mega-cap-value-etf-mgv-be-on-your-investing-radar-6,,Should Vanguard Mega Cap Value ETF (MGV) Be on Your Investing Radar?,2023-03-14,same_trading_day,0,0.0772909522056579,0.0147455539554357,0.9079635739326476,0.0625453982502222,neutral,0.34,positive,False,False,True,2023,descriptive_disagreement_audit,neutral_non_neutral,seed=5547; simple random sample from distinct-title label disagreements,pending student review,,,,
2022-02-23,AMD,Tech,Should You Invest in the First Trust NASDAQ100Technology Sector ETF (QTEC)?,https://www.nasdaq.com/articles/should-you-invest-in-the-first-trust-nasdaq100technology-sector-etf-qtec-0,,Should You Invest in the First Trust NASDAQ100Technology Sector ETF (QTEC)?,2022-02-23,same_trading_day,0,0.1032563298940658,0.0084910718724131,0.8882526159286499,0.0947652580216527,neutral,0.5106,positive,False,False,True,2022,descriptive_disagreement_audit,neutral_non_neutral,seed=5547; simple random sample from distinct-title label disagreements,pending student review,,,,
2022-03-01,OXY,Energy,Should You Invest in the Invesco Dynamic Energy Exploration & Production ETF (PXE)?,https://www.nasdaq.com/articles/should-you-invest-in-the-invesco-dynamic-energy-exploration-production-etf-pxe,,Should You Invest in the Invesco Dynamic Energy Exploration & Production ETF (PXE)?,2022-03-01,same_trading_day,0,0.0723516047000885,0.0098404278978705,0.9178079962730408,0.0625111768022179,neutral,0.6808,positive,False,False,True,2022,descriptive_disagreement_audit,neutral_non_neutral,seed=5547; simple random sample from distinct-title label disagreements,pending student review,,,,
2020-06-26,BA,Industrials,Spirit AeroSystems extends Boeing 737 furloughs through August 14,https://www.nasdaq.com/articles/spirit-aerosystems-extends-boeing-737-furloughs-through-august-14-2020-06-26,,Spirit AeroSystems extends Boeing 737 furloughs through August 14,2020-06-26,same_trading_day,0,0.0495452731847763,0.1353865414857864,0.815068244934082,-0.0858412683010101,neutral,0.296,positive,False,False,True,2020,descriptive_disagreement_audit,neutral_non_neutral,seed=5547; simple random sample from distinct-title label disagreements,pending student review,,,,
2020-10-27,V,Financials,Square Bought $50 Million Worth of Bitcoin: What Does it Mean to Investors?,https://www.nasdaq.com/articles/square-bought-%2450-million-worth-of-bitcoin%3A-what-does-it-mean-to-investors-2020-10-27,,Square Bought $50 Million Worth of Bitcoin: What Does it Mean to Investors?,2020-10-27,same_trading_day,0,0.0441041179001331,0.0291985161602497,0.9266974329948424,0.0149056017398834,neutral,0.2263,positive,False,False,True,2020,descriptive_disagreement_audit,neutral_non_neutral,seed=5547; simple random sample from distinct-title label disagreements,pending student review,,,,
2021-04-27,SBUX,Consumer,Starbucks Falls After Hours on Q2 Results,https://www.nasdaq.com/articles/starbucks-falls-after-hours-on-q2-results-2021-04-28,,Starbucks Falls After Hours on Q2 Results,2021-04-27,same_trading_day,0,0.0112288407981395,0.9587615132331848,0.0300096832215785,-0.9475326724350452,negative,0.0,neutral,False,False,True,2021,descriptive_disagreement_audit,neutral_non_neutral,seed=5547; simple random sample from distinct-title label disagreements,pending student review,,,,
2020-01-17,USB,Financials,State Street (STT) Q4 Earnings Top Estimates on Cost Savings,http://www.zacks.com/stock/news/722452/state-street-stt-q4-earnings-top-estimates-on-cost-savings?cid=CS-BENZ-FT-analyst_blog|earnings_article-722452,Zacks,State Street (STT) Q4 Earnings Top Estimates on Cost Savings,2020-01-17,same_trading_day,0,0.0616686604917049,0.0757582858204841,0.8625730276107788,-0.0140896253287792,neutral,0.2023,positive,False,False,True,2020,descriptive_disagreement_audit,neutral_non_neutral,seed=5547; simple random sample from distinct-title label disagreements,pending student review,,,,
2023-02-07,PLD,RealEstate,State Street Increases Position in Prologis (PLD),https://www.nasdaq.com/articles/state-street-increases-position-in-prologis-pld,,State Street Increases Position in Prologis (PLD),2023-02-07,same_trading_day,0,0.90202134847641,0.0257112346589565,0.0722674876451492,0.8763101138174534,positive,0.0,neutral,False,False,True,2023,descriptive_disagreement_audit,neutral_non_neutral,seed=5547; simple random sample from distinct-title label disagreements,pending student review,,,,
2023-03-02,CMCSA,Comm,Streaming Fatigue Makes This Growth Stock a Screaming Buy Right Now,https://www.nasdaq.com/articles/streaming-fatigue-makes-this-growth-stock-a-screaming-buy-right-now,,Streaming Fatigue Makes This Growth Stock a Screaming Buy Right Now,2023-03-02,same_trading_day,0,0.1602642983198166,0.0718395486474037,0.7678961157798767,0.0884247496724128,neutral,-0.25,negative,False,False,True,2023,descriptive_disagreement_audit,neutral_non_neutral,seed=5547; simple random sample from distinct-title label disagreements,pending student review,,,,
2020-08-04,GILD,Healthcare,Sun Pharma latest to sell COVID-19 drug favipiravir in India,https://www.nasdaq.com/articles/sun-pharma-latest-to-sell-covid-19-drug-favipiravir-in-india-2020-08-04,,Sun Pharma latest to sell COVID-19 drug favipiravir in India,2020-08-04,same_trading_day,0,0.6226349472999573,0.0098415948450565,0.3675235509872436,0.6127933524549007,positive,0.0,neutral,False,False,True,2020,descriptive_disagreement_audit,neutral_non_neutral,seed=5547; simple random sample from distinct-title label disagreements,pending student review,,,,
2020-02-03,CAT,Industrials,"Surprise, Surprise: Stocks Wearing Their Rally Hats Despite China Market Tanking",https://www.benzinga.com/news/earnings/20/02/15236843/surprise-surprise-stocks-wearing-their-rally-hats-despite-china-market-tanking,JJ Kinahan,"Surprise, Surprise: Stocks Wearing Their Rally Hats Despite China Market Tanking",2020-02-03,same_trading_day,0,0.1974773108959198,0.2585354149341583,0.5439872741699219,-0.0610581040382385,neutral,0.4939,positive,False,False,True,2020,descriptive_disagreement_audit,neutral_non_neutral,seed=5547; simple random sample from distinct-title label disagreements,pending student review,,,,
2022-11-23,WMT,Consumer,Target vs. Walmart Stock: Which Is the Better Bear Market Buy?,https://www.nasdaq.com/articles/target-vs.-walmart-stock%3A-which-is-the-better-bear-market-buy,,Target vs. Walmart Stock: Which Is the Better Bear Market Buy?,2022-11-23,same_trading_day,0,0.047193206846714,0.0331760346889495,0.919630765914917,0.0140171721577644,neutral,0.4404,positive,False,False,True,2022,descriptive_disagreement_audit,neutral_non_neutral,seed=5547; simple random sample from distinct-title label disagreements,pending student review,,,,
2020-05-01,DIS,Consumer,Tech Sector Shows its Earnings Power,http://www.zacks.com/commentary/911940/tech-sector-shows-its-earnings-power?cid=CS-BENZ-FT-earnings_preview-911940,Zacks,Tech Sector Shows its Earnings Power,2020-05-01,same_trading_day,0,0.8195907473564148,0.0261393673717975,0.1542698740959167,0.7934513799846172,positive,0.0,neutral,False,False,True,2020,descriptive_disagreement_audit,neutral_non_neutral,seed=5547; simple random sample from distinct-title label disagreements,pending student review,,,,
2022-02-26,PLD,RealEstate,The 1 REIT I Really Want to Own in 2022,https://www.nasdaq.com/articles/the-1-reit-i-really-want-to-own-in-2022,,The 1 REIT I Really Want to Own in 2022,2022-02-28,next_trading_day,2,0.05746715888381,0.0117263961583375,0.9308063983917236,0.0457407627254724,neutral,0.1513,positive,False,False,True,2022,descriptive_disagreement_audit,neutral_non_neutral,seed=5547; simple random sample from distinct-title label disagreements,pending student review,,,,
2023-07-06,DUK,Utilities,The 3 Best Defensive Stocks to Buy Now (and Never Sell),https://www.nasdaq.com/articles/the-3-best-defensive-stocks-to-buy-now-and-never-sell,,The 3 Best Defensive Stocks to Buy Now (and Never Sell),2023-07-06,same_trading_day,0,0.0779276639223098,0.0215431842952966,0.900529146194458,0.0563844796270132,neutral,0.6486,positive,False,False,True,2023,descriptive_disagreement_audit,neutral_non_neutral,seed=5547; simple random sample from distinct-title label disagreements,pending student review,,,,
2022-05-15,AMD,Tech,The 7 Best Long-Term Stocks to Buy Now,https://www.nasdaq.com/articles/the-7-best-long-term-stocks-to-buy-now,,The 7 Best Long-Term Stocks to Buy Now,2022-05-16,next_trading_day,1,0.1061229556798935,0.0193348247557878,0.874542236328125,0.0867881309241056,neutral,0.6369,positive,False,False,True,2022,descriptive_disagreement_audit,neutral_non_neutral,seed=5547; simple random sample from distinct-title label disagreements,pending student review,,,,
2023-04-20,MS,Financials,The Biggest U.S. Banks Aren't Facing SVB-Like Liquidity Crisis After All,https://www.nasdaq.com/articles/the-biggest-u.s.-banks-arent-facing-svb-like-liquidity-crisis-after-all,,The Biggest U.S. Banks Aren't Facing SVB-Like Liquidity Crisis After All,2023-04-20,same_trading_day,0,0.096759982407093,0.2186069786548614,0.6846330165863037,-0.1218469962477684,neutral,-0.6249,negative,False,False,True,2023,descriptive_disagreement_audit,neutral_non_neutral,seed=5547; simple random sample from distinct-title label disagreements,pending student review,,,,
2022-03-30,T,Comm,The Smartest Stocks to Buy With $300 on the Dip,https://www.nasdaq.com/articles/the-smartest-stocks-to-buy-with-%24300-on-the-dip,,The Smartest Stocks to Buy With $300 on the Dip,2022-03-30,same_trading_day,0,0.2002096176147461,0.0192065201699733,0.780583918094635,0.1810030974447727,neutral,0.6124,positive,False,False,True,2022,descriptive_disagreement_audit,neutral_non_neutral,seed=5547; simple random sample from distinct-title label disagreements,pending student review,,,,
2023-01-04,ABBV,Healthcare,These 2 Cheap Dividend Stocks Yield More Than 3% -- and They Beat the Market Last Year,https://www.nasdaq.com/articles/these-2-cheap-dividend-stocks-yield-more-than-3-and-they-beat-the-market-last-year,,These 2 Cheap Dividend Stocks Yield More Than 3% -- and They Beat the Market Last Year,2023-01-04,same_trading_day,0,0.8914541006088257,0.0110563272610306,0.0974896624684333,0.880397773347795,positive,0.0,neutral,False,False,True,2023,descriptive_disagreement_audit,neutral_non_neutral,seed=5547; simple random sample from distinct-title label disagreements,pending student review,,,,
2021-03-30,CMCSA,Comm,These 2 Media Stocks Have Dropped Close to 50% -- Time to Buy?,https://www.nasdaq.com/articles/these-2-media-stocks-have-dropped-close-to-50-time-to-buy-2021-03-30,,These 2 Media Stocks Have Dropped Close to 50% -- Time to Buy?,2021-03-30,same_trading_day,0,0.0109010757878422,0.94296795129776,0.0461310036480426,-0.9320668755099176,negative,0.0,neutral,False,False,True,2021,descriptive_disagreement_audit,neutral_non_neutral,seed=5547; simple random sample from distinct-title label disagreements,pending student review,,,,
2020-11-26,GILD,Healthcare,"This Biotech Is Up 1,500% This Year. Can It Make You Rich in 2021?",https://www.nasdaq.com/articles/this-biotech-is-up-1500-this-year.-can-it-make-you-rich-in-2021-2020-11-26,,"This Biotech Is Up 1,500% This Year. Can It Make You Rich in 2021?",2020-11-27,next_trading_day,1,0.4045953452587127,0.0105648962780833,0.5848397016525269,0.3940304489806294,neutral,0.5574,positive,False,False,True,2020,descriptive_disagreement_audit,neutral_non_neutral,seed=5547; simple random sample from distinct-title label disagreements,pending student review,,,,
2020-03-31,D,Utilities,Top ETF Stories of First Quarter,http://www.zacks.com/stock/news/847274/top-etf-stories-of-first-quarter?cid=CS-BENZ-FT-etf_news_and_commentary-847274,Zacks,Top ETF Stories of First Quarter,2020-03-31,same_trading_day,0,0.0360172502696514,0.059428296983242,0.9045544266700744,-0.0234110467135906,neutral,0.2023,positive,False,False,True,2020,descriptive_disagreement_audit,neutral_non_neutral,seed=5547; simple random sample from distinct-title label disagreements,pending student review,,,,
2021-06-17,NUE,Materials,Top Stocks To Invest In Now? 3 Inflation Stocks For Your Watchlist,https://www.nasdaq.com/articles/top-stocks-to-invest-in-now-3-inflation-stocks-for-your-watchlist-2021-06-17,,Top Stocks To Invest In Now? 3 Inflation Stocks For Your Watchlist,2021-06-17,same_trading_day,0,0.0352190993726253,0.0214873906224966,0.9432934522628784,0.0137317087501287,neutral,0.2023,positive,False,False,True,2021,descriptive_disagreement_audit,neutral_non_neutral,seed=5547; simple random sample from distinct-title label disagreements,pending student review,,,,
2023-07-10,XOM,Energy,TotalEnergies (TTE) & Sonatrach to Promote Renewables Usage,https://www.nasdaq.com/articles/totalenergies-tte-sonatrach-to-promote-renewables-usage,,TotalEnergies (TTE) & Sonatrach to Promote Renewables Usage,2023-07-10,same_trading_day,0,0.200446680188179,0.0066264593042433,0.7929268479347229,0.1938202208839357,neutral,0.3818,positive,False,False,True,2023,descriptive_disagreement_audit,neutral_non_neutral,seed=5547; simple random sample from distinct-title label disagreements,pending student review,,,,
2022-02-15,GILD,Healthcare,Tracking Gilead's 4 Big Stories and a Lawsuit in 2022,https://www.nasdaq.com/articles/tracking-gileads-4-big-stories-and-a-lawsuit-in-2022,,Tracking Gilead's 4 Big Stories and a Lawsuit in 2022,2022-02-15,same_trading_day,0,0.0316284149885177,0.0592299103736877,0.9091416597366332,-0.0276014953851699,neutral,-0.2263,negative,False,False,True,2022,descriptive_disagreement_audit,neutral_non_neutral,seed=5547; simple random sample from distinct-title label disagreements,pending student review,,,,
2023-05-23,NUE,Materials,U.S. Steel (X) Closes Financing of $240M for Big River 2,https://www.nasdaq.com/articles/u.s.-steel-x-closes-financing-of-%24240m-for-big-river-2,,U.S. Steel (X) Closes Financing of $240M for Big River 2,2023-05-23,same_trading_day,0,0.6480128765106201,0.0112657165154814,0.34072145819664,0.6367471599951386,positive,0.0,neutral,False,False,True,2023,descriptive_disagreement_audit,neutral_non_neutral,seed=5547; simple random sample from distinct-title label disagreements,pending student review,,,,
2022-01-28,CMCSA,Comm,U.S. appeals court will not block California net neutrality law,https://www.nasdaq.com/articles/u.s.-appeals-court-will-not-block-california-net-neutrality-law,,U.S. appeals court will not block California net neutrality law,2022-01-28,same_trading_day,0,0.0471967905759811,0.1884058564901352,0.764397382736206,-0.141209065914154,neutral,0.3412,positive,False,False,True,2022,descriptive_disagreement_audit,neutral_non_neutral,seed=5547; simple random sample from distinct-title label disagreements,pending student review,,,,
2022-04-25,COP,Energy,U.S. ditches Trump-era policies for Arctic Alaska oil reserve,https://www.nasdaq.com/articles/u.s.-ditches-trump-era-policies-for-arctic-alaska-oil-reserve,,U.S. ditches Trump-era policies for Arctic Alaska oil reserve,2022-04-25,same_trading_day,0,0.0241537764668464,0.8891912698745728,0.0866549760103225,-0.8650374934077263,negative,0.0,neutral,False,False,True,2022,descriptive_disagreement_audit,neutral_non_neutral,seed=5547; simple random sample from distinct-title label disagreements,pending student review,,,,
2021-03-31,ABT,Healthcare,U.S. okays Abbott's rapid COVID-19 test for at-home screenings in those without symptoms,https://www.nasdaq.com/articles/u.s.-okays-abbotts-rapid-covid-19-test-for-at-home-screenings-in-those-without-symptoms,,U.S. okays Abbott's rapid COVID-19 test for at-home screenings in those without symptoms,2021-03-31,same_trading_day,0,0.3861247599124908,0.031298454850912,0.5825768113136292,0.3548263050615787,neutral,0.4767,positive,False,False,True,2021,descriptive_disagreement_audit,neutral_non_neutral,seed=5547; simple random sample from distinct-title label disagreements,pending student review,,,,
2022-04-26,GILD,Healthcare,U.S. to widen COVID antiviral pill distribution,https://www.nasdaq.com/articles/u.s.-to-widen-covid-antiviral-pill-distribution,,U.S. to widen COVID antiviral pill distribution,2022-04-26,same_trading_day,0,0.8788910508155823,0.0176572147756814,0.1034517213702201,0.8612338360399008,positive,0.0,neutral,False,False,True,2022,descriptive_disagreement_audit,neutral_non_neutral,seed=5547; simple random sample from distinct-title label disagreements,pending student review,,,,
2020-01-29,SBUX,Consumer,UPDATE: Stephens & Co On Starbucks Also Notes 'comps in both the Americas and International get noticeably harder in the back half of FY20.',https://www.benzinga.com/analyst-ratings/analyst-color/20/01/15209776/update-stephens-co-on-starbucks-also-notes-comps-in-both-the-americas-and-internati,Benzinga Newsdesk,UPDATE: Stephens & Co On Starbucks Also Notes 'comps in both the Americas and International get noticeably harder in the back half of FY20.',2020-01-29,same_trading_day,0,0.0368996635079383,0.9464839696884156,0.0166163314133882,-0.9095843061804773,negative,0.0,neutral,False,False,True,2020,descriptive_disagreement_audit,neutral_non_neutral,seed=5547; simple random sample from distinct-title label disagreements,pending student review,,,,
2023-01-31,UPS,Industrials,"UPS Q4 Profit Beats Market; Sees Weak Revenues, Margin In FY23; Plans Dividend, $5 Bln Buyback",https://www.nasdaq.com/articles/ups-q4-profit-beats-market-sees-weak-revenues-margin-in-fy23-plans-dividend-%245-bln-buyback,,"UPS Q4 Profit Beats Market; Sees Weak Revenues, Margin In FY23; Plans Dividend, $5 Bln Buyback",2023-01-31,same_trading_day,0,0.0143724707886576,0.964375615119934,0.02125184237957,-0.9500031443312764,negative,0.0,neutral,False,False,True,2023,descriptive_disagreement_audit,neutral_non_neutral,seed=5547; simple random sample from distinct-title label disagreements,pending student review,,,,
2021-06-09,UPS,Industrials,UPS' Revenue Could Cross $100 Billion by 2023,https://www.nasdaq.com/articles/ups-revenue-could-cross-%24100-billion-by-2023-2021-06-09,,UPS' Revenue Could Cross $100 Billion by 2023,2021-06-09,same_trading_day,0,0.6670035123825073,0.0079106520861387,0.3250857889652252,0.6590928602963686,positive,0.0,neutral,False,False,True,2021,descriptive_disagreement_audit,neutral_non_neutral,seed=5547; simple random sample from distinct-title label disagreements,pending student review,,,,
2021-03-08,DIS,Consumer,US STOCKS-Dow advances as stimulus bill nears finish line,https://www.nasdaq.com/articles/us-stocks-dow-advances-as-stimulus-bill-nears-finish-line-2021-03-08,,US STOCKS-Dow advances as stimulus bill nears finish line,2021-03-08,same_trading_day,0,0.8133874535560608,0.1126842722296714,0.0739282518625259,0.7007031813263893,positive,0.0,neutral,False,False,True,2021,descriptive_disagreement_audit,neutral_non_neutral,seed=5547; simple random sample from distinct-title label disagreements,pending student review,,,,
2023-12-11,AMD,Tech,"US STOCKS-S&P 500, Dow futures muted ahead of inflation data, earnings",https://www.nasdaq.com/articles/us-stocks-sp-500-dow-futures-muted-ahead-of-inflation-data-earnings,,"US STOCKS-S&P 500, Dow futures muted ahead of inflation data, earnings",2023-12-11,same_trading_day,0,0.0428114086389541,0.660311222076416,0.296877384185791,-0.6174998134374619,negative,0.0,neutral,False,False,True,2023,descriptive_disagreement_audit,neutral_non_neutral,seed=5547; simple random sample from distinct-title label disagreements,pending student review,,,,
2023-07-04,GE,Industrials,Uganda seeks new funding for oil refinery after consortium deal lapses,https://www.nasdaq.com/articles/uganda-seeks-new-funding-for-oil-refinery-after-consortium-deal-lapses,,Uganda seeks new funding for oil refinery after consortium deal lapses,2023-07-05,next_trading_day,1,0.3935486078262329,0.4415548741817474,0.164896622300148,-0.0480062663555145,negative,0.0,neutral,False,False,True,2023,descriptive_disagreement_audit,neutral_non_neutral,seed=5547; simple random sample from distinct-title label disagreements,pending student review,,,,
2022-03-07,UPS,Industrials,United Parcel Service (UPS) Shares Cross 3% Yield Mark,https://www.nasdaq.com/articles/united-parcel-service-ups-shares-cross-3-yield-mark,,United Parcel Service (UPS) Shares Cross 3% Yield Mark,2022-03-07,same_trading_day,0,0.1464193314313888,0.0303868521004915,0.8231937885284424,0.1160324793308973,neutral,0.6124,positive,False,False,True,2022,descriptive_disagreement_audit,neutral_non_neutral,seed=5547; simple random sample from distinct-title label disagreements,pending student review,,,,
2021-12-26,NKE,Consumer,Validea's Top Five Consumer Cyclical Stocks Based On Warren Buffett - 12/26/2021,https://www.nasdaq.com/articles/valideas-top-five-consumer-cyclical-stocks-based-on-warren-buffett-12-26-2021,,Validea's Top Five Consumer Cyclical Stocks Based On Warren Buffett - 12/26/2021,2021-12-27,next_trading_day,1,0.0484492629766464,0.0233534350991249,0.9281973838806152,0.0250958278775215,neutral,0.2023,positive,False,False,True,2021,descriptive_disagreement_audit,neutral_non_neutral,seed=5547; simple random sample from distinct-title label disagreements,pending student review,,,,
2020-10-12,DIS,Consumer,ViacomCBS Stock Up 160% But Full Recovery Is Not Yet Complete,https://www.nasdaq.com/articles/viacomcbs-stock-up-160-but-full-recovery-is-not-yet-complete-2020-10-12,,ViacomCBS Stock Up 160% But Full Recovery Is Not Yet Complete,2020-10-12,same_trading_day,0,0.9398664832115172,0.0324656963348388,0.0276678055524826,0.9074007868766784,positive,0.0,neutral,False,False,True,2020,descriptive_disagreement_audit,neutral_non_neutral,seed=5547; simple random sample from distinct-title label disagreements,pending student review,,,,
2022-06-30,WMT,Consumer,Walmart's (WMT) Memomi Buyout to Fuel Health & Wellness Mission,https://www.nasdaq.com/articles/walmarts-wmt-memomi-buyout-to-fuel-health-wellness-mission,,Walmart's (WMT) Memomi Buyout to Fuel Health & Wellness Mission,2022-06-30,same_trading_day,0,0.4576810002326965,0.0090617341920733,0.5332573056221008,0.4486192660406232,neutral,0.4404,positive,False,False,True,2022,descriptive_disagreement_audit,neutral_non_neutral,seed=5547; simple random sample from distinct-title label disagreements,pending student review,,,,
2023-08-10,AMGN,Healthcare,Want Rising Dividend Income? Buy Amgen Stock,https://www.nasdaq.com/articles/want-rising-dividend-income-buy-amgen-stock,,Want Rising Dividend Income? Buy Amgen Stock,2023-08-10,same_trading_day,0,0.0826201811432838,0.0178830567747354,0.8994967937469482,0.0647371243685484,neutral,0.0772,positive,False,False,True,2023,descriptive_disagreement_audit,neutral_non_neutral,seed=5547; simple random sample from distinct-title label disagreements,pending student review,,,,
2020-04-13,WFC,Financials,Wells Fargo (WFC) 1st Quarter Earnings: What to Expect,https://www.nasdaq.com/articles/wells-fargo-wfc-1st-quarter-earnings%3A-what-to-expect-2020-04-13,,Wells Fargo (WFC) 1st Quarter Earnings: What to Expect,2020-04-13,same_trading_day,0,0.0281775929033756,0.0570896193385124,0.9147327542304992,-0.0289120264351367,neutral,0.25,positive,False,False,True,2020,descriptive_disagreement_audit,neutral_non_neutral,seed=5547; simple random sample from distinct-title label disagreements,pending student review,,,,
2023-01-26,D,Utilities,What Awaits National Fuel Gas Company (NFG) in Q1 Earnings?,https://www.nasdaq.com/articles/what-awaits-national-fuel-gas-company-nfg-in-q1-earnings,,What Awaits National Fuel Gas Company (NFG) in Q1 Earnings?,2023-01-26,same_trading_day,0,0.0305114444345235,0.1217637732625007,0.8477247953414917,-0.0912523288279771,neutral,0.0772,positive,False,False,True,2023,descriptive_disagreement_audit,neutral_non_neutral,seed=5547; simple random sample from distinct-title label disagreements,pending student review,,,,
2023-06-27,KO,Consumer,Which Is A Better Beverage Pick – PepsiCo Stock Or KDP?,https://www.nasdaq.com/articles/which-is-a-better-beverage-pick-pepsico-stock-or-kdp,,Which Is A Better Beverage Pick – PepsiCo Stock Or KDP?,2023-06-27,same_trading_day,0,0.0483978763222694,0.0244760513305664,0.9271260499954224,0.023921824991703,neutral,0.4404,positive,False,False,True,2023,descriptive_disagreement_audit,neutral_non_neutral,seed=5547; simple random sample from distinct-title label disagreements,pending student review,,,,
2023-09-18,MS,Financials,Why CCC Intelligent Solutions Holdings Topped the Market Today,https://www.nasdaq.com/articles/why-ccc-intelligent-solutions-holdings-topped-the-market-today,,Why CCC Intelligent Solutions Holdings Topped the Market Today,2023-09-18,same_trading_day,0,0.2265639454126358,0.0105595458298921,0.762876570224762,0.2160043995827436,neutral,0.5719,positive,False,False,True,2023,descriptive_disagreement_audit,neutral_non_neutral,seed=5547; simple random sample from distinct-title label disagreements,pending student review,,,,
2022-03-08,WFC,Financials,Why It’s the Best Time to Buy Tech Stocks,https://www.nasdaq.com/articles/why-its-the-best-time-to-buy-tech-stocks,,Why It’s the Best Time to Buy Tech Stocks,2022-03-08,same_trading_day,0,0.0691069513559341,0.0210987813770771,0.909794270992279,0.048008169978857,neutral,0.6369,positive,False,False,True,2022,descriptive_disagreement_audit,neutral_non_neutral,seed=5547; simple random sample from distinct-title label disagreements,pending student review,,,,
2021-09-13,NVDA,Tech,Why Nvidia Stock Dropped This Morning,https://www.nasdaq.com/articles/why-nvidia-stock-dropped-this-morning-2021-09-13,,Why Nvidia Stock Dropped This Morning,2021-09-13,same_trading_day,0,0.0117349633947014,0.948761522769928,0.0395035035908222,-0.9370265593752264,negative,0.0,neutral,False,False,True,2021,descriptive_disagreement_audit,neutral_non_neutral,seed=5547; simple random sample from distinct-title label disagreements,pending student review,,,,
2023-05-23,AMD,Tech,Why Nvidia Stock Is THE Only Way to Play AI Right Now,https://www.nasdaq.com/articles/why-nvidia-stock-is-the-only-way-to-play-ai-right-now,,Why Nvidia Stock Is THE Only Way to Play AI Right Now,2023-05-23,same_trading_day,0,0.0258620418608188,0.0539866089820861,0.9201512932777404,-0.0281245671212673,neutral,0.34,positive,False,False,True,2023,descriptive_disagreement_audit,neutral_non_neutral,seed=5547; simple random sample from distinct-title label disagreements,pending student review,,,,
2020-12-04,CVX,Energy,Why Oil Stocks Popped Today,https://www.nasdaq.com/articles/why-oil-stocks-popped-today-2020-12-04,,Why Oil Stocks Popped Today,2020-12-04,same_trading_day,0,0.0582824274897575,0.5372622013092041,0.4044553637504577,-0.4789797738194465,negative,0.0,neutral,False,False,True,2020,descriptive_disagreement_audit,neutral_non_neutral,seed=5547; simple random sample from distinct-title label disagreements,pending student review,,,,
2022-05-20,AMT,RealEstate,"Why These 3 Real Estate Investments Will Continue to Dominate, Even in a Recession",https://www.nasdaq.com/articles/why-these-3-real-estate-investments-will-continue-to-dominate-even-in-a-recession,,"Why These 3 Real Estate Investments Will Continue to Dominate, Even in a Recession",2022-05-20,same_trading_day,0,0.1301311999559402,0.0118314111605286,0.8580374121665955,0.1182997887954115,neutral,-0.5106,negative,False,False,True,2022,descriptive_disagreement_audit,neutral_non_neutral,seed=5547; simple random sample from distinct-title label disagreements,pending student review,,,,
2023-09-13,USB,Financials,Why U.S. Bancorp Stock Was Down Today,https://www.nasdaq.com/articles/why-u.s.-bancorp-stock-was-down-today,,Why U.S. Bancorp Stock Was Down Today,2023-09-13,same_trading_day,0,0.0119214197620749,0.940702259540558,0.0473763421177864,-0.9287808397784828,negative,0.0,neutral,False,False,True,2023,descriptive_disagreement_audit,neutral_non_neutral,seed=5547; simple random sample from distinct-title label disagreements,pending student review,,,,
2023-09-14,V,Financials,Why Visa Stock Tumbled on Thursday,https://www.nasdaq.com/articles/why-visa-stock-tumbled-on-thursday,,Why Visa Stock Tumbled on Thursday,2023-09-14,same_trading_day,0,0.0197562258690595,0.8366677165031433,0.1435760557651519,-0.8169114906340837,negative,0.0,neutral,False,False,True,2023,descriptive_disagreement_audit,neutral_non_neutral,seed=5547; simple random sample from distinct-title label disagreements,pending student review,,,,
2020-10-29,WMT,Consumer,Why Walmart Is a Retiree's Dream Stock,https://www.nasdaq.com/articles/why-walmart-is-a-retirees-dream-stock-2020-10-29,,Why Walmart Is a Retiree's Dream Stock,2020-10-29,same_trading_day,0,0.0441491268575191,0.0321028344333171,0.9237479567527772,0.0120462924242019,neutral,0.25,positive,False,False,True,2020,descriptive_disagreement_audit,neutral_non_neutral,seed=5547; simple random sample from distinct-title label disagreements,pending student review,,,,
2021-04-23,BA,Industrials,"XLI, HON, UNP, BA: ETF Inflow Alert",https://www.nasdaq.com/articles/xli-hon-unp-ba%3A-etf-inflow-alert-2021-04-23,,"XLI, HON, UNP, BA: ETF Inflow Alert",2021-04-23,same_trading_day,0,0.0846241489052772,0.0121713308617472,0.9032044410705566,0.0724528180435299,neutral,0.296,positive,False,False,True,2021,descriptive_disagreement_audit,neutral_non_neutral,seed=5547; simple random sample from distinct-title label disagreements,pending student review,,,,
2022-02-15,ABBV,Healthcare,"XLV, ABBV, TMO, MRK: Large Inflows Detected at ETF",https://www.nasdaq.com/articles/xlv-abbv-tmo-mrk%3A-large-inflows-detected-at-etf,,"XLV, ABBV, TMO, MRK: Large Inflows Detected at ETF",2022-02-15,same_trading_day,0,0.393141508102417,0.4793885946273803,0.127469852566719,-0.0862470865249633,negative,0.0,neutral,False,False,True,2022,descriptive_disagreement_audit,neutral_non_neutral,seed=5547; simple random sample from distinct-title label disagreements,pending student review,,,,
2022-02-23,AMD,Tech,7 Semiconductor Stocks to Buy as Deals Shake Up the Industry,https://www.nasdaq.com/articles/7-semiconductor-stocks-to-buy-as-deals-shake-up-the-industry,,7 Semiconductor Stocks to Buy as Deals Shake Up the Industry,2022-02-23,same_trading_day,0,0.6980835199356079,0.0568799972534179,0.2450364381074905,0.6412035226821899,positive,-0.1779,negative,False,True,False,2022,descriptive_disagreement_audit,opposite_sign,seed=5547; simple random sample from distinct-title label disagreements,pending student review,,,,
2022-04-22,NKE,Consumer,A “Divergence” in Marine Shipping Stocks Could Spell Big Profits,https://www.nasdaq.com/articles/a-divergence-in-marine-shipping-stocks-could-spell-big-profits,,A “Divergence” in Marine Shipping Stocks Could Spell Big Profits,2022-04-22,same_trading_day,0,0.0179430209100246,0.956695020198822,0.0253619849681854,-0.9387519992887974,negative,0.4404,positive,False,True,False,2022,descriptive_disagreement_audit,opposite_sign,seed=5547; simple random sample from distinct-title label disagreements,pending student review,,,,
2023-10-19,T,Comm,"AT&T Q3 Profit Down, Revenues Rise - Quick Facts",https://www.nasdaq.com/articles/att-q3-profit-down-revenues-rise-quick-facts,,"AT&T Q3 Profit Down, Revenues Rise - Quick Facts",2023-10-19,same_trading_day,0,0.0184853635728359,0.9551140069961548,0.0264006312936544,-0.9366286434233188,negative,0.4404,positive,False,True,False,2023,descriptive_disagreement_audit,opposite_sign,seed=5547; simple random sample from distinct-title label disagreements,pending student review,,,,
2020-04-16,ABT,Healthcare,"Abbott beats quarterly profit, but pulls forecast on coronavirus concerns",https://www.nasdaq.com/articles/abbott-beats-quarterly-profit-but-pulls-forecast-on-coronavirus-concerns-2020-04-16,,"Abbott beats quarterly profit, but pulls forecast on coronavirus concerns",2020-04-16,same_trading_day,0,0.0316210426390171,0.9379894733428956,0.0303894691169261,-0.9063684307038784,negative,0.2382,positive,False,True,False,2020,descriptive_disagreement_audit,opposite_sign,seed=5547; simple random sample from distinct-title label disagreements,pending student review,,,,
2022-12-26,WFC,Financials,"After a Record $3.7 Billion Fine, More Could Be Coming for Wells Fargo. Should Investors Be Worried?",https://www.nasdaq.com/articles/after-a-record-%243.7-billion-fine-more-could-be-coming-for-wells-fargo.-should-investors-be,,"After a Record $3.7 Billion Fine, More Could Be Coming for Wells Fargo. Should Investors Be Worried?",2022-12-27,next_trading_day,1,0.0407454334199428,0.6479299068450928,0.3113246560096741,-0.6071844734251499,negative,0.1531,positive,False,True,False,2022,descriptive_disagreement_audit,opposite_sign,seed=5547; simple random sample from distinct-title label disagreements,pending student review,,,,
2023-10-31,AMGN,Healthcare,"Amgen Inc. Q3 Profit Decreases, but beats estimates",https://www.nasdaq.com/articles/amgen-inc.-q3-profit-decreases-but-beats-estimates,,"Amgen Inc. Q3 Profit Decreases, but beats estimates",2023-10-31,same_trading_day,0,0.0235026497393846,0.9649940133094788,0.0115033090114593,-0.941491363570094,negative,0.2382,positive,False,True,False,2023,descriptive_disagreement_audit,opposite_sign,seed=5547; simple random sample from distinct-title label disagreements,pending student review,,,,
2022-11-28,ADBE,Tech,Apple shares slip as China factory unrest fuels iPhone supply concerns,https://www.nasdaq.com/articles/apple-shares-slip-as-china-factory-unrest-fuels-iphone-supply-concerns,,Apple shares slip as China factory unrest fuels iPhone supply concerns,2022-11-28,same_trading_day,0,0.0096624186262488,0.9596866965293884,0.0306509118527174,-0.9500242779031396,negative,0.296,positive,False,True,False,2022,descriptive_disagreement_audit,opposite_sign,seed=5547; simple random sample from distinct-title label disagreements,pending student review,,,,
2023-07-28,CVX,Energy,Chevron Corp. Profit Falls In Q2,https://www.nasdaq.com/articles/chevron-corp.-profit-falls-in-q2,,Chevron Corp. Profit Falls In Q2,2023-07-28,same_trading_day,0,0.0125230113044381,0.9655222296714784,0.0219547320157289,-0.9529992183670402,negative,0.4404,positive,False,True,False,2023,descriptive_disagreement_audit,opposite_sign,seed=5547; simple random sample from distinct-title label disagreements,pending student review,,,,
2023-05-24,GS,Financials,Citizens Financial (CFG) Faces $9M Fine for Credit Card Disputes,https://www.nasdaq.com/articles/citizens-financial-cfg-faces-%249m-fine-for-credit-card-disputes,,Citizens Financial (CFG) Faces $9M Fine for Credit Card Disputes,2023-05-24,same_trading_day,0,0.0167912319302558,0.9493903517723083,0.0338183902204036,-0.9325991198420523,negative,0.3182,positive,False,True,False,2023,descriptive_disagreement_audit,opposite_sign,seed=5547; simple random sample from distinct-title label disagreements,pending student review,,,,
2022-01-16,GS,Financials,"GLOBAL MARKETS-Asia weighs mixed China data, Brent clears 2021 highs",https://www.nasdaq.com/articles/global-markets-asia-weighs-mixed-china-data-brent-clears-2021-highs,,"GLOBAL MARKETS-Asia weighs mixed China data, Brent clears 2021 highs",2022-01-18,next_trading_day,2,0.471478670835495,0.4905177056789398,0.0380036905407905,-0.0190390348434448,negative,0.0772,positive,False,True,False,2022,descriptive_disagreement_audit,opposite_sign,seed=5547; simple random sample from distinct-title label disagreements,pending student review,,,,
2020-06-25,DIS,Consumer,"GLOBAL MARKETS-Equities gain, safe havens rise in choppy trading as virus cases surge",https://www.nasdaq.com/articles/global-markets-equities-gain-safe-havens-rise-in-choppy-trading-as-virus-cases-surge-2020,,"GLOBAL MARKETS-Equities gain, safe havens rise in choppy trading as virus cases surge",2020-06-25,same_trading_day,0,0.1662638783454895,0.7930138111114502,0.0407223105430603,-0.6267499327659607,negative,0.743,positive,False,True,False,2020,descriptive_disagreement_audit,opposite_sign,seed=5547; simple random sample from distinct-title label disagreements,pending student review,,,,
2022-10-27,CAT,Industrials,"GLOBAL MARKETS-Wall Street mixed, European shares end nearly flat; sterling, euro fall",https://www.nasdaq.com/articles/global-markets-wall-street-mixed-european-shares-end-nearly-flat-sterling-euro-fall,,"GLOBAL MARKETS-Wall Street mixed, European shares end nearly flat; sterling, euro fall",2022-10-27,same_trading_day,0,0.0403975658118724,0.9413310885429382,0.0182713903486728,-0.9009335227310658,negative,0.296,positive,False,True,False,2022,descriptive_disagreement_audit,opposite_sign,seed=5547; simple random sample from distinct-title label disagreements,pending student review,,,,
2023-04-18,GS,Financials,Goldman Sachs profit falls in first quarter as dealmaking sputters,https://www.nasdaq.com/articles/goldman-sachs-profit-falls-in-first-quarter-as-dealmaking-sputters,,Goldman Sachs profit falls in first quarter as dealmaking sputters,2023-04-18,same_trading_day,0,0.0090103158727288,0.972380757331848,0.0186088979244232,-0.9633704414591192,negative,0.4404,positive,False,True,False,2023,descriptive_disagreement_audit,opposite_sign,seed=5547; simple random sample from distinct-title label disagreements,pending student review,,,,
2022-08-05,WMT,Consumer,India's Paytm Q1 loss rises on higher expenses,https://www.nasdaq.com/articles/indias-paytm-q1-loss-rises-on-higher-expenses,,India's Paytm Q1 loss rises on higher expenses,2022-08-05,same_trading_day,0,0.4886820614337921,0.4759997129440307,0.0353182516992092,0.0126823484897613,positive,-0.3182,negative,False,True,False,2022,descriptive_disagreement_audit,opposite_sign,seed=5547; simple random sample from distinct-title label disagreements,pending student review,,,,
2022-08-26,DIS,Consumer,Is Disney World's Popularity Starting to Fade?,https://www.nasdaq.com/articles/is-disney-worlds-popularity-starting-to-fade,,Is Disney World's Popularity Starting to Fade?,2022-08-26,same_trading_day,0,0.0165787413716316,0.8670047521591187,0.1164165362715721,-0.850426010787487,negative,0.4767,positive,False,True,False,2022,descriptive_disagreement_audit,opposite_sign,seed=5547; simple random sample from distinct-title label disagreements,pending student review,,,,
2020-02-14,NVDA,Tech,Mid-Afternoon Market Update: Dow Falls Over 100 Points; CarGurus Shares Slide,https://www.benzinga.com/news/earnings/20/02/15341332/mid-afternoon-market-update-dow-falls-over-100-points-cargurus-shares-slide,Lisa Levin,Mid-Afternoon Market Update: Dow Falls Over 100 Points; CarGurus Shares Slide,2020-02-14,same_trading_day,0,0.0189724657684564,0.9479785561561584,0.0330490097403526,-0.929006090387702,negative,0.296,positive,False,True,False,2020,descriptive_disagreement_audit,opposite_sign,seed=5547; simple random sample from distinct-title label disagreements,pending student review,,,,
2020-04-29,DIS,Consumer,Netflix Just Had a Great Q1. Is the Stock Getting Too Expensive?,https://www.nasdaq.com/articles/netflix-just-had-a-great-q1.-is-the-stock-getting-too-expensive-2020-04-29,,Netflix Just Had a Great Q1. Is the Stock Getting Too Expensive?,2020-04-29,same_trading_day,0,0.0173096973448991,0.8088802099227905,0.1738100945949554,-0.7915705125778913,negative,0.6249,positive,False,True,False,2020,descriptive_disagreement_audit,opposite_sign,seed=5547; simple random sample from distinct-title label disagreements,pending student review,,,,
2022-01-18,INTC,Tech,"PREVIEW-ASML Q4 earnings seen up 12%, eyes on Berlin fire impact",https://www.nasdaq.com/articles/preview-asml-q4-earnings-seen-up-12-eyes-on-berlin-fire-impact,,"PREVIEW-ASML Q4 earnings seen up 12%, eyes on Berlin fire impact",2022-01-18,same_trading_day,0,0.9281838536262512,0.0206693224608898,0.0511469095945358,0.9075145311653614,positive,-0.34,negative,False,True,False,2022,descriptive_disagreement_audit,opposite_sign,seed=5547; simple random sample from distinct-title label disagreements,pending student review,,,,
2020-12-09,D,Utilities,RSI Alert: Dominion Energy (D) Now Oversold,https://www.nasdaq.com/articles/rsi-alert%3A-dominion-energy-d-now-oversold-2020-12-09,,RSI Alert: Dominion Energy (D) Now Oversold,2020-12-09,same_trading_day,0,0.0286427047103643,0.9049869179725648,0.0663703456521034,-0.8763442132622004,negative,0.5106,positive,False,True,False,2020,descriptive_disagreement_audit,opposite_sign,seed=5547; simple random sample from distinct-title label disagreements,pending student review,,,,
