decision_date,first_holding_date,last_holding_date,sector,signal_method,available_signal,effective_coverage,news_coverage_measure,sector_holding_period_return,market_holding_period_return,sector_excess_return,monthly_spearman_rank_ic,usable_sector_count_for_ic
2020-12-31,2021-01-04,2021-01-29,Comm,exploratory_21d_coverage_adjusted_zscore,0.3819908609082815,0.5619047619047619,21-day observed ticker opportunities / total ticker opportunities,-0.025141505445651524,-0.008874983927813163,-0.016412179345752342,-0.22424242424242422,10
2020-12-31,2021-01-04,2021-01-29,Consumer,exploratory_21d_coverage_adjusted_zscore,1.9321835661585918,0.9333333333333333,21-day observed ticker opportunities / total ticker opportunities,-0.07345585185076298,-0.008874983927813163,-0.06515915437074005,-0.22424242424242422,10
2020-12-31,2021-01-04,2021-01-29,Energy,exploratory_21d_coverage_adjusted_zscore,-0.13728302693331024,0.7428571428571429,21-day observed ticker opportunities / total ticker opportunities,0.0554550642556364,-0.008874983927813163,0.06490608867727765,-0.22424242424242422,10
2020-12-31,2021-01-04,2021-01-29,Financials,exploratory_21d_coverage_adjusted_zscore,0.3473094560263051,0.8380952380952381,21-day observed ticker opportunities / total ticker opportunities,-0.03849822623043475,-0.008874983927813163,-0.029888502279982854,-0.22424242424242422,10
2020-12-31,2021-01-04,2021-01-29,Healthcare,exploratory_21d_coverage_adjusted_zscore,0.9403244995489316,0.6761904761904762,21-day observed ticker opportunities / total ticker opportunities,0.04265746226866107,-0.008874983927813163,0.05199389114472819,-0.22424242424242422,10
2020-12-31,2021-01-04,2021-01-29,Industrials,exploratory_21d_coverage_adjusted_zscore,0.4289395357258167,0.8380952380952381,21-day observed ticker opportunities / total ticker opportunities,-0.03234139017441051,-0.008874983927813163,-0.023676535115211172,-0.22424242424242422,10
2020-12-31,2021-01-04,2021-01-29,Materials,exploratory_21d_coverage_adjusted_zscore,0.22876666640765295,0.3238095238095238,21-day observed ticker opportunities / total ticker opportunities,-0.01949233511359727,-0.008874983927813163,-0.010712423774611679,-0.22424242424242422,10
2020-12-31,2021-01-04,2021-01-29,RealEstate,exploratory_21d_coverage_adjusted_zscore,-0.13755008684220116,0.4,21-day observed ticker opportunities / total ticker opportunities,-0.0020391982968606115,-0.008874983927813163,0.006896996362822705,-0.22424242424242422,10
2020-12-31,2021-01-04,2021-01-29,Tech,exploratory_21d_coverage_adjusted_zscore,1.2304298661746944,0.7142857142857143,21-day observed ticker opportunities / total ticker opportunities,-0.001689158009154812,-0.008874983927813163,0.007250171070381839,-0.22424242424242422,10
2020-12-31,2021-01-04,2021-01-29,Utilities,exploratory_21d_coverage_adjusted_zscore,0.9123699931202364,0.3333333333333333,21-day observed ticker opportunities / total ticker opportunities,-0.0044637990753844115,-0.008874983927813163,0.004450684606781774,-0.22424242424242422,10
2020-12-31,2021-01-04,2021-01-29,Comm,locked_prior_day_expanding_zscore,0.5078204339430555,0.4,source-day ticker coverage share,-0.025141505445651524,-0.008874983927813163,-0.016412179345752342,-0.17575757575757575,10
2020-12-31,2021-01-04,2021-01-29,Consumer,locked_prior_day_expanding_zscore,2.0,0.8,source-day ticker coverage share,-0.07345585185076298,-0.008874983927813163,-0.06515915437074005,-0.17575757575757575,10
2020-12-31,2021-01-04,2021-01-29,Energy,locked_prior_day_expanding_zscore,-0.3781169419378219,0.6,source-day ticker coverage share,0.0554550642556364,-0.008874983927813163,0.06490608867727765,-0.17575757575757575,10
2020-12-31,2021-01-04,2021-01-29,Financials,locked_prior_day_expanding_zscore,-0.4294560976691959,0.8,source-day ticker coverage share,-0.03849822623043475,-0.008874983927813163,-0.029888502279982854,-0.17575757575757575,10
2020-12-31,2021-01-04,2021-01-29,Healthcare,locked_prior_day_expanding_zscore,1.3698713898498927,0.4,source-day ticker coverage share,0.04265746226866107,-0.008874983927813163,0.05199389114472819,-0.17575757575757575,10
2020-12-31,2021-01-04,2021-01-29,Industrials,locked_prior_day_expanding_zscore,-0.2403348011473637,1.0,source-day ticker coverage share,-0.03234139017441051,-0.008874983927813163,-0.023676535115211172,-0.17575757575757575,10
2020-12-31,2021-01-04,2021-01-29,Materials,locked_prior_day_expanding_zscore,1.3911280525487633,0.2,source-day ticker coverage share,-0.01949233511359727,-0.008874983927813163,-0.010712423774611679,-0.17575757575757575,10
2020-12-31,2021-01-04,2021-01-29,RealEstate,locked_prior_day_expanding_zscore,-0.5923774863977308,1.0,source-day ticker coverage share,-0.0020391982968606115,-0.008874983927813163,0.006896996362822705,-0.17575757575757575,10
2020-12-31,2021-01-04,2021-01-29,Tech,locked_prior_day_expanding_zscore,0.6709797469451289,0.8,source-day ticker coverage share,-0.001689158009154812,-0.008874983927813163,0.007250171070381839,-0.17575757575757575,10
2020-12-31,2021-01-04,2021-01-29,Utilities,locked_prior_day_expanding_zscore,-1.0496850851791475,0.2,source-day ticker coverage share,-0.0044637990753844115,-0.008874983927813163,0.004450684606781774,-0.17575757575757575,10
2021-01-29,2021-02-01,2021-02-26,Comm,exploratory_21d_coverage_adjusted_zscore,-1.191075791435238,0.6857142857142857,21-day observed ticker opportunities / total ticker opportunities,-0.03046735301298653,0.042568795302133866,-0.07005403254367948,0.10303030303030303,10
2021-01-29,2021-02-01,2021-02-26,Consumer,exploratory_21d_coverage_adjusted_zscore,0.5888978872867838,0.9523809523809523,21-day observed ticker opportunities / total ticker opportunities,0.03889340056243018,0.042568795302133866,-0.003525325864600193,0.10303030303030303,10
2021-01-29,2021-02-01,2021-02-26,Energy,exploratory_21d_coverage_adjusted_zscore,0.061941846436120565,0.7428571428571429,21-day observed ticker opportunities / total ticker opportunities,0.26593749493920327,0.042568795302133866,0.21424840321672756,0.10303030303030303,10
2021-01-29,2021-02-01,2021-02-26,Financials,exploratory_21d_coverage_adjusted_zscore,-0.07715726584775057,0.8,21-day observed ticker opportunities / total ticker opportunities,0.162047270191104,0.042568795302133866,0.11460008723390347,0.10303030303030303,10
2021-01-29,2021-02-01,2021-02-26,Healthcare,exploratory_21d_coverage_adjusted_zscore,0.05167316716479137,0.7238095238095238,21-day observed ticker opportunities / total ticker opportunities,-0.03259380172052806,0.042568795302133866,-0.07209365689952385,0.10303030303030303,10
2021-01-29,2021-02-01,2021-02-26,Industrials,exploratory_21d_coverage_adjusted_zscore,0.37541132961509943,0.819047619047619,21-day observed ticker opportunities / total ticker opportunities,0.0951859459565696,0.042568795302133866,0.05046875649024907,0.10303030303030303,10
2021-01-29,2021-02-01,2021-02-26,Materials,exploratory_21d_coverage_adjusted_zscore,-0.7222571373076078,0.42857142857142855,21-day observed ticker opportunities / total ticker opportunities,0.0285140093378069,0.042568795302133866,-0.013480919463212948,0.10303030303030303,10
2021-01-29,2021-02-01,2021-02-26,RealEstate,exploratory_21d_coverage_adjusted_zscore,-0.09425418511493089,0.41904761904761906,21-day observed ticker opportunities / total ticker opportunities,-0.01184603009960139,0.042568795302133866,-0.05219303095098482,0.10303030303030303,10
2021-01-29,2021-02-01,2021-02-26,Tech,exploratory_21d_coverage_adjusted_zscore,0.07079604486370014,0.6952380952380952,21-day observed ticker opportunities / total ticker opportunities,0.0024901254853759713,0.042568795302133866,-0.03844223038072336,0.10303030303030303,10
2021-01-29,2021-02-01,2021-02-26,Utilities,exploratory_21d_coverage_adjusted_zscore,0.4803701180763917,0.38095238095238093,21-day observed ticker opportunities / total ticker opportunities,-0.06426943166770471,0.042568795302133866,-0.10247594926229986,0.10303030303030303,10
2021-01-29,2021-02-01,2021-02-26,Comm,locked_prior_day_expanding_zscore,0.9573431780656773,0.8,source-day ticker coverage share,-0.03046735301298653,0.042568795302133866,-0.07005403254367948,-0.5151515151515151,10
2021-01-29,2021-02-01,2021-02-26,Consumer,locked_prior_day_expanding_zscore,0.14922647744059975,1.0,source-day ticker coverage share,0.03889340056243018,0.042568795302133866,-0.003525325864600193,-0.5151515151515151,10
2021-01-29,2021-02-01,2021-02-26,Energy,locked_prior_day_expanding_zscore,0.048477005506855214,0.8,source-day ticker coverage share,0.26593749493920327,0.042568795302133866,0.21424840321672756,-0.5151515151515151,10
2021-01-29,2021-02-01,2021-02-26,Financials,locked_prior_day_expanding_zscore,-0.3838676960279974,0.8,source-day ticker coverage share,0.162047270191104,0.042568795302133866,0.11460008723390347,-0.5151515151515151,10
2021-01-29,2021-02-01,2021-02-26,Healthcare,locked_prior_day_expanding_zscore,0.7747401031894571,0.8,source-day ticker coverage share,-0.03259380172052806,0.042568795302133866,-0.07209365689952385,-0.5151515151515151,10
2021-01-29,2021-02-01,2021-02-26,Industrials,locked_prior_day_expanding_zscore,0.14595540317432307,1.0,source-day ticker coverage share,0.0951859459565696,0.042568795302133866,0.05046875649024907,-0.5151515151515151,10
2021-01-29,2021-02-01,2021-02-26,Materials,locked_prior_day_expanding_zscore,0.15253655597311372,0.8,source-day ticker coverage share,0.0285140093378069,0.042568795302133866,-0.013480919463212948,-0.5151515151515151,10
2021-01-29,2021-02-01,2021-02-26,RealEstate,locked_prior_day_expanding_zscore,-0.6082984246563008,0.4,source-day ticker coverage share,-0.01184603009960139,0.042568795302133866,-0.05219303095098482,-0.5151515151515151,10
2021-01-29,2021-02-01,2021-02-26,Tech,locked_prior_day_expanding_zscore,-1.6415821093000298,0.8,source-day ticker coverage share,0.0024901254853759713,0.042568795302133866,-0.03844223038072336,-0.5151515151515151,10
2021-01-29,2021-02-01,2021-02-26,Utilities,locked_prior_day_expanding_zscore,0.6463302008071301,0.6,source-day ticker coverage share,-0.06426943166770471,0.042568795302133866,-0.10247594926229986,-0.5151515151515151,10
2021-02-26,2021-03-01,2021-03-31,Comm,exploratory_21d_coverage_adjusted_zscore,0.457525054537786,0.780952380952381,21-day observed ticker opportunities / total ticker opportunities,0.02649886876880192,0.05968046044605768,-0.031312827702124846,-0.38181818181818183,10
2021-02-26,2021-03-01,2021-03-31,Consumer,exploratory_21d_coverage_adjusted_zscore,-0.1831934277534332,0.9238095238095239,21-day observed ticker opportunities / total ticker opportunities,0.0225544117682408,0.05968046044605768,-0.035035135650410276,-0.38181818181818183,10
2021-02-26,2021-03-01,2021-03-31,Energy,exploratory_21d_coverage_adjusted_zscore,-0.18996799256120447,0.7333333333333333,21-day observed ticker opportunities / total ticker opportunities,0.015454739454818345,0.05968046044605768,-0.04173495939768779,-0.38181818181818183,10
2021-02-26,2021-03-01,2021-03-31,Financials,exploratory_21d_coverage_adjusted_zscore,-0.41965378172757767,0.8,21-day observed ticker opportunities / total ticker opportunities,0.046338198363516936,0.05968046044605768,-0.012590835238128761,-0.38181818181818183,10
2021-02-26,2021-03-01,2021-03-31,Healthcare,exploratory_21d_coverage_adjusted_zscore,0.23763878597022228,0.7714285714285715,21-day observed ticker opportunities / total ticker opportunities,0.049486881708405095,0.05968046044605768,-0.00961948353125408,-0.38181818181818183,10
2021-02-26,2021-03-01,2021-03-31,Industrials,exploratory_21d_coverage_adjusted_zscore,-0.6902009304112386,0.8095238095238095,21-day observed ticker opportunities / total ticker opportunities,0.10325425603564686,0.05968046044605768,0.041119749977504894,-0.38181818181818183,10
2021-02-26,2021-03-01,2021-03-31,Materials,exploratory_21d_coverage_adjusted_zscore,-0.37354475774509815,0.45714285714285713,21-day observed ticker opportunities / total ticker opportunities,0.1445832935224518,0.05968046044605768,0.08012116505446887,-0.38181818181818183,10
2021-02-26,2021-03-01,2021-03-31,RealEstate,exploratory_21d_coverage_adjusted_zscore,0.4389054755852379,0.47619047619047616,21-day observed ticker opportunities / total ticker opportunities,0.08465682438900468,0.05968046044605768,0.023569712640009843,-0.38181818181818183,10
2021-02-26,2021-03-01,2021-03-31,Tech,exploratory_21d_coverage_adjusted_zscore,0.9222057383010803,0.6952380952380952,21-day observed ticker opportunities / total ticker opportunities,-0.006419735727130171,0.05968046044605768,-0.06237747947656214,-0.38181818181818183,10
2021-02-26,2021-03-01,2021-03-31,Utilities,exploratory_21d_coverage_adjusted_zscore,0.6727669579033475,0.5428571428571428,21-day observed ticker opportunities / total ticker opportunities,0.10145086428161476,0.05968046044605768,0.03941792398245636,-0.38181818181818183,10
2021-02-26,2021-03-01,2021-03-31,Comm,locked_prior_day_expanding_zscore,-0.732296162702111,0.8,source-day ticker coverage share,0.02649886876880192,0.05968046044605768,-0.031312827702124846,0.04242424242424241,10
2021-02-26,2021-03-01,2021-03-31,Consumer,locked_prior_day_expanding_zscore,0.2750863796165643,1.0,source-day ticker coverage share,0.0225544117682408,0.05968046044605768,-0.035035135650410276,0.04242424242424241,10
2021-02-26,2021-03-01,2021-03-31,Energy,locked_prior_day_expanding_zscore,0.308484794274792,0.8,source-day ticker coverage share,0.015454739454818345,0.05968046044605768,-0.04173495939768779,0.04242424242424241,10
2021-02-26,2021-03-01,2021-03-31,Financials,locked_prior_day_expanding_zscore,0.6303191267649675,0.8,source-day ticker coverage share,0.046338198363516936,0.05968046044605768,-0.012590835238128761,0.04242424242424241,10
2021-02-26,2021-03-01,2021-03-31,Healthcare,locked_prior_day_expanding_zscore,2.0,0.4,source-day ticker coverage share,0.049486881708405095,0.05968046044605768,-0.00961948353125408,0.04242424242424241,10
2021-02-26,2021-03-01,2021-03-31,Industrials,locked_prior_day_expanding_zscore,0.38051788678180554,0.8,source-day ticker coverage share,0.10325425603564686,0.05968046044605768,0.041119749977504894,0.04242424242424241,10
2021-02-26,2021-03-01,2021-03-31,Materials,locked_prior_day_expanding_zscore,-0.6560345521639117,0.6,source-day ticker coverage share,0.1445832935224518,0.05968046044605768,0.08012116505446887,0.04242424242424241,10
2021-02-26,2021-03-01,2021-03-31,RealEstate,locked_prior_day_expanding_zscore,-0.3133508026993023,0.6,source-day ticker coverage share,0.08465682438900468,0.05968046044605768,0.023569712640009843,0.04242424242424241,10
2021-02-26,2021-03-01,2021-03-31,Tech,locked_prior_day_expanding_zscore,-0.9585651981497982,0.8,source-day ticker coverage share,-0.006419735727130171,0.05968046044605768,-0.06237747947656214,0.04242424242424241,10
2021-02-26,2021-03-01,2021-03-31,Utilities,locked_prior_day_expanding_zscore,-1.0655526368602746,0.6,source-day ticker coverage share,0.10145086428161476,0.05968046044605768,0.03941792398245636,0.04242424242424241,10
2021-03-31,2021-04-01,2021-04-30,Comm,exploratory_21d_coverage_adjusted_zscore,0.8094735920249394,0.7619047619047619,21-day observed ticker opportunities / total ticker opportunities,0.04053911023712686,0.03742367859185847,0.0030030465947115115,0.29696969696969694,10
2021-03-31,2021-04-01,2021-04-30,Consumer,exploratory_21d_coverage_adjusted_zscore,0.6047236060409951,0.9047619047619048,21-day observed ticker opportunities / total ticker opportunities,0.022165662871372893,0.03742367859185847,-0.014707603108882195,0.29696969696969694,10
2021-03-31,2021-04-01,2021-04-30,Energy,exploratory_21d_coverage_adjusted_zscore,0.09560691586681262,0.6857142857142857,21-day observed ticker opportunities / total ticker opportunities,-0.01499467696729706,0.03742367859185847,-0.050527433141207334,0.29696969696969694,10
2021-03-31,2021-04-01,2021-04-30,Financials,exploratory_21d_coverage_adjusted_zscore,0.5132224261571716,0.8476190476190476,21-day observed ticker opportunities / total ticker opportunities,0.09289824805917646,0.03742367859185847,0.053473398199871625,0.29696969696969694,10
2021-03-31,2021-04-01,2021-04-30,Healthcare,exploratory_21d_coverage_adjusted_zscore,-0.26202019549628053,0.7142857142857143,21-day observed ticker opportunities / total ticker opportunities,-0.007224040425624856,0.03742367859185847,-0.04303711197153859,0.29696969696969694,10
2021-03-31,2021-04-01,2021-04-30,Industrials,exploratory_21d_coverage_adjusted_zscore,0.0105328642957685,0.7523809523809524,21-day observed ticker opportunities / total ticker opportunities,0.024007252925996925,0.03742367859185847,-0.012932445964673023,0.29696969696969694,10
2021-03-31,2021-04-01,2021-04-30,Materials,exploratory_21d_coverage_adjusted_zscore,-0.15314695354223085,0.29523809523809524,21-day observed ticker opportunities / total ticker opportunities,0.030339792953267608,0.03742367859185847,-0.006828343891481348,0.29696969696969694,10
2021-03-31,2021-04-01,2021-04-30,RealEstate,exploratory_21d_coverage_adjusted_zscore,0.45373802131291796,0.41904761904761906,21-day observed ticker opportunities / total ticker opportunities,0.10032834486464859,0.03742367859185847,0.06063546415112997,0.29696969696969694,10
2021-03-31,2021-04-01,2021-04-30,Tech,exploratory_21d_coverage_adjusted_zscore,0.021030821699974184,0.6857142857142857,21-day observed ticker opportunities / total ticker opportunities,0.03532850953595679,0.03742367859185847,-0.0020195886204810165,0.29696969696969694,10
2021-03-31,2021-04-01,2021-04-30,Utilities,exploratory_21d_coverage_adjusted_zscore,-0.147590986326663,0.29523809523809524,21-day observed ticker opportunities / total ticker opportunities,0.046514881148653986,0.03742367859185847,0.008763249523218386,0.29696969696969694,10
2021-03-31,2021-04-01,2021-04-30,Comm,locked_prior_day_expanding_zscore,0.5796475522183023,0.8,source-day ticker coverage share,0.04053911023712686,0.03742367859185847,0.0030030465947115115,-0.25,9
2021-03-31,2021-04-01,2021-04-30,Consumer,locked_prior_day_expanding_zscore,0.04445630274337176,1.0,source-day ticker coverage share,0.022165662871372893,0.03742367859185847,-0.014707603108882195,-0.25,9
2021-03-31,2021-04-01,2021-04-30,Energy,locked_prior_day_expanding_zscore,1.7847810026386146,0.8,source-day ticker coverage share,-0.01499467696729706,0.03742367859185847,-0.050527433141207334,-0.25,9
2021-03-31,2021-04-01,2021-04-30,Financials,locked_prior_day_expanding_zscore,-0.6350316155888017,1.0,source-day ticker coverage share,0.09289824805917646,0.03742367859185847,0.053473398199871625,-0.25,9
2021-03-31,2021-04-01,2021-04-30,Healthcare,locked_prior_day_expanding_zscore,-1.3837199001078608,0.8,source-day ticker coverage share,-0.007224040425624856,0.03742367859185847,-0.04303711197153859,-0.25,9
2021-03-31,2021-04-01,2021-04-30,Industrials,locked_prior_day_expanding_zscore,0.9693103811514652,0.8,source-day ticker coverage share,0.024007252925996925,0.03742367859185847,-0.012932445964673023,-0.25,9
2021-03-31,2021-04-01,2021-04-30,Materials,locked_prior_day_expanding_zscore,,,source-day ticker coverage share,0.030339792953267608,0.03742367859185847,-0.006828343891481348,-0.25,9
2021-03-31,2021-04-01,2021-04-30,RealEstate,locked_prior_day_expanding_zscore,0.10443936565139274,0.6,source-day ticker coverage share,0.10032834486464859,0.03742367859185847,0.06063546415112997,-0.25,9
2021-03-31,2021-04-01,2021-04-30,Tech,locked_prior_day_expanding_zscore,1.7384124891641264,0.6,source-day ticker coverage share,0.03532850953595679,0.03742367859185847,-0.0020195886204810165,-0.25,9
2021-03-31,2021-04-01,2021-04-30,Utilities,locked_prior_day_expanding_zscore,-1.0504842531863892,0.2,source-day ticker coverage share,0.046514881148653986,0.03742367859185847,0.008763249523218386,-0.25,9
2021-04-30,2021-05-03,2021-05-28,Comm,exploratory_21d_coverage_adjusted_zscore,0.8024325704150251,0.6952380952380952,21-day observed ticker opportunities / total ticker opportunities,0.019374250036345853,0.03156450915741704,-0.01181725332042316,0.2606060606060606,10
2021-04-30,2021-05-03,2021-05-28,Consumer,exploratory_21d_coverage_adjusted_zscore,0.25809740045820906,0.9333333333333333,21-day observed ticker opportunities / total ticker opportunities,0.006935165346619421,0.03156450915741704,-0.023875718476312202,0.2606060606060606,10
2021-04-30,2021-05-03,2021-05-28,Energy,exploratory_21d_coverage_adjusted_zscore,-1.0977839634433686,0.7523809523809524,21-day observed ticker opportunities / total ticker opportunities,0.06681620678541522,0.03156450915741704,0.03417304232072871,0.2606060606060606,10
2021-04-30,2021-05-03,2021-05-28,Financials,exploratory_21d_coverage_adjusted_zscore,0.9354945910992596,0.8761904761904762,21-day observed ticker opportunities / total ticker opportunities,0.04182692158518453,0.03156450915741704,0.009948396185275765,0.2606060606060606,10
2021-04-30,2021-05-03,2021-05-28,Healthcare,exploratory_21d_coverage_adjusted_zscore,-0.07697562014802503,0.8476190476190476,21-day observed ticker opportunities / total ticker opportunities,0.009583456244095068,0.03156450915741704,-0.02130846177644874,0.2606060606060606,10
2021-04-30,2021-05-03,2021-05-28,Industrials,exploratory_21d_coverage_adjusted_zscore,0.25403866536849806,0.7904761904761904,21-day observed ticker opportunities / total ticker opportunities,0.05680509132654721,0.03156450915741704,0.024468253749585278,0.2606060606060606,10
2021-04-30,2021-05-03,2021-05-28,Materials,exploratory_21d_coverage_adjusted_zscore,0.6630437721027569,0.3904761904761905,21-day observed ticker opportunities / total ticker opportunities,0.13273309325972527,0.03156450915741704,0.09807295928098858,0.2606060606060606,10
2021-04-30,2021-05-03,2021-05-28,RealEstate,exploratory_21d_coverage_adjusted_zscore,0.25011632573995457,0.34285714285714286,21-day observed ticker opportunities / total ticker opportunities,0.003045021097142886,0.03156450915741704,-0.027646829458652933,0.2606060606060606,10
2021-04-30,2021-05-03,2021-05-28,Tech,exploratory_21d_coverage_adjusted_zscore,-0.3506098304332601,0.7142857142857143,21-day observed ticker opportunities / total ticker opportunities,0.005147224110614523,0.03156450915741704,-0.025608951076050657,0.2606060606060606,10
2021-04-30,2021-05-03,2021-05-28,Utilities,exploratory_21d_coverage_adjusted_zscore,0.08032165971281031,0.47619047619047616,21-day observed ticker opportunities / total ticker opportunities,-0.028783161471022778,0.03156450915741704,-0.0585011117508607,0.2606060606060606,10
2021-04-30,2021-05-03,2021-05-28,Comm,locked_prior_day_expanding_zscore,0.5192437870784492,0.8,source-day ticker coverage share,0.019374250036345853,0.03156450915741704,-0.01181725332042316,0.2121212121212121,10
2021-04-30,2021-05-03,2021-05-28,Consumer,locked_prior_day_expanding_zscore,0.015110413336343404,0.8,source-day ticker coverage share,0.006935165346619421,0.03156450915741704,-0.023875718476312202,0.2121212121212121,10
2021-04-30,2021-05-03,2021-05-28,Energy,locked_prior_day_expanding_zscore,0.7973523072707538,0.6,source-day ticker coverage share,0.06681620678541522,0.03156450915741704,0.03417304232072871,0.2121212121212121,10
2021-04-30,2021-05-03,2021-05-28,Financials,locked_prior_day_expanding_zscore,0.34321696401222385,0.6,source-day ticker coverage share,0.04182692158518453,0.03156450915741704,0.009948396185275765,0.2121212121212121,10
2021-04-30,2021-05-03,2021-05-28,Healthcare,locked_prior_day_expanding_zscore,-0.015678609681482717,1.0,source-day ticker coverage share,0.009583456244095068,0.03156450915741704,-0.02130846177644874,0.2121212121212121,10
2021-04-30,2021-05-03,2021-05-28,Industrials,locked_prior_day_expanding_zscore,-0.8243342162492175,1.0,source-day ticker coverage share,0.05680509132654721,0.03156450915741704,0.024468253749585278,0.2121212121212121,10
2021-04-30,2021-05-03,2021-05-28,Materials,locked_prior_day_expanding_zscore,-0.3470380535207312,0.4,source-day ticker coverage share,0.13273309325972527,0.03156450915741704,0.09807295928098858,0.2121212121212121,10
2021-04-30,2021-05-03,2021-05-28,RealEstate,locked_prior_day_expanding_zscore,0.07838886919397003,0.8,source-day ticker coverage share,0.003045021097142886,0.03156450915741704,-0.027646829458652933,0.2121212121212121,10
2021-04-30,2021-05-03,2021-05-28,Tech,locked_prior_day_expanding_zscore,0.10673953907496934,0.8,source-day ticker coverage share,0.005147224110614523,0.03156450915741704,-0.025608951076050657,0.2121212121212121,10
2021-04-30,2021-05-03,2021-05-28,Utilities,locked_prior_day_expanding_zscore,-1.0629235619177537,0.2,source-day ticker coverage share,-0.028783161471022778,0.03156450915741704,-0.0585011117508607,0.2121212121212121,10
2021-05-28,2021-06-01,2021-06-30,Comm,exploratory_21d_coverage_adjusted_zscore,0.10883649132581531,0.8,21-day observed ticker opportunities / total ticker opportunities,-0.007809166726245653,0.01252490846680332,-0.020082543177964318,0.35757575757575755,10
2021-05-28,2021-06-01,2021-06-30,Consumer,exploratory_21d_coverage_adjusted_zscore,0.2726491059856223,0.8476190476190476,21-day observed ticker opportunities / total ticker opportunities,0.015781563842611757,0.01252490846680332,0.003216370628096321,0.35757575757575755,10
2021-05-28,2021-06-01,2021-06-30,Energy,exploratory_21d_coverage_adjusted_zscore,0.6943771870178422,0.7142857142857143,21-day observed ticker opportunities / total ticker opportunities,0.08243788424958698,0.01252490846680332,0.06904815397445185,0.35757575757575755,10
2021-05-28,2021-06-01,2021-06-30,Financials,exploratory_21d_coverage_adjusted_zscore,0.21392456873278326,0.7523809523809524,21-day observed ticker opportunities / total ticker opportunities,-0.005392837858803179,0.01252490846680332,-0.017696104239784183,0.35757575757575755,10
2021-05-28,2021-06-01,2021-06-30,Healthcare,exploratory_21d_coverage_adjusted_zscore,0.9112661125285277,0.7619047619047619,21-day observed ticker opportunities / total ticker opportunities,0.030255786978143462,0.01252490846680332,0.017511547975830766,0.35757575757575755,10
2021-05-28,2021-06-01,2021-06-30,Industrials,exploratory_21d_coverage_adjusted_zscore,0.5111618565660373,0.7142857142857143,21-day observed ticker opportunities / total ticker opportunities,-0.043866672117551686,0.01252490846680332,-0.05569401810543595,0.35757575757575755,10
2021-05-28,2021-06-01,2021-06-30,Materials,exploratory_21d_coverage_adjusted_zscore,0.1943612927230961,0.4380952380952381,21-day observed ticker opportunities / total ticker opportunities,-0.0771941808630906,0.01252490846680332,-0.08860926637918409,0.35757575757575755,10
2021-05-28,2021-06-01,2021-06-30,RealEstate,exploratory_21d_coverage_adjusted_zscore,0.4663754239218842,0.3047619047619048,21-day observed ticker opportunities / total ticker opportunities,0.03367471015431711,0.01252490846680332,0.02088817915555241,0.35757575757575755,10
2021-05-28,2021-06-01,2021-06-30,Tech,exploratory_21d_coverage_adjusted_zscore,0.5199891145310881,0.638095238095238,21-day observed ticker opportunities / total ticker opportunities,0.1212772797498407,0.01252490846680332,0.10740710709795143,0.35757575757575755,10
2021-05-28,2021-06-01,2021-06-30,Utilities,exploratory_21d_coverage_adjusted_zscore,1.0593709746104463,0.45714285714285713,21-day observed ticker opportunities / total ticker opportunities,-0.02079311228785341,0.01252490846680332,-0.03290587764908215,0.35757575757575755,10
2021-05-28,2021-06-01,2021-06-30,Comm,locked_prior_day_expanding_zscore,0.20859223970534232,1.0,source-day ticker coverage share,-0.007809166726245653,0.01252490846680332,-0.020082543177964318,-0.18787878787878787,10
2021-05-28,2021-06-01,2021-06-30,Consumer,locked_prior_day_expanding_zscore,1.4231298234353855,1.0,source-day ticker coverage share,0.015781563842611757,0.01252490846680332,0.003216370628096321,-0.18787878787878787,10
2021-05-28,2021-06-01,2021-06-30,Energy,locked_prior_day_expanding_zscore,0.14947612627102264,0.6,source-day ticker coverage share,0.08243788424958698,0.01252490846680332,0.06904815397445185,-0.18787878787878787,10
2021-05-28,2021-06-01,2021-06-30,Financials,locked_prior_day_expanding_zscore,-0.7642562408953253,0.8,source-day ticker coverage share,-0.005392837858803179,0.01252490846680332,-0.017696104239784183,-0.18787878787878787,10
2021-05-28,2021-06-01,2021-06-30,Healthcare,locked_prior_day_expanding_zscore,0.4837821042669225,0.8,source-day ticker coverage share,0.030255786978143462,0.01252490846680332,0.017511547975830766,-0.18787878787878787,10
2021-05-28,2021-06-01,2021-06-30,Industrials,locked_prior_day_expanding_zscore,-0.06446728860387217,0.8,source-day ticker coverage share,-0.043866672117551686,0.01252490846680332,-0.05569401810543595,-0.18787878787878787,10
2021-05-28,2021-06-01,2021-06-30,Materials,locked_prior_day_expanding_zscore,0.8346370169000679,0.6,source-day ticker coverage share,-0.0771941808630906,0.01252490846680332,-0.08860926637918409,-0.18787878787878787,10
2021-05-28,2021-06-01,2021-06-30,RealEstate,locked_prior_day_expanding_zscore,-0.9144362680782933,0.2,source-day ticker coverage share,0.03367471015431711,0.01252490846680332,0.02088817915555241,-0.18787878787878787,10
2021-05-28,2021-06-01,2021-06-30,Tech,locked_prior_day_expanding_zscore,0.7836778036336249,0.8,source-day ticker coverage share,0.1212772797498407,0.01252490846680332,0.10740710709795143,-0.18787878787878787,10
2021-05-28,2021-06-01,2021-06-30,Utilities,locked_prior_day_expanding_zscore,0.927167912441656,0.4,source-day ticker coverage share,-0.02079311228785341,0.01252490846680332,-0.03290587764908215,-0.18787878787878787,10
2021-06-30,2021-07-01,2021-07-30,Comm,exploratory_21d_coverage_adjusted_zscore,1.6553737934968635,0.6857142857142857,21-day observed ticker opportunities / total ticker opportunities,0.0023485673884433567,0.009112512761827896,-0.006702865426643445,-0.5757575757575757,10
2021-06-30,2021-07-01,2021-07-30,Consumer,exploratory_21d_coverage_adjusted_zscore,0.42753314771358214,0.9428571428571428,21-day observed ticker opportunities / total ticker opportunities,0.04754074542305986,0.009112512761827896,0.038081217084563024,-0.5757575757575757,10
2021-06-30,2021-07-01,2021-07-30,Energy,exploratory_21d_coverage_adjusted_zscore,1.6413223160262844,0.8095238095238095,21-day observed ticker opportunities / total ticker opportunities,-0.09069973097753214,0.009112512761827896,-0.09891091674820784,-0.5757575757575757,10
2021-06-30,2021-07-01,2021-07-30,Financials,exploratory_21d_coverage_adjusted_zscore,0.0474426722432653,0.8571428571428571,21-day observed ticker opportunities / total ticker opportunities,0.01751624973021304,0.009112512761827896,0.008327849335040938,-0.5757575757575757,10
2021-06-30,2021-07-01,2021-07-30,Healthcare,exploratory_21d_coverage_adjusted_zscore,0.43325107042483896,0.7428571428571429,21-day observed ticker opportunities / total ticker opportunities,0.012540987297189776,0.009112512761827896,0.0033975146398477207,-0.5757575757575757,10
2021-06-30,2021-07-01,2021-07-30,Industrials,exploratory_21d_coverage_adjusted_zscore,0.9703783842534263,0.6476190476190476,21-day observed ticker opportunities / total ticker opportunities,-0.04276500111257453,0.009112512761827896,-0.05140904826600501,-0.5757575757575757,10
2021-06-30,2021-07-01,2021-07-30,Materials,exploratory_21d_coverage_adjusted_zscore,-0.03561246451118746,0.4380952380952381,21-day observed ticker opportunities / total ticker opportunities,0.019955586755762367,0.009112512761827896,0.010745158599072546,-0.5757575757575757,10
2021-06-30,2021-07-01,2021-07-30,RealEstate,exploratory_21d_coverage_adjusted_zscore,-0.0451090308700732,0.3333333333333333,21-day observed ticker opportunities / total ticker opportunities,0.04068427286388787,0.009112512761827896,0.03128666001341274,-0.5757575757575757,10
2021-06-30,2021-07-01,2021-07-30,Tech,exploratory_21d_coverage_adjusted_zscore,0.49416637203781894,0.7047619047619048,21-day observed ticker opportunities / total ticker opportunities,0.03467004003841345,0.009112512761827896,0.0253267370618937,-0.5757575757575757,10
2021-06-30,2021-07-01,2021-07-30,Utilities,exploratory_21d_coverage_adjusted_zscore,0.45167169676580154,0.4,21-day observed ticker opportunities / total ticker opportunities,0.04856492347179464,0.009112512761827896,0.039096146575360535,-0.5757575757575757,10
2021-06-30,2021-07-01,2021-07-30,Comm,locked_prior_day_expanding_zscore,1.0109775794117224,0.4,source-day ticker coverage share,0.0023485673884433567,0.009112512761827896,-0.006702865426643445,-0.5636363636363636,10
2021-06-30,2021-07-01,2021-07-30,Consumer,locked_prior_day_expanding_zscore,-1.454867635685247,1.0,source-day ticker coverage share,0.04754074542305986,0.009112512761827896,0.038081217084563024,-0.5636363636363636,10
2021-06-30,2021-07-01,2021-07-30,Energy,locked_prior_day_expanding_zscore,2.0,1.0,source-day ticker coverage share,-0.09069973097753214,0.009112512761827896,-0.09891091674820784,-0.5636363636363636,10
2021-06-30,2021-07-01,2021-07-30,Financials,locked_prior_day_expanding_zscore,0.13111077731778667,0.8,source-day ticker coverage share,0.01751624973021304,0.009112512761827896,0.008327849335040938,-0.5636363636363636,10
2021-06-30,2021-07-01,2021-07-30,Healthcare,locked_prior_day_expanding_zscore,-0.5870473129134716,0.8,source-day ticker coverage share,0.012540987297189776,0.009112512761827896,0.0033975146398477207,-0.5636363636363636,10
2021-06-30,2021-07-01,2021-07-30,Industrials,locked_prior_day_expanding_zscore,1.020233153287344,0.8,source-day ticker coverage share,-0.04276500111257453,0.009112512761827896,-0.05140904826600501,-0.5636363636363636,10
2021-06-30,2021-07-01,2021-07-30,Materials,locked_prior_day_expanding_zscore,-0.495595013280581,0.2,source-day ticker coverage share,0.019955586755762367,0.009112512761827896,0.010745158599072546,-0.5636363636363636,10
2021-06-30,2021-07-01,2021-07-30,RealEstate,locked_prior_day_expanding_zscore,-0.6245684935874097,0.2,source-day ticker coverage share,0.04068427286388787,0.009112512761827896,0.03128666001341274,-0.5636363636363636,10
2021-06-30,2021-07-01,2021-07-30,Tech,locked_prior_day_expanding_zscore,1.5825660337656091,0.8,source-day ticker coverage share,0.03467004003841345,0.009112512761827896,0.0253267370618937,-0.5636363636363636,10
2021-06-30,2021-07-01,2021-07-30,Utilities,locked_prior_day_expanding_zscore,0.5218209715609924,0.6,source-day ticker coverage share,0.04856492347179464,0.009112512761827896,0.039096146575360535,-0.5636363636363636,10
2021-07-30,2021-08-02,2021-08-31,Comm,exploratory_21d_coverage_adjusted_zscore,0.9232362552117063,0.7428571428571429,21-day observed ticker opportunities / total ticker opportunities,-0.01982348435280168,0.016082803667276435,-0.03533795463370115,-0.709090909090909,10
2021-07-30,2021-08-02,2021-08-31,Consumer,exploratory_21d_coverage_adjusted_zscore,0.15625490039748877,0.9142857142857143,21-day observed ticker opportunities / total ticker opportunities,0.0034283164366821772,0.016082803667276435,-0.012454188954799106,-0.709090909090909,10
2021-07-30,2021-08-02,2021-08-31,Energy,exploratory_21d_coverage_adjusted_zscore,1.1956582175043722,0.780952380952381,21-day observed ticker opportunities / total ticker opportunities,-0.023864016150867418,0.016082803667276435,-0.03931453192000356,-0.709090909090909,10
2021-07-30,2021-08-02,2021-08-31,Financials,exploratory_21d_coverage_adjusted_zscore,0.4834597174195918,0.8666666666666667,21-day observed ticker opportunities / total ticker opportunities,0.03091764178267864,0.016082803667276435,0.014600028719962355,-0.709090909090909,10
2021-07-30,2021-08-02,2021-08-31,Healthcare,exploratory_21d_coverage_adjusted_zscore,-0.4345756288187891,0.6666666666666666,21-day observed ticker opportunities / total ticker opportunities,0.01603607815196817,0.016082803667276435,-4.598593258309247e-05,-0.709090909090909,10
2021-07-30,2021-08-02,2021-08-31,Industrials,exploratory_21d_coverage_adjusted_zscore,-0.003247227271153299,0.5619047619047619,21-day observed ticker opportunities / total ticker opportunities,0.005716049353246433,0.016082803667276435,-0.010202666826575557,-0.709090909090909,10
2021-07-30,2021-08-02,2021-08-31,Materials,exploratory_21d_coverage_adjusted_zscore,-0.16324224742167504,0.44761904761904764,21-day observed ticker opportunities / total ticker opportunities,0.021495431425164302,0.016082803667276435,0.005326955380361209,-0.709090909090909,10
2021-07-30,2021-08-02,2021-08-31,RealEstate,exploratory_21d_coverage_adjusted_zscore,0.06290189749398657,0.3619047619047619,21-day observed ticker opportunities / total ticker opportunities,0.032138549097316504,0.016082803667276435,0.01580161121917545,-0.709090909090909,10
2021-07-30,2021-08-02,2021-08-31,Tech,exploratory_21d_coverage_adjusted_zscore,-0.5206229419533047,0.6857142857142857,21-day observed ticker opportunities / total ticker opportunities,0.05041854813025615,0.016082803667276435,0.03379227001879581,-0.709090909090909,10
2021-07-30,2021-08-02,2021-08-31,Utilities,exploratory_21d_coverage_adjusted_zscore,-0.19790450945039104,0.3523809523809524,21-day observed ticker opportunities / total ticker opportunities,0.03829884926750071,0.016082803667276435,0.021864404672573334,-0.709090909090909,10
2021-07-30,2021-08-02,2021-08-31,Comm,locked_prior_day_expanding_zscore,0.41667070354292834,0.6,source-day ticker coverage share,-0.01982348435280168,0.016082803667276435,-0.03533795463370115,-0.22424242424242422,10
2021-07-30,2021-08-02,2021-08-31,Consumer,locked_prior_day_expanding_zscore,1.0933472604339982,1.0,source-day ticker coverage share,0.0034283164366821772,0.016082803667276435,-0.012454188954799106,-0.22424242424242422,10
2021-07-30,2021-08-02,2021-08-31,Energy,locked_prior_day_expanding_zscore,-0.05246900481383376,0.8,source-day ticker coverage share,-0.023864016150867418,0.016082803667276435,-0.03931453192000356,-0.22424242424242422,10
2021-07-30,2021-08-02,2021-08-31,Financials,locked_prior_day_expanding_zscore,1.6838559604124994,0.8,source-day ticker coverage share,0.03091764178267864,0.016082803667276435,0.014600028719962355,-0.22424242424242422,10
2021-07-30,2021-08-02,2021-08-31,Healthcare,locked_prior_day_expanding_zscore,-0.22134106491504038,1.0,source-day ticker coverage share,0.01603607815196817,0.016082803667276435,-4.598593258309247e-05,-0.22424242424242422,10
2021-07-30,2021-08-02,2021-08-31,Industrials,locked_prior_day_expanding_zscore,0.7185379571195721,0.6,source-day ticker coverage share,0.005716049353246433,0.016082803667276435,-0.010202666826575557,-0.22424242424242422,10
2021-07-30,2021-08-02,2021-08-31,Materials,locked_prior_day_expanding_zscore,1.0041515034743278,0.8,source-day ticker coverage share,0.021495431425164302,0.016082803667276435,0.005326955380361209,-0.22424242424242422,10
2021-07-30,2021-08-02,2021-08-31,RealEstate,locked_prior_day_expanding_zscore,-1.2382987784568025,0.6,source-day ticker coverage share,0.032138549097316504,0.016082803667276435,0.01580161121917545,-0.22424242424242422,10
2021-07-30,2021-08-02,2021-08-31,Tech,locked_prior_day_expanding_zscore,0.19271595371446437,0.8,source-day ticker coverage share,0.05041854813025615,0.016082803667276435,0.03379227001879581,-0.22424242424242422,10
2021-07-30,2021-08-02,2021-08-31,Utilities,locked_prior_day_expanding_zscore,-0.1781520573377154,0.6,source-day ticker coverage share,0.03829884926750071,0.016082803667276435,0.021864404672573334,-0.22424242424242422,10
2021-08-31,2021-09-01,2021-09-30,Comm,exploratory_21d_coverage_adjusted_zscore,1.4311145680796014,0.7333333333333333,21-day observed ticker opportunities / total ticker opportunities,-0.043916696168668,-0.04702201489118263,0.003258541929654468,-0.01818181818181818,10
2021-08-31,2021-09-01,2021-09-30,Consumer,exploratory_21d_coverage_adjusted_zscore,0.6588381546548968,0.8476190476190476,21-day observed ticker opportunities / total ticker opportunities,-0.07255900613191535,-0.04702201489118263,-0.0267970421560334,-0.01818181818181818,10
2021-08-31,2021-09-01,2021-09-30,Energy,exploratory_21d_coverage_adjusted_zscore,-1.7888543819998317,0.8,21-day observed ticker opportunities / total ticker opportunities,0.11086229798623415,-0.04702201489118263,0.16567466966132338,-0.01818181818181818,10
2021-08-31,2021-09-01,2021-09-30,Financials,exploratory_21d_coverage_adjusted_zscore,-0.03869264137490159,0.8095238095238095,21-day observed ticker opportunities / total ticker opportunities,-0.02462766199752986,-0.04702201489118263,0.023499339170039324,-0.01818181818181818,10
2021-08-31,2021-09-01,2021-09-30,Healthcare,exploratory_21d_coverage_adjusted_zscore,0.775891265427593,0.7523809523809524,21-day observed ticker opportunities / total ticker opportunities,-0.05312739380038345,-0.04702201489118263,-0.006406631637459803,-0.01818181818181818,10
2021-08-31,2021-09-01,2021-09-30,Industrials,exploratory_21d_coverage_adjusted_zscore,-0.34223492376951414,0.580952380952381,21-day observed ticker opportunities / total ticker opportunities,-0.0552069520939138,-0.04702201489118263,-0.008588799878516129,-0.01818181818181818,10
2021-08-31,2021-09-01,2021-09-30,Materials,exploratory_21d_coverage_adjusted_zscore,-0.35435193241219426,0.4666666666666667,21-day observed ticker opportunities / total ticker opportunities,-0.09095312325871396,-0.04702201489118263,-0.04609876519079814,-0.01818181818181818,10
2021-08-31,2021-09-01,2021-09-30,RealEstate,exploratory_21d_coverage_adjusted_zscore,1.0722270714536282,0.3142857142857143,21-day observed ticker opportunities / total ticker opportunities,-0.0857909611725245,-0.04702201489118263,-0.04068189075418671,-0.01818181818181818,10
2021-08-31,2021-09-01,2021-09-30,Tech,exploratory_21d_coverage_adjusted_zscore,-0.8170780911628209,0.6952380952380952,21-day observed ticker opportunities / total ticker opportunities,-0.0815666711368217,-0.04702201489118263,-0.036249165023150565,-0.01818181818181818,10
2021-08-31,2021-09-01,2021-09-30,Utilities,exploratory_21d_coverage_adjusted_zscore,-0.5636379381073576,0.42857142857142855,21-day observed ticker opportunities / total ticker opportunities,-0.06749854462638927,-0.04702201489118263,-0.021486886428828122,-0.01818181818181818,10
2021-08-31,2021-09-01,2021-09-30,Comm,locked_prior_day_expanding_zscore,0.20801634261106783,0.8,source-day ticker coverage share,-0.043916696168668,-0.04702201489118263,0.003258541929654468,-0.35757575757575755,10
2021-08-31,2021-09-01,2021-09-30,Consumer,locked_prior_day_expanding_zscore,0.6239529083026017,1.0,source-day ticker coverage share,-0.07255900613191535,-0.04702201489118263,-0.0267970421560334,-0.35757575757575755,10
2021-08-31,2021-09-01,2021-09-30,Energy,locked_prior_day_expanding_zscore,-1.663339918221549,1.0,source-day ticker coverage share,0.11086229798623415,-0.04702201489118263,0.16567466966132338,-0.35757575757575755,10
2021-08-31,2021-09-01,2021-09-30,Financials,locked_prior_day_expanding_zscore,-0.05775144921925803,0.4,source-day ticker coverage share,-0.02462766199752986,-0.04702201489118263,0.023499339170039324,-0.35757575757575755,10
2021-08-31,2021-09-01,2021-09-30,Healthcare,locked_prior_day_expanding_zscore,0.8997411574508205,0.8,source-day ticker coverage share,-0.05312739380038345,-0.04702201489118263,-0.006406631637459803,-0.35757575757575755,10
2021-08-31,2021-09-01,2021-09-30,Industrials,locked_prior_day_expanding_zscore,-0.34412351952381676,0.6,source-day ticker coverage share,-0.0552069520939138,-0.04702201489118263,-0.008588799878516129,-0.35757575757575755,10
2021-08-31,2021-09-01,2021-09-30,Materials,locked_prior_day_expanding_zscore,0.24107527806690673,0.8,source-day ticker coverage share,-0.09095312325871396,-0.04702201489118263,-0.04609876519079814,-0.35757575757575755,10
2021-08-31,2021-09-01,2021-09-30,RealEstate,locked_prior_day_expanding_zscore,-0.827135760169939,0.2,source-day ticker coverage share,-0.0857909611725245,-0.04702201489118263,-0.04068189075418671,-0.35757575757575755,10
2021-08-31,2021-09-01,2021-09-30,Tech,locked_prior_day_expanding_zscore,1.6492155537564426,0.8,source-day ticker coverage share,-0.0815666711368217,-0.04702201489118263,-0.036249165023150565,-0.35757575757575755,10
2021-08-31,2021-09-01,2021-09-30,Utilities,locked_prior_day_expanding_zscore,0.932457562015399,0.6,source-day ticker coverage share,-0.06749854462638927,-0.04702201489118263,-0.021486886428828122,-0.35757575757575755,10
2021-09-30,2021-10-01,2021-10-29,Comm,exploratory_21d_coverage_adjusted_zscore,0.4633641207193463,0.7428571428571429,21-day observed ticker opportunities / total ticker opportunities,-0.013653249256100786,0.057007772624492636,-0.0668500494609855,0.006060606060606061,10
2021-09-30,2021-10-01,2021-10-29,Consumer,exploratory_21d_coverage_adjusted_zscore,1.064880827262983,0.9428571428571428,21-day observed ticker opportunities / total ticker opportunities,0.05105427522492345,0.057007772624492636,-0.005632406453158767,0.006060606060606061,10
2021-09-30,2021-10-01,2021-10-29,Energy,exploratory_21d_coverage_adjusted_zscore,-0.32877216206562093,0.8285714285714286,21-day observed ticker opportunities / total ticker opportunities,0.11165308639946647,0.057007772624492636,0.05169811915317557,0.006060606060606061,10
2021-09-30,2021-10-01,2021-10-29,Financials,exploratory_21d_coverage_adjusted_zscore,-0.6162648446451597,0.8952380952380953,21-day observed ticker opportunities / total ticker opportunities,0.044977818182821094,0.057007772624492636,-0.01138114094639231,0.006060606060606061,10
2021-09-30,2021-10-01,2021-10-29,Healthcare,exploratory_21d_coverage_adjusted_zscore,-0.11776349009041623,0.819047619047619,21-day observed ticker opportunities / total ticker opportunities,0.04725169125422335,0.057007772624492636,-0.009229905042273723,0.006060606060606061,10
2021-09-30,2021-10-01,2021-10-29,Industrials,exploratory_21d_coverage_adjusted_zscore,-0.38569819158411706,0.580952380952381,21-day observed ticker opportunities / total ticker opportunities,0.04230489357939371,0.057007772624492636,-0.013909906271164396,0.006060606060606061,10
2021-09-30,2021-10-01,2021-10-29,Materials,exploratory_21d_coverage_adjusted_zscore,-0.9393355942172581,0.42857142857142855,21-day observed ticker opportunities / total ticker opportunities,0.050973609705508016,0.057007772624492636,-0.005708721425957131,0.006060606060606061,10
2021-09-30,2021-10-01,2021-10-29,RealEstate,exploratory_21d_coverage_adjusted_zscore,-0.09174270418772751,0.4095238095238095,21-day observed ticker opportunities / total ticker opportunities,0.09556963422169162,0.057007772624492636,0.03648209842530492,0.006060606060606061,10
2021-09-30,2021-10-01,2021-10-29,Tech,exploratory_21d_coverage_adjusted_zscore,0.3684435411416444,0.9142857142857143,21-day observed ticker opportunities / total ticker opportunities,0.09367270063603095,0.057007772624492636,0.0346874724681554,0.006060606060606061,10
2021-09-30,2021-10-01,2021-10-29,Utilities,exploratory_21d_coverage_adjusted_zscore,0.09071699348602952,0.4,21-day observed ticker opportunities / total ticker opportunities,0.04427765078570678,0.057007772624492636,-0.01204354610106384,0.006060606060606061,10
2021-09-30,2021-10-01,2021-10-29,Comm,locked_prior_day_expanding_zscore,-1.4071712948422266,0.8,source-day ticker coverage share,-0.013653249256100786,0.057007772624492636,-0.0668500494609855,0.18787878787878787,10
2021-09-30,2021-10-01,2021-10-29,Consumer,locked_prior_day_expanding_zscore,1.4835065780011685,0.8,source-day ticker coverage share,0.05105427522492345,0.057007772624492636,-0.005632406453158767,0.18787878787878787,10
2021-09-30,2021-10-01,2021-10-29,Energy,locked_prior_day_expanding_zscore,-0.44565826292935795,0.6,source-day ticker coverage share,0.11165308639946647,0.057007772624492636,0.05169811915317557,0.18787878787878787,10
2021-09-30,2021-10-01,2021-10-29,Financials,locked_prior_day_expanding_zscore,-0.71795157422467,0.4,source-day ticker coverage share,0.044977818182821094,0.057007772624492636,-0.01138114094639231,0.18787878787878787,10
2021-09-30,2021-10-01,2021-10-29,Healthcare,locked_prior_day_expanding_zscore,1.1534020471132707,1.0,source-day ticker coverage share,0.04725169125422335,0.057007772624492636,-0.009229905042273723,0.18787878787878787,10
2021-09-30,2021-10-01,2021-10-29,Industrials,locked_prior_day_expanding_zscore,0.9483393882274223,0.4,source-day ticker coverage share,0.04230489357939371,0.057007772624492636,-0.013909906271164396,0.18787878787878787,10
2021-09-30,2021-10-01,2021-10-29,Materials,locked_prior_day_expanding_zscore,-0.6556985838694985,0.4,source-day ticker coverage share,0.050973609705508016,0.057007772624492636,-0.005708721425957131,0.18787878787878787,10
2021-09-30,2021-10-01,2021-10-29,RealEstate,locked_prior_day_expanding_zscore,-0.6399218920739348,0.2,source-day ticker coverage share,0.09556963422169162,0.057007772624492636,0.03648209842530492,0.18787878787878787,10
2021-09-30,2021-10-01,2021-10-29,Tech,locked_prior_day_expanding_zscore,0.7034822265662967,0.8,source-day ticker coverage share,0.09367270063603095,0.057007772624492636,0.0346874724681554,0.18787878787878787,10
2021-09-30,2021-10-01,2021-10-29,Utilities,locked_prior_day_expanding_zscore,0.3743587485311036,0.2,source-day ticker coverage share,0.04427765078570678,0.057007772624492636,-0.01204354610106384,0.18787878787878787,10
2021-10-29,2021-11-01,2021-11-30,Comm,exploratory_21d_coverage_adjusted_zscore,1.4392374135709236,0.7428571428571429,21-day observed ticker opportunities / total ticker opportunities,-0.07401079984445569,-0.018456273257128286,-0.05659913570196007,-0.29696969696969694,10
2021-10-29,2021-11-01,2021-11-30,Consumer,exploratory_21d_coverage_adjusted_zscore,0.3983213875585547,0.8857142857142857,21-day observed ticker opportunities / total ticker opportunities,-0.043601395623778294,-0.018456273257128286,-0.025617933956025518,-0.29696969696969694,10
2021-10-29,2021-11-01,2021-11-30,Energy,exploratory_21d_coverage_adjusted_zscore,1.6075682572865038,0.8,21-day observed ticker opportunities / total ticker opportunities,-0.0686330346427958,-0.018456273257128286,-0.05112025070158899,-0.29696969696969694,10
2021-10-29,2021-11-01,2021-11-30,Financials,exploratory_21d_coverage_adjusted_zscore,-0.7031292884426243,0.8666666666666667,21-day observed ticker opportunities / total ticker opportunities,-0.0758826337571411,-0.018456273257128286,-0.058506166292331074,-0.29696969696969694,10
2021-10-29,2021-11-01,2021-11-30,Healthcare,exploratory_21d_coverage_adjusted_zscore,-1.1185571020107963,0.8,21-day observed ticker opportunities / total ticker opportunities,-0.027956133436085828,-0.018456273257128286,-0.009678489016970881,-0.29696969696969694,10
2021-10-29,2021-11-01,2021-11-30,Industrials,exploratory_21d_coverage_adjusted_zscore,0.3023581744907215,0.6476190476190476,21-day observed ticker opportunities / total ticker opportunities,-0.05777960674266547,-0.018456273257128286,-0.0400627424068275,-0.29696969696969694,10
2021-10-29,2021-11-01,2021-11-30,Materials,exploratory_21d_coverage_adjusted_zscore,0.05185574042302865,0.5047619047619047,21-day observed ticker opportunities / total ticker opportunities,0.017420108837398862,-0.018456273257128286,0.0365509769122343,-0.29696969696969694,10
2021-10-29,2021-11-01,2021-11-30,RealEstate,exploratory_21d_coverage_adjusted_zscore,1.045114861699637,0.4,21-day observed ticker opportunities / total ticker opportunities,-0.009579768657631105,-0.018456273257128286,0.009043412287858876,-0.29696969696969694,10
2021-10-29,2021-11-01,2021-11-30,Tech,exploratory_21d_coverage_adjusted_zscore,-0.34695564429724624,0.9142857142857143,21-day observed ticker opportunities / total ticker opportunities,0.19409509433287786,-0.018456273257128286,0.21654803734045647,-0.29696969696969694,10
2021-10-29,2021-11-01,2021-11-30,Utilities,exploratory_21d_coverage_adjusted_zscore,-1.2575012821354572,0.4095238095238095,21-day observed ticker opportunities / total ticker opportunities,-0.024876912175790578,-0.018456273257128286,-0.006541368197592545,-0.29696969696969694,10
2021-10-29,2021-11-01,2021-11-30,Comm,locked_prior_day_expanding_zscore,-0.08883017245226509,0.8,source-day ticker coverage share,-0.07401079984445569,-0.018456273257128286,-0.05659913570196007,-0.22424242424242422,10
2021-10-29,2021-11-01,2021-11-30,Consumer,locked_prior_day_expanding_zscore,-1.219511154041244,0.8,source-day ticker coverage share,-0.043601395623778294,-0.018456273257128286,-0.025617933956025518,-0.22424242424242422,10
2021-10-29,2021-11-01,2021-11-30,Energy,locked_prior_day_expanding_zscore,0.08360711324687228,0.8,source-day ticker coverage share,-0.0686330346427958,-0.018456273257128286,-0.05112025070158899,-0.22424242424242422,10
2021-10-29,2021-11-01,2021-11-30,Financials,locked_prior_day_expanding_zscore,1.161861142148425,0.4,source-day ticker coverage share,-0.0758826337571411,-0.018456273257128286,-0.058506166292331074,-0.22424242424242422,10
2021-10-29,2021-11-01,2021-11-30,Healthcare,locked_prior_day_expanding_zscore,-0.12069486937047572,1.0,source-day ticker coverage share,-0.027956133436085828,-0.018456273257128286,-0.009678489016970881,-0.22424242424242422,10
2021-10-29,2021-11-01,2021-11-30,Industrials,locked_prior_day_expanding_zscore,0.657448607018441,0.8,source-day ticker coverage share,-0.05777960674266547,-0.018456273257128286,-0.0400627424068275,-0.22424242424242422,10
2021-10-29,2021-11-01,2021-11-30,Materials,locked_prior_day_expanding_zscore,-0.48723184379691037,0.4,source-day ticker coverage share,0.017420108837398862,-0.018456273257128286,0.0365509769122343,-0.22424242424242422,10
2021-10-29,2021-11-01,2021-11-30,RealEstate,locked_prior_day_expanding_zscore,0.2822251651865956,0.6,source-day ticker coverage share,-0.009579768657631105,-0.018456273257128286,0.009043412287858876,-0.22424242424242422,10
2021-10-29,2021-11-01,2021-11-30,Tech,locked_prior_day_expanding_zscore,1.0239301327884662,1.0,source-day ticker coverage share,0.19409509433287786,-0.018456273257128286,0.21654803734045647,-0.22424242424242422,10
2021-10-29,2021-11-01,2021-11-30,Utilities,locked_prior_day_expanding_zscore,-1.7543810676174634,0.4,source-day ticker coverage share,-0.024876912175790578,-0.018456273257128286,-0.006541368197592545,-0.22424242424242422,10
2021-11-30,2021-12-01,2021-12-31,Comm,exploratory_21d_coverage_adjusted_zscore,-0.5775613871591793,0.819047619047619,21-day observed ticker opportunities / total ticker opportunities,0.05823361430143503,0.057285014371371235,0.0008972036084591295,-0.12727272727272726,10
2021-11-30,2021-12-01,2021-12-31,Consumer,exploratory_21d_coverage_adjusted_zscore,0.5989677836183738,0.9523809523809523,21-day observed ticker opportunities / total ticker opportunities,0.05712349750565071,0.057285014371371235,-0.0001527656814624967,-0.12727272727272726,10
2021-11-30,2021-12-01,2021-12-31,Energy,exploratory_21d_coverage_adjusted_zscore,-0.4549144819383151,0.6761904761904762,21-day observed ticker opportunities / total ticker opportunities,0.023727103688283124,0.057285014371371235,-0.03173970143049898,-0.12727272727272726,10
2021-11-30,2021-12-01,2021-12-31,Financials,exploratory_21d_coverage_adjusted_zscore,0.1773614453185283,0.8095238095238095,21-day observed ticker opportunities / total ticker opportunities,0.03781188136924163,0.057285014371371235,-0.018418054486195268,-0.12727272727272726,10
2021-11-30,2021-12-01,2021-12-31,Healthcare,exploratory_21d_coverage_adjusted_zscore,-0.5919343244965286,0.7714285714285715,21-day observed ticker opportunities / total ticker opportunities,0.10383262144630434,0.057285014371371235,0.04402559994913857,-0.12727272727272726,10
2021-11-30,2021-12-01,2021-12-31,Industrials,exploratory_21d_coverage_adjusted_zscore,-0.2306278300100278,0.6190476190476191,21-day observed ticker opportunities / total ticker opportunities,0.042380390155466685,0.057285014371371235,-0.014097073176400188,-0.12727272727272726,10
2021-11-30,2021-12-01,2021-12-31,Materials,exploratory_21d_coverage_adjusted_zscore,-0.33338477548421525,0.42857142857142855,21-day observed ticker opportunities / total ticker opportunities,0.08374134696190505,0.057285014371371235,0.025022895653414645,-0.12727272727272726,10
2021-11-30,2021-12-01,2021-12-31,RealEstate,exploratory_21d_coverage_adjusted_zscore,0.6109507626644878,0.38095238095238093,21-day observed ticker opportunities / total ticker opportunities,0.12137765822687485,0.057285014371371235,0.060620024860194466,-0.12727272727272726,10
2021-11-30,2021-12-01,2021-12-31,Tech,exploratory_21d_coverage_adjusted_zscore,0.43958938202053816,0.8476190476190476,21-day observed ticker opportunities / total ticker opportunities,-0.05586208777946544,0.057285014371371235,-0.10701665171913022,-0.12727272727272726,10
2021-11-30,2021-12-01,2021-12-31,Utilities,exploratory_21d_coverage_adjusted_zscore,-0.4011415113687748,0.42857142857142855,21-day observed ticker opportunities / total ticker opportunities,0.09831875797061196,0.057285014371371235,0.038810484440317206,-0.12727272727272726,10
2021-11-30,2021-12-01,2021-12-31,Comm,locked_prior_day_expanding_zscore,-2.0,0.6,source-day ticker coverage share,0.05823361430143503,0.057285014371371235,0.0008972036084591295,0.33333333333333326,10
2021-11-30,2021-12-01,2021-12-31,Consumer,locked_prior_day_expanding_zscore,-0.7517677028930767,1.0,source-day ticker coverage share,0.05712349750565071,0.057285014371371235,-0.0001527656814624967,0.33333333333333326,10
2021-11-30,2021-12-01,2021-12-31,Energy,locked_prior_day_expanding_zscore,-1.18311145973016,0.8,source-day ticker coverage share,0.023727103688283124,0.057285014371371235,-0.03173970143049898,0.33333333333333326,10
2021-11-30,2021-12-01,2021-12-31,Financials,locked_prior_day_expanding_zscore,-0.7251366964785165,0.8,source-day ticker coverage share,0.03781188136924163,0.057285014371371235,-0.018418054486195268,0.33333333333333326,10
2021-11-30,2021-12-01,2021-12-31,Healthcare,locked_prior_day_expanding_zscore,0.019413619549208026,0.8,source-day ticker coverage share,0.10383262144630434,0.057285014371371235,0.04402559994913857,0.33333333333333326,10
2021-11-30,2021-12-01,2021-12-31,Industrials,locked_prior_day_expanding_zscore,-0.641824475605327,0.8,source-day ticker coverage share,0.042380390155466685,0.057285014371371235,-0.014097073176400188,0.33333333333333326,10
2021-11-30,2021-12-01,2021-12-31,Materials,locked_prior_day_expanding_zscore,-0.6415166231516671,0.4,source-day ticker coverage share,0.08374134696190505,0.057285014371371235,0.025022895653414645,0.33333333333333326,10
2021-11-30,2021-12-01,2021-12-31,RealEstate,locked_prior_day_expanding_zscore,-0.38048159645854723,0.8,source-day ticker coverage share,0.12137765822687485,0.057285014371371235,0.060620024860194466,0.33333333333333326,10
2021-11-30,2021-12-01,2021-12-31,Tech,locked_prior_day_expanding_zscore,0.055520114182789,1.0,source-day ticker coverage share,-0.05586208777946544,0.057285014371371235,-0.10701665171913022,0.33333333333333326,10
2021-11-30,2021-12-01,2021-12-31,Utilities,locked_prior_day_expanding_zscore,0.2623092396167749,0.2,source-day ticker coverage share,0.09831875797061196,0.057285014371371235,0.038810484440317206,0.33333333333333326,10
2021-12-31,2022-01-03,2022-01-31,Comm,exploratory_21d_coverage_adjusted_zscore,0.3119127461100549,0.7047619047619048,21-day observed ticker opportunities / total ticker opportunities,-0.012567161148922312,-0.013874856016775294,0.0013260942344202054,-0.19999999999999998,10
2021-12-31,2022-01-03,2022-01-31,Consumer,exploratory_21d_coverage_adjusted_zscore,-0.17012623133705493,0.9142857142857143,21-day observed ticker opportunities / total ticker opportunities,-0.07113676750915032,-0.013874856016775294,-0.05806759095613234,-0.19999999999999998,10
2021-12-31,2022-01-03,2022-01-31,Energy,exploratory_21d_coverage_adjusted_zscore,0.5400259376916055,0.7238095238095238,21-day observed ticker opportunities / total ticker opportunities,0.23865580972642353,-0.013874856016775294,0.2560837914781886,-0.19999999999999998,10
2021-12-31,2022-01-03,2022-01-31,Financials,exploratory_21d_coverage_adjusted_zscore,-0.6556014449457728,0.8761904761904762,21-day observed ticker opportunities / total ticker opportunities,0.03713722573993983,-0.013874856016775294,0.05172982563923245,-0.19999999999999998,10
2021-12-31,2022-01-03,2022-01-31,Healthcare,exploratory_21d_coverage_adjusted_zscore,-0.5362519333617107,0.8095238095238095,21-day observed ticker opportunities / total ticker opportunities,-0.011014995747541612,-0.013874856016775294,0.002900098721427824,-0.19999999999999998,10
2021-12-31,2022-01-03,2022-01-31,Industrials,exploratory_21d_coverage_adjusted_zscore,-0.0805649004721488,0.6952380952380952,21-day observed ticker opportunities / total ticker opportunities,-0.028015995012791728,-0.013874856016775294,-0.014340105900653266,-0.19999999999999998,10
2021-12-31,2022-01-03,2022-01-31,Materials,exploratory_21d_coverage_adjusted_zscore,0.32660927609708396,0.4095238095238095,21-day observed ticker opportunities / total ticker opportunities,-0.06290086709686116,-0.013874856016775294,-0.04971581079664655,-0.19999999999999998,10
2021-12-31,2022-01-03,2022-01-31,RealEstate,exploratory_21d_coverage_adjusted_zscore,0.194778421234541,0.580952380952381,21-day observed ticker opportunities / total ticker opportunities,-0.0808745565321547,-0.013874856016775294,-0.06794239141367964,-0.19999999999999998,10
2021-12-31,2022-01-03,2022-01-31,Tech,exploratory_21d_coverage_adjusted_zscore,0.34178265745265407,0.9333333333333333,21-day observed ticker opportunities / total ticker opportunities,-0.10468611034839947,-0.013874856016775294,-0.09208897560893037,-0.19999999999999998,10
2021-12-31,2022-01-03,2022-01-31,Utilities,exploratory_21d_coverage_adjusted_zscore,0.09402694282998474,0.4095238095238095,21-day observed ticker opportunities / total ticker opportunities,-0.02253257163975564,-0.013874856016775294,-0.008779530342375663,-0.19999999999999998,10
2021-12-31,2022-01-03,2022-01-31,Comm,locked_prior_day_expanding_zscore,0.39344042675370655,0.8,source-day ticker coverage share,-0.012567161148922312,-0.013874856016775294,0.0013260942344202054,0.09090909090909088,10
2021-12-31,2022-01-03,2022-01-31,Consumer,locked_prior_day_expanding_zscore,-0.3400747704163237,1.0,source-day ticker coverage share,-0.07113676750915032,-0.013874856016775294,-0.05806759095613234,0.09090909090909088,10
2021-12-31,2022-01-03,2022-01-31,Energy,locked_prior_day_expanding_zscore,-0.44810597652150025,0.8,source-day ticker coverage share,0.23865580972642353,-0.013874856016775294,0.2560837914781886,0.09090909090909088,10
2021-12-31,2022-01-03,2022-01-31,Financials,locked_prior_day_expanding_zscore,2.0,0.8,source-day ticker coverage share,0.03713722573993983,-0.013874856016775294,0.05172982563923245,0.09090909090909088,10
2021-12-31,2022-01-03,2022-01-31,Healthcare,locked_prior_day_expanding_zscore,0.37198533426869307,0.8,source-day ticker coverage share,-0.011014995747541612,-0.013874856016775294,0.002900098721427824,0.09090909090909088,10
2021-12-31,2022-01-03,2022-01-31,Industrials,locked_prior_day_expanding_zscore,0.04026888457571751,0.8,source-day ticker coverage share,-0.028015995012791728,-0.013874856016775294,-0.014340105900653266,0.09090909090909088,10
2021-12-31,2022-01-03,2022-01-31,Materials,locked_prior_day_expanding_zscore,0.016541056830037367,0.4,source-day ticker coverage share,-0.06290086709686116,-0.013874856016775294,-0.04971581079664655,0.09090909090909088,10
2021-12-31,2022-01-03,2022-01-31,RealEstate,locked_prior_day_expanding_zscore,0.6412768030990479,0.6,source-day ticker coverage share,-0.0808745565321547,-0.013874856016775294,-0.06794239141367964,0.09090909090909088,10
2021-12-31,2022-01-03,2022-01-31,Tech,locked_prior_day_expanding_zscore,0.29483335539896643,1.0,source-day ticker coverage share,-0.10468611034839947,-0.013874856016775294,-0.09208897560893037,0.09090909090909088,10
2021-12-31,2022-01-03,2022-01-31,Utilities,locked_prior_day_expanding_zscore,1.281337137098209,0.4,source-day ticker coverage share,-0.02253257163975564,-0.013874856016775294,-0.008779530342375663,0.09090909090909088,10
2022-01-31,2022-02-01,2022-02-28,Comm,exploratory_21d_coverage_adjusted_zscore,0.7482538118437959,0.8476190476190476,21-day observed ticker opportunities / total ticker opportunities,-0.005068906269403928,-0.006953631663962678,0.0018979228509912183,0.28484848484848485,10
2022-01-31,2022-02-01,2022-02-28,Consumer,exploratory_21d_coverage_adjusted_zscore,-0.8216099202837774,0.9714285714285714,21-day observed ticker opportunities / total ticker opportunities,-0.022556095699377,-0.006953631663962678,-0.015711717531939673,0.28484848484848485,10
2022-01-31,2022-02-01,2022-02-28,Energy,exploratory_21d_coverage_adjusted_zscore,1.2732365913783534,0.8476190476190476,21-day observed ticker opportunities / total ticker opportunities,0.08032509983245295,-0.006953631663962678,0.08788988538638032,0.28484848484848485,10
2022-01-31,2022-02-01,2022-02-28,Financials,exploratory_21d_coverage_adjusted_zscore,1.050666565536319,0.9523809523809523,21-day observed ticker opportunities / total ticker opportunities,-0.04566258723023142,-0.006953631663962678,-0.038980008185448556,0.28484848484848485,10
2022-01-31,2022-02-01,2022-02-28,Healthcare,exploratory_21d_coverage_adjusted_zscore,-0.5497554660957298,0.9047619047619048,21-day observed ticker opportunities / total ticker opportunities,-0.03072763397142242,-0.006953631663962678,-0.023940475556338603,0.28484848484848485,10
2022-01-31,2022-02-01,2022-02-28,Industrials,exploratory_21d_coverage_adjusted_zscore,0.9476955395086711,0.819047619047619,21-day observed ticker opportunities / total ticker opportunities,-0.015612908276482318,-0.006953631663962678,-0.008719911666389968,0.28484848484848485,10
2022-01-31,2022-02-01,2022-02-28,Materials,exploratory_21d_coverage_adjusted_zscore,-0.03597560576396069,0.49523809523809526,21-day observed ticker opportunities / total ticker opportunities,0.05854555245584869,-0.006953631663962678,0.06595783057901183,0.28484848484848485,10
2022-01-31,2022-02-01,2022-02-28,RealEstate,exploratory_21d_coverage_adjusted_zscore,0.6023760201101988,0.638095238095238,21-day observed ticker opportunities / total ticker opportunities,-0.06178649654051971,-0.006953631663962678,-0.05521682232062919,0.28484848484848485,10
2022-01-31,2022-02-01,2022-02-28,Tech,exploratory_21d_coverage_adjusted_zscore,1.000062042742453,0.9428571428571428,21-day observed ticker opportunities / total ticker opportunities,-0.01686631735481048,-0.006953631663962678,-0.009982097520237265,0.28484848484848485,10
2022-01-31,2022-02-01,2022-02-28,Utilities,exploratory_21d_coverage_adjusted_zscore,1.088023069020518,0.6666666666666666,21-day observed ticker opportunities / total ticker opportunities,-0.017398262181939295,-0.006953631663962678,-0.010517767196991823,0.28484848484848485,10
2022-01-31,2022-02-01,2022-02-28,Comm,locked_prior_day_expanding_zscore,-2.0,1.0,source-day ticker coverage share,-0.005068906269403928,-0.006953631663962678,0.0018979228509912183,0.19999999999999998,10
2022-01-31,2022-02-01,2022-02-28,Consumer,locked_prior_day_expanding_zscore,-1.203937953145032,0.8,source-day ticker coverage share,-0.022556095699377,-0.006953631663962678,-0.015711717531939673,0.19999999999999998,10
2022-01-31,2022-02-01,2022-02-28,Energy,locked_prior_day_expanding_zscore,0.7113721086372609,0.8,source-day ticker coverage share,0.08032509983245295,-0.006953631663962678,0.08788988538638032,0.19999999999999998,10
2022-01-31,2022-02-01,2022-02-28,Financials,locked_prior_day_expanding_zscore,0.02422990568040916,1.0,source-day ticker coverage share,-0.04566258723023142,-0.006953631663962678,-0.038980008185448556,0.19999999999999998,10
2022-01-31,2022-02-01,2022-02-28,Healthcare,locked_prior_day_expanding_zscore,-0.11351215977834242,1.0,source-day ticker coverage share,-0.03072763397142242,-0.006953631663962678,-0.023940475556338603,0.19999999999999998,10
2022-01-31,2022-02-01,2022-02-28,Industrials,locked_prior_day_expanding_zscore,0.22059822527257356,1.0,source-day ticker coverage share,-0.015612908276482318,-0.006953631663962678,-0.008719911666389968,0.19999999999999998,10
2022-01-31,2022-02-01,2022-02-28,Materials,locked_prior_day_expanding_zscore,-0.6450892500817955,0.2,source-day ticker coverage share,0.05854555245584869,-0.006953631663962678,0.06595783057901183,0.19999999999999998,10
2022-01-31,2022-02-01,2022-02-28,RealEstate,locked_prior_day_expanding_zscore,-0.6098414348792666,0.8,source-day ticker coverage share,-0.06178649654051971,-0.006953631663962678,-0.05521682232062919,0.19999999999999998,10
2022-01-31,2022-02-01,2022-02-28,Tech,locked_prior_day_expanding_zscore,0.41897760255474,1.0,source-day ticker coverage share,-0.01686631735481048,-0.006953631663962678,-0.009982097520237265,0.19999999999999998,10
2022-01-31,2022-02-01,2022-02-28,Utilities,locked_prior_day_expanding_zscore,0.20064977579729848,1.0,source-day ticker coverage share,-0.017398262181939295,-0.006953631663962678,-0.010517767196991823,0.19999999999999998,10
2022-02-28,2022-03-01,2022-03-31,Comm,exploratory_21d_coverage_adjusted_zscore,-0.13391099961956351,0.8761904761904762,21-day observed ticker opportunities / total ticker opportunities,-0.006688815189039521,0.040205639889620004,-0.045081908115433444,0.5272727272727272,10
2022-02-28,2022-03-01,2022-03-31,Consumer,exploratory_21d_coverage_adjusted_zscore,-1.0885028209384295,0.9904761904761905,21-day observed ticker opportunities / total ticker opportunities,0.0031541408871542664,0.040205639889620004,-0.03561939830127958,0.5272727272727272,10
2022-02-28,2022-03-01,2022-03-31,Energy,exploratory_21d_coverage_adjusted_zscore,0.4862714248481633,0.9142857142857143,21-day observed ticker opportunities / total ticker opportunities,0.12161701049000495,0.040205639889620004,0.078264688710036,0.5272727272727272,10
2022-02-28,2022-03-01,2022-03-31,Financials,exploratory_21d_coverage_adjusted_zscore,-0.9109677166209618,0.9142857142857143,21-day observed ticker opportunities / total ticker opportunities,-0.03599192550193964,0.040205639889620004,-0.07325240555285317,0.5272727272727272,10
2022-02-28,2022-03-01,2022-03-31,Healthcare,exploratory_21d_coverage_adjusted_zscore,-0.4932177463875969,0.9238095238095239,21-day observed ticker opportunities / total ticker opportunities,0.04437595592806898,0.040205639889620004,0.004009126540490016,0.5272727272727272,10
2022-02-28,2022-03-01,2022-03-31,Industrials,exploratory_21d_coverage_adjusted_zscore,-0.41735154245407563,0.8285714285714286,21-day observed ticker opportunities / total ticker opportunities,0.01842751228230588,0.040205639889620004,-0.02093636755288608,0.5272727272727272,10
2022-02-28,2022-03-01,2022-03-31,Materials,exploratory_21d_coverage_adjusted_zscore,-0.9625362022480868,0.580952380952381,21-day observed ticker opportunities / total ticker opportunities,0.06418472074261095,0.040205639889620004,0.02305225037573866,0.5272727272727272,10
2022-02-28,2022-03-01,2022-03-31,RealEstate,exploratory_21d_coverage_adjusted_zscore,1.0112807452001902,0.7047619047619048,21-day observed ticker opportunities / total ticker opportunities,0.09955474465955372,0.040205639889620004,0.05705516533849164,0.5272727272727272,10
2022-02-28,2022-03-01,2022-03-31,Tech,exploratory_21d_coverage_adjusted_zscore,-0.05922415195405308,0.9714285714285714,21-day observed ticker opportunities / total ticker opportunities,-0.01758576876041673,0.040205639889620004,-0.05555767670724143,0.5272727272727272,10
2022-02-28,2022-03-01,2022-03-31,Utilities,exploratory_21d_coverage_adjusted_zscore,0.4149416413211487,0.819047619047619,21-day observed ticker opportunities / total ticker opportunities,0.09880226736888909,0.040205639889620004,0.0563317725190251,0.5272727272727272,10
2022-02-28,2022-03-01,2022-03-31,Comm,locked_prior_day_expanding_zscore,-0.037117331240086454,0.8,source-day ticker coverage share,-0.006688815189039521,0.040205639889620004,-0.045081908115433444,0.4424242424242424,10
2022-02-28,2022-03-01,2022-03-31,Consumer,locked_prior_day_expanding_zscore,-0.16231040464830673,1.0,source-day ticker coverage share,0.0031541408871542664,0.040205639889620004,-0.03561939830127958,0.4424242424242424,10
2022-02-28,2022-03-01,2022-03-31,Energy,locked_prior_day_expanding_zscore,0.09912100342644278,0.8,source-day ticker coverage share,0.12161701049000495,0.040205639889620004,0.078264688710036,0.4424242424242424,10
2022-02-28,2022-03-01,2022-03-31,Financials,locked_prior_day_expanding_zscore,-0.7904168689974252,0.8,source-day ticker coverage share,-0.03599192550193964,0.040205639889620004,-0.07325240555285317,0.4424242424242424,10
2022-02-28,2022-03-01,2022-03-31,Healthcare,locked_prior_day_expanding_zscore,-1.1914292299757554,1.0,source-day ticker coverage share,0.04437595592806898,0.040205639889620004,0.004009126540490016,0.4424242424242424,10
2022-02-28,2022-03-01,2022-03-31,Industrials,locked_prior_day_expanding_zscore,-0.5364109161291286,1.0,source-day ticker coverage share,0.01842751228230588,0.040205639889620004,-0.02093636755288608,0.4424242424242424,10
2022-02-28,2022-03-01,2022-03-31,Materials,locked_prior_day_expanding_zscore,-0.6373653626034604,0.6,source-day ticker coverage share,0.06418472074261095,0.040205639889620004,0.02305225037573866,0.4424242424242424,10
2022-02-28,2022-03-01,2022-03-31,RealEstate,locked_prior_day_expanding_zscore,-0.17656759025118982,0.8,source-day ticker coverage share,0.09955474465955372,0.040205639889620004,0.05705516533849164,0.4424242424242424,10
2022-02-28,2022-03-01,2022-03-31,Tech,locked_prior_day_expanding_zscore,-1.3961472291148975,0.8,source-day ticker coverage share,-0.01758576876041673,0.040205639889620004,-0.05555767670724143,0.4424242424242424,10
2022-02-28,2022-03-01,2022-03-31,Utilities,locked_prior_day_expanding_zscore,-0.1701694983769405,0.4,source-day ticker coverage share,0.09880226736888909,0.040205639889620004,0.0563317725190251,0.4424242424242424,10
2022-03-31,2022-04-01,2022-04-29,Comm,exploratory_21d_coverage_adjusted_zscore,-0.8596652481490549,0.7142857142857143,21-day observed ticker opportunities / total ticker opportunities,-0.0833584957732213,-0.06466012578241032,-0.019990989913107438,0.05454545454545454,10
2022-03-31,2022-04-01,2022-04-29,Consumer,exploratory_21d_coverage_adjusted_zscore,0.11992038399206251,0.9714285714285714,21-day observed ticker opportunities / total ticker opportunities,-0.0773155680497506,-0.06466012578241032,-0.013530314077464634,0.05454545454545454,10
2022-03-31,2022-04-01,2022-04-29,Energy,exploratory_21d_coverage_adjusted_zscore,1.616908094370908,0.9714285714285714,21-day observed ticker opportunities / total ticker opportunities,-0.026184984144587142,-0.06466012578241032,0.04113493148146552,0.05454545454545454,10
2022-03-31,2022-04-01,2022-04-29,Financials,exploratory_21d_coverage_adjusted_zscore,0.0183179090297926,0.8476190476190476,21-day observed ticker opportunities / total ticker opportunities,-0.07293852555330727,-0.06466012578241032,-0.008850686257572238,0.05454545454545454,10
2022-03-31,2022-04-01,2022-04-29,Healthcare,exploratory_21d_coverage_adjusted_zscore,-1.4102495227749399,0.8476190476190476,21-day observed ticker opportunities / total ticker opportunities,-0.016086144320848317,-0.06466012578241032,0.05193190496897615,0.05454545454545454,10
2022-03-31,2022-04-01,2022-04-29,Industrials,exploratory_21d_coverage_adjusted_zscore,0.42321541056393785,0.8380952380952381,21-day observed ticker opportunities / total ticker opportunities,-0.13137015457406098,-0.06466012578241032,-0.0713216988075629,0.05454545454545454,10
2022-03-31,2022-04-01,2022-04-29,Materials,exploratory_21d_coverage_adjusted_zscore,0.41491670393398333,0.5238095238095238,21-day observed ticker opportunities / total ticker opportunities,4.2254925121998355e-05,-0.06466012578241032,0.06917526183907818,0.05454545454545454,10
2022-03-31,2022-04-01,2022-04-29,RealEstate,exploratory_21d_coverage_adjusted_zscore,0.4508265007533068,0.6476190476190476,21-day observed ticker opportunities / total ticker opportunities,-0.01637291232333493,-0.06466012578241032,0.05162531266986514,0.05454545454545454,10
2022-03-31,2022-04-01,2022-04-29,Tech,exploratory_21d_coverage_adjusted_zscore,0.28257965077974384,0.9619047619047619,21-day observed ticker opportunities / total ticker opportunities,-0.17833757272245354,-0.06466012578241032,-0.12153597860364307,0.05454545454545454,10
2022-03-31,2022-04-01,2022-04-29,Utilities,exploratory_21d_coverage_adjusted_zscore,-0.21562777512219944,0.5047619047619047,21-day observed ticker opportunities / total ticker opportunities,-0.04322859746084551,-0.06466012578241032,0.022913091713846034,0.05454545454545454,10
2022-03-31,2022-04-01,2022-04-29,Comm,locked_prior_day_expanding_zscore,-0.011862730255534594,0.6,source-day ticker coverage share,-0.0833584957732213,-0.06466012578241032,-0.019990989913107438,-0.16565664216775916,10
2022-03-31,2022-04-01,2022-04-29,Consumer,locked_prior_day_expanding_zscore,0.4881495139423429,0.8,source-day ticker coverage share,-0.0773155680497506,-0.06466012578241032,-0.013530314077464634,-0.16565664216775916,10
2022-03-31,2022-04-01,2022-04-29,Energy,locked_prior_day_expanding_zscore,2.0,0.8,source-day ticker coverage share,-0.026184984144587142,-0.06466012578241032,0.04113493148146552,-0.16565664216775916,10
2022-03-31,2022-04-01,2022-04-29,Financials,locked_prior_day_expanding_zscore,0.2379144094895844,0.6,source-day ticker coverage share,-0.07293852555330727,-0.06466012578241032,-0.008850686257572238,-0.16565664216775916,10
2022-03-31,2022-04-01,2022-04-29,Healthcare,locked_prior_day_expanding_zscore,-0.5379463893954701,0.8,source-day ticker coverage share,-0.016086144320848317,-0.06466012578241032,0.05193190496897615,-0.16565664216775916,10
2022-03-31,2022-04-01,2022-04-29,Industrials,locked_prior_day_expanding_zscore,2.0,0.8,source-day ticker coverage share,-0.13137015457406098,-0.06466012578241032,-0.0713216988075629,-0.16565664216775916,10
2022-03-31,2022-04-01,2022-04-29,Materials,locked_prior_day_expanding_zscore,0.1029832602746807,0.6,source-day ticker coverage share,4.2254925121998355e-05,-0.06466012578241032,0.06917526183907818,-0.16565664216775916,10
2022-03-31,2022-04-01,2022-04-29,RealEstate,locked_prior_day_expanding_zscore,1.5295348779899358,0.6,source-day ticker coverage share,-0.01637291232333493,-0.06466012578241032,0.05162531266986514,-0.16565664216775916,10
2022-03-31,2022-04-01,2022-04-29,Tech,locked_prior_day_expanding_zscore,0.20890816264402537,1.0,source-day ticker coverage share,-0.17833757272245354,-0.06466012578241032,-0.12153597860364307,-0.16565664216775916,10
2022-03-31,2022-04-01,2022-04-29,Utilities,locked_prior_day_expanding_zscore,2.0,0.6,source-day ticker coverage share,-0.04322859746084551,-0.06466012578241032,0.022913091713846034,-0.16565664216775916,10
2022-04-29,2022-05-02,2022-05-31,Comm,exploratory_21d_coverage_adjusted_zscore,-0.3524291534555858,0.7428571428571429,21-day observed ticker opportunities / total ticker opportunities,0.1104315815758965,0.039296974714235766,0.06844492824701986,0.01818181818181818,10
2022-04-29,2022-05-02,2022-05-31,Consumer,exploratory_21d_coverage_adjusted_zscore,-0.31882716585621207,0.9619047619047619,21-day observed ticker opportunities / total ticker opportunities,-0.03336576137473091,0.039296974714235766,-0.06991527720837054,0.01818181818181818,10
2022-04-29,2022-05-02,2022-05-31,Energy,exploratory_21d_coverage_adjusted_zscore,1.9023794624226837,0.9047619047619048,21-day observed ticker opportunities / total ticker opportunities,0.17752794020092466,0.039296974714235766,0.1330042989153286,0.01818181818181818,10
2022-04-29,2022-05-02,2022-05-31,Financials,exploratory_21d_coverage_adjusted_zscore,-0.41147675279997153,0.9238095238095239,21-day observed ticker opportunities / total ticker opportunities,0.05838577046908977,0.039296974714235766,0.01836702715323746,0.01818181818181818,10
2022-04-29,2022-05-02,2022-05-31,Healthcare,exploratory_21d_coverage_adjusted_zscore,0.02840238672007051,0.8952380952380953,21-day observed ticker opportunities / total ticker opportunities,0.056011404842677415,0.039296974714235766,0.016082438932373044,0.01818181818181818,10
2022-04-29,2022-05-02,2022-05-31,Industrials,exploratory_21d_coverage_adjusted_zscore,-0.34934472903509894,0.8666666666666667,21-day observed ticker opportunities / total ticker opportunities,0.006122830100148358,0.039296974714235766,-0.0319197933037465,0.01818181818181818,10
2022-04-29,2022-05-02,2022-05-31,Materials,exploratory_21d_coverage_adjusted_zscore,1.11463998750564,0.7142857142857143,21-day observed ticker opportunities / total ticker opportunities,-0.0335169348146237,0.039296974714235766,-0.07006073461233764,0.01818181818181818,10
2022-04-29,2022-05-02,2022-05-31,RealEstate,exploratory_21d_coverage_adjusted_zscore,-0.3079487164042232,0.7142857142857143,21-day observed ticker opportunities / total ticker opportunities,-0.05191980311161071,0.039296974714235766,-0.08776776998790681,0.01818181818181818,10
2022-04-29,2022-05-02,2022-05-31,Tech,exploratory_21d_coverage_adjusted_zscore,0.4862588774257246,0.9619047619047619,21-day observed ticker opportunities / total ticker opportunities,0.06144697534396304,0.039296974714235766,0.021312484466547765,0.01818181818181818,10
2022-04-29,2022-05-02,2022-05-31,Utilities,exploratory_21d_coverage_adjusted_zscore,0.7548742668187374,0.5904761904761905,21-day observed ticker opportunities / total ticker opportunities,0.04277135546976618,0.039296974714235766,0.003343010554308412,0.01818181818181818,10
2022-04-29,2022-05-02,2022-05-31,Comm,locked_prior_day_expanding_zscore,-0.6307682821108829,1.0,source-day ticker coverage share,0.1104315815758965,0.039296974714235766,0.06844492824701986,-0.07878787878787878,10
2022-04-29,2022-05-02,2022-05-31,Consumer,locked_prior_day_expanding_zscore,0.7635023000952882,1.0,source-day ticker coverage share,-0.03336576137473091,0.039296974714235766,-0.06991527720837054,-0.07878787878787878,10
2022-04-29,2022-05-02,2022-05-31,Energy,locked_prior_day_expanding_zscore,1.1909451642416737,1.0,source-day ticker coverage share,0.17752794020092466,0.039296974714235766,0.1330042989153286,-0.07878787878787878,10
2022-04-29,2022-05-02,2022-05-31,Financials,locked_prior_day_expanding_zscore,-1.0122557605914504,1.0,source-day ticker coverage share,0.05838577046908977,0.039296974714235766,0.01836702715323746,-0.07878787878787878,10
2022-04-29,2022-05-02,2022-05-31,Healthcare,locked_prior_day_expanding_zscore,-0.11672183831134528,1.0,source-day ticker coverage share,0.056011404842677415,0.039296974714235766,0.016082438932373044,-0.07878787878787878,10
2022-04-29,2022-05-02,2022-05-31,Industrials,locked_prior_day_expanding_zscore,-0.49247050244365964,1.0,source-day ticker coverage share,0.006122830100148358,0.039296974714235766,-0.0319197933037465,-0.07878787878787878,10
2022-04-29,2022-05-02,2022-05-31,Materials,locked_prior_day_expanding_zscore,-0.8673316734378014,0.6,source-day ticker coverage share,-0.0335169348146237,0.039296974714235766,-0.07006073461233764,-0.07878787878787878,10
2022-04-29,2022-05-02,2022-05-31,RealEstate,locked_prior_day_expanding_zscore,1.1430147005531712,0.4,source-day ticker coverage share,-0.05191980311161071,0.039296974714235766,-0.08776776998790681,-0.07878787878787878,10
2022-04-29,2022-05-02,2022-05-31,Tech,locked_prior_day_expanding_zscore,-0.788564744032848,0.8,source-day ticker coverage share,0.06144697534396304,0.039296974714235766,0.021312484466547765,-0.07878787878787878,10
2022-04-29,2022-05-02,2022-05-31,Utilities,locked_prior_day_expanding_zscore,-0.4395305218447313,1.0,source-day ticker coverage share,0.04277135546976618,0.039296974714235766,0.003343010554308412,-0.07878787878787878,10
2022-05-31,2022-06-01,2022-06-30,Comm,exploratory_21d_coverage_adjusted_zscore,-0.9852747567797557,0.8380952380952381,21-day observed ticker opportunities / total ticker opportunities,-0.05209570929591256,-0.09452602484903139,0.046859784728815024,-0.6848484848484848,10
2022-05-31,2022-06-01,2022-06-30,Consumer,exploratory_21d_coverage_adjusted_zscore,-0.9749077336920472,0.9904761904761905,21-day observed ticker opportunities / total ticker opportunities,-0.07317735418832094,-0.09452602484903139,0.023577343188854183,-0.6848484848484848,10
2022-05-31,2022-06-01,2022-06-30,Energy,exploratory_21d_coverage_adjusted_zscore,1.41010427862173,0.9142857142857143,21-day observed ticker opportunities / total ticker opportunities,-0.16847748461833523,-0.09452602484903139,-0.08167154639311858,-0.6848484848484848,10
2022-05-31,2022-06-01,2022-06-30,Financials,exploratory_21d_coverage_adjusted_zscore,0.2307116524109217,0.8952380952380953,21-day observed ticker opportunities / total ticker opportunities,-0.10935903033327465,-0.09452602484903139,-0.01638148184410293,-0.6848484848484848,10
2022-05-31,2022-06-01,2022-06-30,Healthcare,exploratory_21d_coverage_adjusted_zscore,-1.666307924434826,0.8666666666666667,21-day observed ticker opportunities / total ticker opportunities,-0.024971681305232196,-0.09452602484903139,0.0768153977392918,-0.6848484848484848,10
2022-05-31,2022-06-01,2022-06-30,Industrials,exploratory_21d_coverage_adjusted_zscore,1.2183197827668875,0.8571428571428571,21-day observed ticker opportunities / total ticker opportunities,-0.09148507515619819,-0.09452602484903139,0.0033584065100558114,-0.6848484848484848,10
2022-05-31,2022-06-01,2022-06-30,Materials,exploratory_21d_coverage_adjusted_zscore,0.6935234550448417,0.4857142857142857,21-day observed ticker opportunities / total ticker opportunities,-0.18059875947675963,-0.09452602484903139,-0.09505820928025832,-0.6848484848484848,10
2022-05-31,2022-06-01,2022-06-30,RealEstate,exploratory_21d_coverage_adjusted_zscore,0.24422247062140245,0.7333333333333333,21-day observed ticker opportunities / total ticker opportunities,-0.04248112316998698,-0.09452602484903139,0.05747807568999108,-0.6848484848484848,10
2022-05-31,2022-06-01,2022-06-30,Tech,exploratory_21d_coverage_adjusted_zscore,-0.07907111656269582,0.9809523809523809,21-day observed ticker opportunities / total ticker opportunities,-0.1634492361771429,-0.09452602484903139,-0.07611837912472308,-0.6848484848484848,10
2022-05-31,2022-06-01,2022-06-30,Utilities,exploratory_21d_coverage_adjusted_zscore,-0.36962904425696036,0.5904761904761905,21-day observed ticker opportunities / total ticker opportunities,-0.03706432979411922,-0.09452602484903139,0.06346034964211045,-0.6848484848484848,10
2022-05-31,2022-06-01,2022-06-30,Comm,locked_prior_day_expanding_zscore,-0.08570155208718944,0.8,source-day ticker coverage share,-0.05209570929591256,-0.09452602484903139,0.046859784728815024,0.0303030303030303,10
2022-05-31,2022-06-01,2022-06-30,Consumer,locked_prior_day_expanding_zscore,0.09604454555619447,1.0,source-day ticker coverage share,-0.07317735418832094,-0.09452602484903139,0.023577343188854183,0.0303030303030303,10
2022-05-31,2022-06-01,2022-06-30,Energy,locked_prior_day_expanding_zscore,1.181581365528173,1.0,source-day ticker coverage share,-0.16847748461833523,-0.09452602484903139,-0.08167154639311858,0.0303030303030303,10
2022-05-31,2022-06-01,2022-06-30,Financials,locked_prior_day_expanding_zscore,0.07581373329942295,1.0,source-day ticker coverage share,-0.10935903033327465,-0.09452602484903139,-0.01638148184410293,0.0303030303030303,10
2022-05-31,2022-06-01,2022-06-30,Healthcare,locked_prior_day_expanding_zscore,-1.1866774433732021,0.8,source-day ticker coverage share,-0.024971681305232196,-0.09452602484903139,0.0768153977392918,0.0303030303030303,10
2022-05-31,2022-06-01,2022-06-30,Industrials,locked_prior_day_expanding_zscore,0.2159810219923662,1.0,source-day ticker coverage share,-0.09148507515619819,-0.09452602484903139,0.0033584065100558114,0.0303030303030303,10
2022-05-31,2022-06-01,2022-06-30,Materials,locked_prior_day_expanding_zscore,-1.9109038237432552,0.4,source-day ticker coverage share,-0.18059875947675963,-0.09452602484903139,-0.09505820928025832,0.0303030303030303,10
2022-05-31,2022-06-01,2022-06-30,RealEstate,locked_prior_day_expanding_zscore,0.050349735228395934,0.8,source-day ticker coverage share,-0.04248112316998698,-0.09452602484903139,0.05747807568999108,0.0303030303030303,10
2022-05-31,2022-06-01,2022-06-30,Tech,locked_prior_day_expanding_zscore,-1.0367010581765448,1.0,source-day ticker coverage share,-0.1634492361771429,-0.09452602484903139,-0.07611837912472308,0.0303030303030303,10
2022-05-31,2022-06-01,2022-06-30,Utilities,locked_prior_day_expanding_zscore,1.0691380164126592,0.2,source-day ticker coverage share,-0.03706432979411922,-0.09452602484903139,0.06346034964211045,0.0303030303030303,10
2022-06-30,2022-07-01,2022-07-29,Comm,exploratory_21d_coverage_adjusted_zscore,-0.651866632060878,0.7523809523809524,21-day observed ticker opportunities / total ticker opportunities,0.01919791880815036,0.07365921827365285,-0.05072494003550898,0.13939393939393938,10
2022-06-30,2022-07-01,2022-07-29,Consumer,exploratory_21d_coverage_adjusted_zscore,-0.571481025093939,0.9619047619047619,21-day observed ticker opportunities / total ticker opportunities,0.09407748457898246,0.07365921827365285,0.019017455406530548,0.13939393939393938,10
2022-06-30,2022-07-01,2022-07-29,Energy,exploratory_21d_coverage_adjusted_zscore,1.388015741859253,0.9428571428571428,21-day observed ticker opportunities / total ticker opportunities,0.10067848224524112,0.07365921827365285,0.025165586539677598,0.13939393939393938,10
2022-06-30,2022-07-01,2022-07-29,Financials,exploratory_21d_coverage_adjusted_zscore,-0.7737024158155655,0.8857142857142857,21-day observed ticker opportunities / total ticker opportunities,0.09308753873397801,0.07365921827365285,0.018095425559298217,0.13939393939393938,10
2022-06-30,2022-07-01,2022-07-29,Healthcare,exploratory_21d_coverage_adjusted_zscore,0.6154759935875297,0.8380952380952381,21-day observed ticker opportunities / total ticker opportunities,-0.016741499214562028,0.07365921827365285,-0.08419870658175044,0.13939393939393938,10
2022-06-30,2022-07-01,2022-07-29,Industrials,exploratory_21d_coverage_adjusted_zscore,0.9654581473167013,0.8761904761904762,21-day observed ticker opportunities / total ticker opportunities,0.12519054738832835,0.07365921827365285,0.04799598255909654,0.13939393939393938,10
2022-06-30,2022-07-01,2022-07-29,Materials,exploratory_21d_coverage_adjusted_zscore,0.3186339591126232,0.638095238095238,21-day observed ticker opportunities / total ticker opportunities,0.04641256649049508,0.07365921827365285,-0.025377374235158068,0.13939393939393938,10
2022-06-30,2022-07-01,2022-07-29,RealEstate,exploratory_21d_coverage_adjusted_zscore,0.5235100548013106,0.7142857142857143,21-day observed ticker opportunities / total ticker opportunities,0.08702366758291236,0.07365921827365285,0.012447570962738297,0.13939393939393938,10
2022-06-30,2022-07-01,2022-07-29,Tech,exploratory_21d_coverage_adjusted_zscore,0.23647579234567614,0.9714285714285714,21-day observed ticker opportunities / total ticker opportunities,0.13087502615709679,0.07365921827365285,0.053290473280191986,0.13939393939393938,10
2022-06-30,2022-07-01,2022-07-29,Utilities,exploratory_21d_coverage_adjusted_zscore,0.32840618980111863,0.7333333333333333,21-day observed ticker opportunities / total ticker opportunities,0.049808639764229445,0.07365921827365285,-0.02221429118614837,0.13939393939393938,10
2022-06-30,2022-07-01,2022-07-29,Comm,locked_prior_day_expanding_zscore,-0.7272485716869688,0.4,source-day ticker coverage share,0.01919791880815036,0.07365921827365285,-0.05072494003550898,0.1515151515151515,10
2022-06-30,2022-07-01,2022-07-29,Consumer,locked_prior_day_expanding_zscore,-0.9612930215984953,1.0,source-day ticker coverage share,0.09407748457898246,0.07365921827365285,0.019017455406530548,0.1515151515151515,10
2022-06-30,2022-07-01,2022-07-29,Energy,locked_prior_day_expanding_zscore,1.028801050490219,0.8,source-day ticker coverage share,0.10067848224524112,0.07365921827365285,0.025165586539677598,0.1515151515151515,10
2022-06-30,2022-07-01,2022-07-29,Financials,locked_prior_day_expanding_zscore,-0.29692992275722363,0.8,source-day ticker coverage share,0.09308753873397801,0.07365921827365285,0.018095425559298217,0.1515151515151515,10
2022-06-30,2022-07-01,2022-07-29,Healthcare,locked_prior_day_expanding_zscore,1.646852747125537,0.8,source-day ticker coverage share,-0.016741499214562028,0.07365921827365285,-0.08419870658175044,0.1515151515151515,10
2022-06-30,2022-07-01,2022-07-29,Industrials,locked_prior_day_expanding_zscore,0.5988504111371881,1.0,source-day ticker coverage share,0.12519054738832835,0.07365921827365285,0.04799598255909654,0.1515151515151515,10
2022-06-30,2022-07-01,2022-07-29,Materials,locked_prior_day_expanding_zscore,-0.10360426787848731,0.4,source-day ticker coverage share,0.04641256649049508,0.07365921827365285,-0.025377374235158068,0.1515151515151515,10
2022-06-30,2022-07-01,2022-07-29,RealEstate,locked_prior_day_expanding_zscore,0.29888903425786795,0.8,source-day ticker coverage share,0.08702366758291236,0.07365921827365285,0.012447570962738297,0.1515151515151515,10
2022-06-30,2022-07-01,2022-07-29,Tech,locked_prior_day_expanding_zscore,0.36450048093058796,1.0,source-day ticker coverage share,0.13087502615709679,0.07365921827365285,0.053290473280191986,0.1515151515151515,10
2022-06-30,2022-07-01,2022-07-29,Utilities,locked_prior_day_expanding_zscore,-0.0018432586598732656,0.8,source-day ticker coverage share,0.049808639764229445,0.07365921827365285,-0.02221429118614837,0.1515151515151515,10
2022-07-29,2022-08-01,2022-08-31,Comm,exploratory_21d_coverage_adjusted_zscore,-0.6579389587138665,0.7333333333333333,21-day observed ticker opportunities / total ticker opportunities,-0.03941872377349287,-0.02831530936044313,-0.01142697267952375,-0.01818181818181818,10
2022-07-29,2022-08-01,2022-08-31,Consumer,exploratory_21d_coverage_adjusted_zscore,-0.6381900167295986,0.9619047619047619,21-day observed ticker opportunities / total ticker opportunities,-0.00981446683783005,-0.02831530936044313,0.019039965022435323,-0.01818181818181818,10
2022-07-29,2022-08-01,2022-08-31,Energy,exploratory_21d_coverage_adjusted_zscore,1.9712215212183246,0.9714285714285714,21-day observed ticker opportunities / total ticker opportunities,0.04184195470698926,-0.02831530936044313,0.07220167688476731,-0.01818181818181818,10
2022-07-29,2022-08-01,2022-08-31,Financials,exploratory_21d_coverage_adjusted_zscore,-0.7990448349040683,0.9333333333333333,21-day observed ticker opportunities / total ticker opportunities,-0.015106101421784146,-0.02831530936044313,0.013594129933203636,-0.01818181818181818,10
2022-07-29,2022-08-01,2022-08-31,Healthcare,exploratory_21d_coverage_adjusted_zscore,-0.4722893896911005,0.9238095238095239,21-day observed ticker opportunities / total ticker opportunities,-0.02501407389932142,-0.02831530936044313,0.0033974348808036847,-0.01818181818181818,10
2022-07-29,2022-08-01,2022-08-31,Industrials,exploratory_21d_coverage_adjusted_zscore,0.5526289543737913,0.780952380952381,21-day observed ticker opportunities / total ticker opportunities,-0.0369616733729593,-0.02831530936044313,-0.008898322774670064,-0.01818181818181818,10
2022-07-29,2022-08-01,2022-08-31,Materials,exploratory_21d_coverage_adjusted_zscore,-0.3528170709672551,0.6095238095238096,21-day observed ticker opportunities / total ticker opportunities,-0.052404221506885396,-0.02831530936044313,-0.02479087339596453,-0.01818181818181818,10
2022-07-29,2022-08-01,2022-08-31,RealEstate,exploratory_21d_coverage_adjusted_zscore,0.3128057007867232,0.7714285714285715,21-day observed ticker opportunities / total ticker opportunities,-0.0476912875348906,-0.02831530936044313,-0.01994060250315799,-0.01818181818181818,10
2022-07-29,2022-08-01,2022-08-31,Tech,exploratory_21d_coverage_adjusted_zscore,0.3709089103020791,0.9523809523809523,21-day observed ticker opportunities / total ticker opportunities,-0.11010649951735374,-0.02831530936044313,-0.08417462057890013,-0.01818181818181818,10
2022-07-29,2022-08-01,2022-08-31,Utilities,exploratory_21d_coverage_adjusted_zscore,-0.16016323443056077,0.7428571428571429,21-day observed ticker opportunities / total ticker opportunities,0.005459363043716747,-0.02831530936044313,0.03475888086898804,-0.01818181818181818,10
2022-07-29,2022-08-01,2022-08-31,Comm,locked_prior_day_expanding_zscore,-0.3930666856185016,0.6,source-day ticker coverage share,-0.03941872377349287,-0.02831530936044313,-0.01142697267952375,0.06666666666666665,10
2022-07-29,2022-08-01,2022-08-31,Consumer,locked_prior_day_expanding_zscore,-1.097978699277946,1.0,source-day ticker coverage share,-0.00981446683783005,-0.02831530936044313,0.019039965022435323,0.06666666666666665,10
2022-07-29,2022-08-01,2022-08-31,Energy,locked_prior_day_expanding_zscore,0.27444136220437826,1.0,source-day ticker coverage share,0.04184195470698926,-0.02831530936044313,0.07220167688476731,0.06666666666666665,10
2022-07-29,2022-08-01,2022-08-31,Financials,locked_prior_day_expanding_zscore,-0.9222040316747012,1.0,source-day ticker coverage share,-0.015106101421784146,-0.02831530936044313,0.013594129933203636,0.06666666666666665,10
2022-07-29,2022-08-01,2022-08-31,Healthcare,locked_prior_day_expanding_zscore,0.2604488559432004,1.0,source-day ticker coverage share,-0.02501407389932142,-0.02831530936044313,0.0033974348808036847,0.06666666666666665,10
2022-07-29,2022-08-01,2022-08-31,Industrials,locked_prior_day_expanding_zscore,-0.2074121987414868,0.6,source-day ticker coverage share,-0.0369616733729593,-0.02831530936044313,-0.008898322774670064,0.06666666666666665,10
2022-07-29,2022-08-01,2022-08-31,Materials,locked_prior_day_expanding_zscore,0.40808013751223216,0.6,source-day ticker coverage share,-0.052404221506885396,-0.02831530936044313,-0.02479087339596453,0.06666666666666665,10
2022-07-29,2022-08-01,2022-08-31,RealEstate,locked_prior_day_expanding_zscore,-0.39548154760254095,0.8,source-day ticker coverage share,-0.0476912875348906,-0.02831530936044313,-0.01994060250315799,0.06666666666666665,10
2022-07-29,2022-08-01,2022-08-31,Tech,locked_prior_day_expanding_zscore,-0.6631269852667195,0.8,source-day ticker coverage share,-0.11010649951735374,-0.02831530936044313,-0.08417462057890013,0.06666666666666665,10
2022-07-29,2022-08-01,2022-08-31,Utilities,locked_prior_day_expanding_zscore,-0.10355730425678887,1.0,source-day ticker coverage share,0.005459363043716747,-0.02831530936044313,0.03475888086898804,0.06666666666666665,10
2022-08-31,2022-09-01,2022-09-30,Comm,exploratory_21d_coverage_adjusted_zscore,-1.8309508328682538,0.8380952380952381,21-day observed ticker opportunities / total ticker opportunities,-0.11605435382304707,-0.11566239826427327,-0.00044321937459690375,-0.006060606060606061,10
2022-08-31,2022-09-01,2022-09-30,Consumer,exploratory_21d_coverage_adjusted_zscore,-0.7315932412529391,0.9523809523809523,21-day observed ticker opportunities / total ticker opportunities,-0.09775874902935677,-0.11566239826427327,0.020245265156402015,-0.006060606060606061,10
2022-08-31,2022-09-01,2022-09-30,Energy,exploratory_21d_coverage_adjusted_zscore,1.1239546785336312,0.8666666666666667,21-day observed ticker opportunities / total ticker opportunities,-0.08307097015072806,-0.11566239826427327,0.03685405669687314,-0.006060606060606061,10
2022-08-31,2022-09-01,2022-09-30,Financials,exploratory_21d_coverage_adjusted_zscore,0.20519907549028635,0.8,21-day observed ticker opportunities / total ticker opportunities,-0.09636171647846337,-0.11566239826427327,0.021825015410322557,-0.006060606060606061,10
2022-08-31,2022-09-01,2022-09-30,Healthcare,exploratory_21d_coverage_adjusted_zscore,-0.3529472395029068,0.819047619047619,21-day observed ticker opportunities / total ticker opportunities,-0.023806509541313914,-0.11566239826427327,0.10386970829089481,-0.006060606060606061,10
2022-08-31,2022-09-01,2022-09-30,Industrials,exploratory_21d_coverage_adjusted_zscore,-0.0903936587326811,0.6666666666666666,21-day observed ticker opportunities / total ticker opportunities,-0.15848968341181258,-0.11566239826427327,-0.048428660121972,-0.006060606060606061,10
2022-08-31,2022-09-01,2022-09-30,Materials,exploratory_21d_coverage_adjusted_zscore,-0.3995816409921874,0.49523809523809526,21-day observed ticker opportunities / total ticker opportunities,-0.103403812134507,-0.11566239826427327,0.01386188499245744,-0.006060606060606061,10
2022-08-31,2022-09-01,2022-09-30,RealEstate,exploratory_21d_coverage_adjusted_zscore,1.1193043767378517,0.6952380952380952,21-day observed ticker opportunities / total ticker opportunities,-0.1465080880940357,-0.11566239826427327,-0.03487999353326188,-0.006060606060606061,10
2022-08-31,2022-09-01,2022-09-30,Tech,exploratory_21d_coverage_adjusted_zscore,0.1593559499300555,0.9523809523809523,21-day observed ticker opportunities / total ticker opportunities,-0.20822113473510362,-0.11566239826427327,-0.10466448140298612,-0.006060606060606061,10
2022-08-31,2022-09-01,2022-09-30,Utilities,exploratory_21d_coverage_adjusted_zscore,0.17450141358164334,0.6761904761904762,21-day observed ticker opportunities / total ticker opportunities,-0.12231570122647084,-0.11566239826427327,-0.007523487578882659,-0.006060606060606061,10
2022-08-31,2022-09-01,2022-09-30,Comm,locked_prior_day_expanding_zscore,-2.0,0.4,source-day ticker coverage share,-0.11605435382304707,-0.11566239826427327,-0.00044321937459690375,-0.41818181818181815,10
2022-08-31,2022-09-01,2022-09-30,Consumer,locked_prior_day_expanding_zscore,0.5177056278539797,1.0,source-day ticker coverage share,-0.09775874902935677,-0.11566239826427327,0.020245265156402015,-0.41818181818181815,10
2022-08-31,2022-09-01,2022-09-30,Energy,locked_prior_day_expanding_zscore,-0.126070502142678,1.0,source-day ticker coverage share,-0.08307097015072806,-0.11566239826427327,0.03685405669687314,-0.41818181818181815,10
2022-08-31,2022-09-01,2022-09-30,Financials,locked_prior_day_expanding_zscore,-1.0788470819085074,0.8,source-day ticker coverage share,-0.09636171647846337,-0.11566239826427327,0.021825015410322557,-0.41818181818181815,10
2022-08-31,2022-09-01,2022-09-30,Healthcare,locked_prior_day_expanding_zscore,-0.6019208387575651,0.8,source-day ticker coverage share,-0.023806509541313914,-0.11566239826427327,0.10386970829089481,-0.41818181818181815,10
2022-08-31,2022-09-01,2022-09-30,Industrials,locked_prior_day_expanding_zscore,0.649137714128013,0.8,source-day ticker coverage share,-0.15848968341181258,-0.11566239826427327,-0.048428660121972,-0.41818181818181815,10
2022-08-31,2022-09-01,2022-09-30,Materials,locked_prior_day_expanding_zscore,-0.41404158370559413,0.6,source-day ticker coverage share,-0.103403812134507,-0.11566239826427327,0.01386188499245744,-0.41818181818181815,10
2022-08-31,2022-09-01,2022-09-30,RealEstate,locked_prior_day_expanding_zscore,0.8431725605061781,0.4,source-day ticker coverage share,-0.1465080880940357,-0.11566239826427327,-0.03487999353326188,-0.41818181818181815,10
2022-08-31,2022-09-01,2022-09-30,Tech,locked_prior_day_expanding_zscore,-0.04988913185086329,1.0,source-day ticker coverage share,-0.20822113473510362,-0.11566239826427327,-0.10466448140298612,-0.41818181818181815,10
2022-08-31,2022-09-01,2022-09-30,Utilities,locked_prior_day_expanding_zscore,-0.8405699955222972,0.8,source-day ticker coverage share,-0.12231570122647084,-0.11566239826427327,-0.007523487578882659,-0.41818181818181815,10
2022-09-30,2022-10-03,2022-10-31,Comm,exploratory_21d_coverage_adjusted_zscore,0.21160161743233896,0.8380952380952381,21-day observed ticker opportunities / total ticker opportunities,0.12249069508180987,0.11353636382462451,0.008041346064739496,-0.006060606060606061,10
2022-09-30,2022-10-03,2022-10-31,Consumer,exploratory_21d_coverage_adjusted_zscore,0.9337744216032029,0.9714285714285714,21-day observed ticker opportunities / total ticker opportunities,0.08843931425532814,0.11353636382462451,-0.022538149973923116,-0.006060606060606061,10
2022-09-30,2022-10-03,2022-10-31,Energy,exploratory_21d_coverage_adjusted_zscore,1.761579779551593,0.8857142857142857,21-day observed ticker opportunities / total ticker opportunities,0.2772607456416789,0.11353636382462451,0.14703101500405058,-0.006060606060606061,10
2022-09-30,2022-10-03,2022-10-31,Financials,exploratory_21d_coverage_adjusted_zscore,-0.196988316624854,0.9238095238095239,21-day observed ticker opportunities / total ticker opportunities,0.11759691214181811,0.11353636382462451,0.00364653409543525,-0.006060606060606061,10
2022-09-30,2022-10-03,2022-10-31,Healthcare,exploratory_21d_coverage_adjusted_zscore,-1.1331230078229517,0.9047619047619048,21-day observed ticker opportunities / total ticker opportunities,0.154836669805688,0.11353636382462451,0.037089319507457086,-0.006060606060606061,10
2022-09-30,2022-10-03,2022-10-31,Industrials,exploratory_21d_coverage_adjusted_zscore,0.19686472309396744,0.6952380952380952,21-day observed ticker opportunities / total ticker opportunities,0.18665289215097003,0.11353636382462451,0.06566155421742548,-0.006060606060606061,10
2022-09-30,2022-10-03,2022-10-31,Materials,exploratory_21d_coverage_adjusted_zscore,-0.29539352463974333,0.5333333333333333,21-day observed ticker opportunities / total ticker opportunities,0.10575015472206051,0.11353636382462451,-0.006992325850788572,-0.006060606060606061,10
2022-09-30,2022-10-03,2022-10-31,RealEstate,exploratory_21d_coverage_adjusted_zscore,1.2525633682075403,0.6761904761904762,21-day observed ticker opportunities / total ticker opportunities,0.02218484932859477,0.11353636382462451,-0.08203729798483439,-0.006060606060606061,10
2022-09-30,2022-10-03,2022-10-31,Tech,exploratory_21d_coverage_adjusted_zscore,-1.654323193782322,0.9809523809523809,21-day observed ticker opportunities / total ticker opportunities,0.07261555763630967,0.11353636382462451,-0.03674851358043263,-0.006060606060606061,10
2022-09-30,2022-10-03,2022-10-31,Utilities,exploratory_21d_coverage_adjusted_zscore,0.7913306008455883,0.7523809523809524,21-day observed ticker opportunities / total ticker opportunities,-0.0032373011276274344,0.11353636382462451,-0.10486740150198015,-0.006060606060606061,10
2022-09-30,2022-10-03,2022-10-31,Comm,locked_prior_day_expanding_zscore,-0.2682268201763857,0.8,source-day ticker coverage share,0.12249069508180987,0.11353636382462451,0.008041346064739496,0.06666666666666665,10
2022-09-30,2022-10-03,2022-10-31,Consumer,locked_prior_day_expanding_zscore,0.24521285767758388,1.0,source-day ticker coverage share,0.08843931425532814,0.11353636382462451,-0.022538149973923116,0.06666666666666665,10
2022-09-30,2022-10-03,2022-10-31,Energy,locked_prior_day_expanding_zscore,0.5721006591353622,0.8,source-day ticker coverage share,0.2772607456416789,0.11353636382462451,0.14703101500405058,0.06666666666666665,10
2022-09-30,2022-10-03,2022-10-31,Financials,locked_prior_day_expanding_zscore,-0.00917857331024085,1.0,source-day ticker coverage share,0.11759691214181811,0.11353636382462451,0.00364653409543525,0.06666666666666665,10
2022-09-30,2022-10-03,2022-10-31,Healthcare,locked_prior_day_expanding_zscore,0.667690887341546,0.8,source-day ticker coverage share,0.154836669805688,0.11353636382462451,0.037089319507457086,0.06666666666666665,10
2022-09-30,2022-10-03,2022-10-31,Industrials,locked_prior_day_expanding_zscore,-0.4083868895426905,0.8,source-day ticker coverage share,0.18665289215097003,0.11353636382462451,0.06566155421742548,0.06666666666666665,10
2022-09-30,2022-10-03,2022-10-31,Materials,locked_prior_day_expanding_zscore,-0.6740137652331536,0.2,source-day ticker coverage share,0.10575015472206051,0.11353636382462451,-0.006992325850788572,0.06666666666666665,10
2022-09-30,2022-10-03,2022-10-31,RealEstate,locked_prior_day_expanding_zscore,-0.77386796969638,0.2,source-day ticker coverage share,0.02218484932859477,0.11353636382462451,-0.08203729798483439,0.06666666666666665,10
2022-09-30,2022-10-03,2022-10-31,Tech,locked_prior_day_expanding_zscore,-0.26521136637647436,1.0,source-day ticker coverage share,0.07261555763630967,0.11353636382462451,-0.03674851358043263,0.06666666666666665,10
2022-09-30,2022-10-03,2022-10-31,Utilities,locked_prior_day_expanding_zscore,1.0937668098927458,0.2,source-day ticker coverage share,-0.0032373011276274344,0.11353636382462451,-0.10486740150198015,0.06666666666666665,10
2022-10-31,2022-11-01,2022-11-30,Comm,exploratory_21d_coverage_adjusted_zscore,0.2891843122580133,0.7619047619047619,21-day observed ticker opportunities / total ticker opportunities,0.028055472689583638,0.07877935091744415,-0.047019697016560946,-0.6,10
2022-10-31,2022-11-01,2022-11-30,Consumer,exploratory_21d_coverage_adjusted_zscore,-0.2710994421692363,0.9619047619047619,21-day observed ticker opportunities / total ticker opportunities,0.08543840724714857,0.07877935091744415,0.00617276955110535,-0.6,10
2022-10-31,2022-11-01,2022-11-30,Energy,exploratory_21d_coverage_adjusted_zscore,0.46449100015967715,0.9142857142857143,21-day observed ticker opportunities / total ticker opportunities,-0.006060952133340236,0.07877935091744415,-0.07864472283292434,-0.6,10
2022-10-31,2022-11-01,2022-11-30,Financials,exploratory_21d_coverage_adjusted_zscore,-0.3550182174735477,0.8857142857142857,21-day observed ticker opportunities / total ticker opportunities,0.08604040540384972,0.07877935091744415,0.006730805961599584,-0.6,10
2022-10-31,2022-11-01,2022-11-30,Healthcare,exploratory_21d_coverage_adjusted_zscore,-1.434195733797699,0.8761904761904762,21-day observed ticker opportunities / total ticker opportunities,0.09345183626905262,0.07877935091744415,0.013601006859401243,-0.6,10
2022-10-31,2022-11-01,2022-11-30,Industrials,exploratory_21d_coverage_adjusted_zscore,1.1334554213625045,0.6952380952380952,21-day observed ticker opportunities / total ticker opportunities,0.11999712674959429,0.07877935091744415,0.03820779086761039,-0.6,10
2022-10-31,2022-11-01,2022-11-30,Materials,exploratory_21d_coverage_adjusted_zscore,-0.8157096239164151,0.5714285714285714,21-day observed ticker opportunities / total ticker opportunities,0.14599914762566724,0.07877935091744415,0.062310978283980134,-0.6,10
2022-10-31,2022-11-01,2022-11-30,RealEstate,exploratory_21d_coverage_adjusted_zscore,0.27265204685244415,0.7047619047619048,21-day observed ticker opportunities / total ticker opportunities,0.03492468385514491,0.07877935091744415,-0.04065211947652059,-0.6,10
2022-10-31,2022-11-01,2022-11-30,Tech,exploratory_21d_coverage_adjusted_zscore,-1.9518001458970664,0.9523809523809523,21-day observed ticker opportunities / total ticker opportunities,0.15554184124786463,0.07877935091744415,0.07115680353460418,-0.6,10
2022-10-31,2022-11-01,2022-11-30,Utilities,exploratory_21d_coverage_adjusted_zscore,-0.7231670349317549,0.7619047619047619,21-day observed ticker opportunities / total ticker opportunities,0.03907873810320295,0.07877935091744415,-0.036801420772911486,-0.6,10
2022-10-31,2022-11-01,2022-11-30,Comm,locked_prior_day_expanding_zscore,0.22885543440128217,0.8,source-day ticker coverage share,0.028055472689583638,0.07877935091744415,-0.047019697016560946,-0.17575757575757575,10
2022-10-31,2022-11-01,2022-11-30,Consumer,locked_prior_day_expanding_zscore,-0.6951239048762985,1.0,source-day ticker coverage share,0.08543840724714857,0.07877935091744415,0.00617276955110535,-0.17575757575757575,10
2022-10-31,2022-11-01,2022-11-30,Energy,locked_prior_day_expanding_zscore,0.11616884445585443,1.0,source-day ticker coverage share,-0.006060952133340236,0.07877935091744415,-0.07864472283292434,-0.17575757575757575,10
2022-10-31,2022-11-01,2022-11-30,Financials,locked_prior_day_expanding_zscore,-0.6354438565793661,1.0,source-day ticker coverage share,0.08604040540384972,0.07877935091744415,0.006730805961599584,-0.17575757575757575,10
2022-10-31,2022-11-01,2022-11-30,Healthcare,locked_prior_day_expanding_zscore,-0.822629349218619,1.0,source-day ticker coverage share,0.09345183626905262,0.07877935091744415,0.013601006859401243,-0.17575757575757575,10
2022-10-31,2022-11-01,2022-11-30,Industrials,locked_prior_day_expanding_zscore,0.7566012178765532,0.8,source-day ticker coverage share,0.11999712674959429,0.07877935091744415,0.03820779086761039,-0.17575757575757575,10
2022-10-31,2022-11-01,2022-11-30,Materials,locked_prior_day_expanding_zscore,-0.6686259694362506,0.4,source-day ticker coverage share,0.14599914762566724,0.07877935091744415,0.062310978283980134,-0.17575757575757575,10
2022-10-31,2022-11-01,2022-11-30,RealEstate,locked_prior_day_expanding_zscore,-0.7786721382483389,0.2,source-day ticker coverage share,0.03492468385514491,0.07877935091744415,-0.04065211947652059,-0.17575757575757575,10
2022-10-31,2022-11-01,2022-11-30,Tech,locked_prior_day_expanding_zscore,-0.27278170384488803,0.8,source-day ticker coverage share,0.15554184124786463,0.07877935091744415,0.07115680353460418,-0.17575757575757575,10
2022-10-31,2022-11-01,2022-11-30,Utilities,locked_prior_day_expanding_zscore,-0.05016786182727204,0.8,source-day ticker coverage share,0.03907873810320295,0.07877935091744415,-0.036801420772911486,-0.17575757575757575,10
2022-11-30,2022-12-01,2022-12-30,Comm,exploratory_21d_coverage_adjusted_zscore,0.5144195778901595,0.7142857142857143,21-day observed ticker opportunities / total ticker opportunities,-0.04845305648558307,-0.03800488190801621,-0.010860943450825111,-0.24848484848484845,10
2022-11-30,2022-12-01,2022-12-30,Consumer,exploratory_21d_coverage_adjusted_zscore,0.1592747401757279,0.9619047619047619,21-day observed ticker opportunities / total ticker opportunities,-0.02781541735837101,-0.03800488190801621,0.010592012743115609,-0.24848484848484845,10
2022-11-30,2022-12-01,2022-12-30,Energy,exploratory_21d_coverage_adjusted_zscore,0.3742152633300065,0.9333333333333333,21-day observed ticker opportunities / total ticker opportunities,-0.024219338173070204,-0.03800488190801621,0.014330159764519568,-0.24848484848484845,10
2022-11-30,2022-12-01,2022-12-30,Financials,exploratory_21d_coverage_adjusted_zscore,0.3334291828729269,0.8285714285714286,21-day observed ticker opportunities / total ticker opportunities,-0.08176504101722715,-0.03800488190801621,-0.04548896172779404,-0.24848484848484845,10
2022-11-30,2022-12-01,2022-12-30,Healthcare,exploratory_21d_coverage_adjusted_zscore,-0.503804301888833,0.9047619047619048,21-day observed ticker opportunities / total ticker opportunities,-0.012246231857239054,-0.03800488190801621,0.026776279386808932,-0.24848484848484845,10
2022-11-30,2022-12-01,2022-12-30,Industrials,exploratory_21d_coverage_adjusted_zscore,-0.11393468196801035,0.638095238095238,21-day observed ticker opportunities / total ticker opportunities,-0.01569577654528087,-0.03800488190801621,0.023190455900631957,-0.24848484848484845,10
2022-11-30,2022-12-01,2022-12-30,Materials,exploratory_21d_coverage_adjusted_zscore,-0.11182728874905246,0.41904761904761906,21-day observed ticker opportunities / total ticker opportunities,-0.03927400193645225,-0.03800488190801621,-0.0013192582837148192,-0.24848484848484845,10
2022-11-30,2022-12-01,2022-12-30,RealEstate,exploratory_21d_coverage_adjusted_zscore,0.4134838375148917,0.5238095238095238,21-day observed ticker opportunities / total ticker opportunities,-0.028789451874820182,-0.03800488190801621,0.009579497712497664,-0.24848484848484845,10
2022-11-30,2022-12-01,2022-12-30,Tech,exploratory_21d_coverage_adjusted_zscore,-0.928603580925988,0.9333333333333333,21-day observed ticker opportunities / total ticker opportunities,-0.11553675973933075,-0.03800488190801621,-0.08059487659884479,-0.24848484848484845,10
2022-11-30,2022-12-01,2022-12-30,Utilities,exploratory_21d_coverage_adjusted_zscore,-0.3263627801442246,0.6857142857142857,21-day observed ticker opportunities / total ticker opportunities,0.013757566310301561,-0.03800488190801621,0.05380739178903848,-0.24848484848484845,10
2022-11-30,2022-12-01,2022-12-30,Comm,locked_prior_day_expanding_zscore,1.398084033768459,0.6,source-day ticker coverage share,-0.04845305648558307,-0.03800488190801621,-0.010860943450825111,0.016666666666666666,9
2022-11-30,2022-12-01,2022-12-30,Consumer,locked_prior_day_expanding_zscore,0.48418539738530914,0.8,source-day ticker coverage share,-0.02781541735837101,-0.03800488190801621,0.010592012743115609,0.016666666666666666,9
2022-11-30,2022-12-01,2022-12-30,Energy,locked_prior_day_expanding_zscore,-0.5409243898480696,1.0,source-day ticker coverage share,-0.024219338173070204,-0.03800488190801621,0.014330159764519568,0.016666666666666666,9
2022-11-30,2022-12-01,2022-12-30,Financials,locked_prior_day_expanding_zscore,2.0,0.6,source-day ticker coverage share,-0.08176504101722715,-0.03800488190801621,-0.04548896172779404,0.016666666666666666,9
2022-11-30,2022-12-01,2022-12-30,Healthcare,locked_prior_day_expanding_zscore,0.6180671791796027,1.0,source-day ticker coverage share,-0.012246231857239054,-0.03800488190801621,0.026776279386808932,0.016666666666666666,9
2022-11-30,2022-12-01,2022-12-30,Industrials,locked_prior_day_expanding_zscore,0.39081170037289653,0.8,source-day ticker coverage share,-0.01569577654528087,-0.03800488190801621,0.023190455900631957,0.016666666666666666,9
2022-11-30,2022-12-01,2022-12-30,Materials,locked_prior_day_expanding_zscore,-0.6657762321773695,0.6,source-day ticker coverage share,-0.03927400193645225,-0.03800488190801621,-0.0013192582837148192,0.016666666666666666,9
2022-11-30,2022-12-01,2022-12-30,RealEstate,locked_prior_day_expanding_zscore,,,source-day ticker coverage share,-0.028789451874820182,-0.03800488190801621,0.009579497712497664,0.016666666666666666,9
2022-11-30,2022-12-01,2022-12-30,Tech,locked_prior_day_expanding_zscore,-1.7913471999821735,1.0,source-day ticker coverage share,-0.11553675973933075,-0.03800488190801621,-0.08059487659884479,0.016666666666666666,9
2022-11-30,2022-12-01,2022-12-30,Utilities,locked_prior_day_expanding_zscore,-0.10518124755666516,0.6,source-day ticker coverage share,0.013757566310301561,-0.03800488190801621,0.05380739178903848,0.016666666666666666,9
2022-12-30,2023-01-03,2023-01-31,Comm,exploratory_21d_coverage_adjusted_zscore,-0.9864643362661216,0.7238095238095238,21-day observed ticker opportunities / total ticker opportunities,0.09374623971345808,0.0739880951251024,0.018396986594208187,-0.4545454545454545,10
2022-12-30,2023-01-03,2023-01-31,Consumer,exploratory_21d_coverage_adjusted_zscore,0.8216166462154924,0.9238095238095239,21-day observed ticker opportunities / total ticker opportunities,0.0797921913598767,0.0739880951251024,0.0054042463423193965,-0.4545454545454545,10
2022-12-30,2023-01-03,2023-01-31,Energy,exploratory_21d_coverage_adjusted_zscore,1.2038983124255025,0.9142857142857143,21-day observed ticker opportunities / total ticker opportunities,0.029915067516517624,0.0739880951251024,-0.041036793432473684,-0.4545454545454545,10
2022-12-30,2023-01-03,2023-01-31,Financials,exploratory_21d_coverage_adjusted_zscore,-0.5526829271320032,0.8666666666666667,21-day observed ticker opportunities / total ticker opportunities,0.12240233262493772,0.0739880951251024,0.04507893310884037,-0.4545454545454545,10
2022-12-30,2023-01-03,2023-01-31,Healthcare,exploratory_21d_coverage_adjusted_zscore,-0.6955833298083616,0.9238095238095239,21-day observed ticker opportunities / total ticker opportunities,-0.03168308955726162,0.0739880951251024,-0.09839139294188826,-0.4545454545454545,10
2022-12-30,2023-01-03,2023-01-31,Industrials,exploratory_21d_coverage_adjusted_zscore,1.056405480150899,0.7142857142857143,21-day observed ticker opportunities / total ticker opportunities,0.08489045833190323,0.0739880951251024,0.010151288693317273,-0.4545454545454545,10
2022-12-30,2023-01-03,2023-01-31,Materials,exploratory_21d_coverage_adjusted_zscore,-0.10501269641186824,0.45714285714285713,21-day observed ticker opportunities / total ticker opportunities,0.13117916773547722,0.0739880951251024,0.05325112342489513,-0.4545454545454545,10
2022-12-30,2023-01-03,2023-01-31,RealEstate,exploratory_21d_coverage_adjusted_zscore,0.9899961028297501,0.5333333333333333,21-day observed ticker opportunities / total ticker opportunities,0.0910635101741637,0.0739880951251024,0.015899072928803992,-0.4545454545454545,10
2022-12-30,2023-01-03,2023-01-31,Tech,exploratory_21d_coverage_adjusted_zscore,-1.1199454244301785,0.9142857142857143,21-day observed ticker opportunities / total ticker opportunities,0.17484550458961445,0.0739880951251024,0.09390924342859108,-0.4545454545454545,10
2022-12-30,2023-01-03,2023-01-31,Utilities,exploratory_21d_coverage_adjusted_zscore,0.8634746836364526,0.5714285714285714,21-day observed ticker opportunities / total ticker opportunities,-0.02767504068289095,0.0739880951251024,-0.09465946249259982,-0.4545454545454545,10
2022-12-30,2023-01-03,2023-01-31,Comm,locked_prior_day_expanding_zscore,-0.8673744874144051,0.6,source-day ticker coverage share,0.09374623971345808,0.0739880951251024,0.018396986594208187,0.16363636363636364,10
2022-12-30,2023-01-03,2023-01-31,Consumer,locked_prior_day_expanding_zscore,0.6488009193209727,1.0,source-day ticker coverage share,0.0797921913598767,0.0739880951251024,0.0054042463423193965,0.16363636363636364,10
2022-12-30,2023-01-03,2023-01-31,Energy,locked_prior_day_expanding_zscore,-0.5686559080010196,0.8,source-day ticker coverage share,0.029915067516517624,0.0739880951251024,-0.041036793432473684,0.16363636363636364,10
2022-12-30,2023-01-03,2023-01-31,Financials,locked_prior_day_expanding_zscore,-0.43172896935508676,1.0,source-day ticker coverage share,0.12240233262493772,0.0739880951251024,0.04507893310884037,0.16363636363636364,10
2022-12-30,2023-01-03,2023-01-31,Healthcare,locked_prior_day_expanding_zscore,0.25399834345219624,0.8,source-day ticker coverage share,-0.03168308955726162,0.0739880951251024,-0.09839139294188826,0.16363636363636364,10
2022-12-30,2023-01-03,2023-01-31,Industrials,locked_prior_day_expanding_zscore,-0.3284193610967169,0.8,source-day ticker coverage share,0.08489045833190323,0.0739880951251024,0.010151288693317273,0.16363636363636364,10
2022-12-30,2023-01-03,2023-01-31,Materials,locked_prior_day_expanding_zscore,-0.25859504995896976,0.4,source-day ticker coverage share,0.13117916773547722,0.0739880951251024,0.05325112342489513,0.16363636363636364,10
2022-12-30,2023-01-03,2023-01-31,RealEstate,locked_prior_day_expanding_zscore,-0.18488692268067822,0.8,source-day ticker coverage share,0.0910635101741637,0.0739880951251024,0.015899072928803992,0.16363636363636364,10
2022-12-30,2023-01-03,2023-01-31,Tech,locked_prior_day_expanding_zscore,0.5236902947677067,1.0,source-day ticker coverage share,0.17484550458961445,0.0739880951251024,0.09390924342859108,0.16363636363636364,10
2022-12-30,2023-01-03,2023-01-31,Utilities,locked_prior_day_expanding_zscore,-1.0295846802341504,0.4,source-day ticker coverage share,-0.02767504068289095,0.0739880951251024,-0.09465946249259982,0.16363636363636364,10
2023-01-31,2023-02-01,2023-02-28,Comm,exploratory_21d_coverage_adjusted_zscore,0.7531458370044553,0.7047619047619048,21-day observed ticker opportunities / total ticker opportunities,-0.06745112513962559,-0.04872687284523236,-0.019683360919063198,-0.43030303030303024,10
2023-01-31,2023-02-01,2023-02-28,Consumer,exploratory_21d_coverage_adjusted_zscore,0.6025435672353663,0.9809523809523809,21-day observed ticker opportunities / total ticker opportunities,-0.049614054541615604,-0.04872687284523236,-0.0009326256267080391,-0.43030303030303024,10
2023-01-31,2023-02-01,2023-02-28,Energy,exploratory_21d_coverage_adjusted_zscore,1.2120008068304922,0.9142857142857143,21-day observed ticker opportunities / total ticker opportunities,-0.08361118775787624,-0.04872687284523236,-0.03667118718782891,-0.43030303030303024,10
2023-01-31,2023-02-01,2023-02-28,Financials,exploratory_21d_coverage_adjusted_zscore,-0.11930722715508398,0.9142857142857143,21-day observed ticker opportunities / total ticker opportunities,-0.025335377688532112,-0.04872687284523236,0.02458967302762316,-0.43030303030303024,10
2023-01-31,2023-02-01,2023-02-28,Healthcare,exploratory_21d_coverage_adjusted_zscore,0.1418618103498031,0.8761904761904762,21-day observed ticker opportunities / total ticker opportunities,-0.03282558300494498,-0.04872687284523236,0.01671579842463089,-0.43030303030303024,10
2023-01-31,2023-02-01,2023-02-28,Industrials,exploratory_21d_coverage_adjusted_zscore,-0.16485122606291652,0.7238095238095238,21-day observed ticker opportunities / total ticker opportunities,-0.02150741262869571,-0.04872687284523236,0.02861371717494987,-0.43030303030303024,10
2023-01-31,2023-02-01,2023-02-28,Materials,exploratory_21d_coverage_adjusted_zscore,0.5467232889648141,0.6666666666666666,21-day observed ticker opportunities / total ticker opportunities,-0.05665449540402079,-0.04872687284523236,-0.008333697581155985,-0.43030303030303024,10
2023-01-31,2023-02-01,2023-02-28,RealEstate,exploratory_21d_coverage_adjusted_zscore,-0.10136848687465677,0.638095238095238,21-day observed ticker opportunities / total ticker opportunities,-0.06985108528324901,-0.04872687284523236,-0.022206253740393755,-0.43030303030303024,10
2023-01-31,2023-02-01,2023-02-28,Tech,exploratory_21d_coverage_adjusted_zscore,-0.32952863804548976,0.9619047619047619,21-day observed ticker opportunities / total ticker opportunities,-0.017521980664487402,-0.04872687284523236,0.0328032941223495,-0.43030303030303024,10
2023-01-31,2023-02-01,2023-02-28,Utilities,exploratory_21d_coverage_adjusted_zscore,-0.5096635102716498,0.7238095238095238,21-day observed ticker opportunities / total ticker opportunities,-0.07054981447124642,-0.04872687284523236,-0.022940773793627356,-0.43030303030303024,10
2023-01-31,2023-02-01,2023-02-28,Comm,locked_prior_day_expanding_zscore,0.027510973635262927,0.6,source-day ticker coverage share,-0.06745112513962559,-0.04872687284523236,-0.019683360919063198,-0.19999999999999998,10
2023-01-31,2023-02-01,2023-02-28,Consumer,locked_prior_day_expanding_zscore,-1.069775488088819,1.0,source-day ticker coverage share,-0.049614054541615604,-0.04872687284523236,-0.0009326256267080391,-0.19999999999999998,10
2023-01-31,2023-02-01,2023-02-28,Energy,locked_prior_day_expanding_zscore,0.21571031633705645,1.0,source-day ticker coverage share,-0.08361118775787624,-0.04872687284523236,-0.03667118718782891,-0.19999999999999998,10
2023-01-31,2023-02-01,2023-02-28,Financials,locked_prior_day_expanding_zscore,0.46310318533722955,1.0,source-day ticker coverage share,-0.025335377688532112,-0.04872687284523236,0.02458967302762316,-0.19999999999999998,10
2023-01-31,2023-02-01,2023-02-28,Healthcare,locked_prior_day_expanding_zscore,0.2566520542555367,1.0,source-day ticker coverage share,-0.03282558300494498,-0.04872687284523236,0.01671579842463089,-0.19999999999999998,10
2023-01-31,2023-02-01,2023-02-28,Industrials,locked_prior_day_expanding_zscore,-0.9795744692907773,0.8,source-day ticker coverage share,-0.02150741262869571,-0.04872687284523236,0.02861371717494987,-0.19999999999999998,10
2023-01-31,2023-02-01,2023-02-28,Materials,locked_prior_day_expanding_zscore,0.949446071623674,0.4,source-day ticker coverage share,-0.05665449540402079,-0.04872687284523236,-0.008333697581155985,-0.19999999999999998,10
2023-01-31,2023-02-01,2023-02-28,RealEstate,locked_prior_day_expanding_zscore,0.5926038909295057,0.8,source-day ticker coverage share,-0.06985108528324901,-0.04872687284523236,-0.022206253740393755,-0.19999999999999998,10
2023-01-31,2023-02-01,2023-02-28,Tech,locked_prior_day_expanding_zscore,-0.3149889698665275,1.0,source-day ticker coverage share,-0.017521980664487402,-0.04872687284523236,0.0328032941223495,-0.19999999999999998,10
2023-01-31,2023-02-01,2023-02-28,Utilities,locked_prior_day_expanding_zscore,-0.38304433954447037,0.6,source-day ticker coverage share,-0.07054981447124642,-0.04872687284523236,-0.022940773793627356,-0.19999999999999998,10
2023-02-28,2023-03-01,2023-03-31,Comm,exploratory_21d_coverage_adjusted_zscore,-0.36036526226679666,0.8380952380952381,21-day observed ticker opportunities / total ticker opportunities,0.04688942141461361,0.02809467007212607,0.018281148506653633,0.309090909090909,10
2023-02-28,2023-03-01,2023-03-31,Consumer,exploratory_21d_coverage_adjusted_zscore,-0.2940823091135442,0.9619047619047619,21-day observed ticker opportunities / total ticker opportunities,0.03132179134090518,0.02809467007212607,0.0031389339549370288,0.309090909090909,10
2023-02-28,2023-03-01,2023-03-31,Energy,exploratory_21d_coverage_adjusted_zscore,-0.6879561427279549,0.9523809523809523,21-day observed ticker opportunities / total ticker opportunities,-0.0061081169072667585,0.02809467007212607,-0.03326812984741312,0.309090909090909,10
2023-02-28,2023-03-01,2023-03-31,Financials,exploratory_21d_coverage_adjusted_zscore,-0.7896398390198148,0.8857142857142857,21-day observed ticker opportunities / total ticker opportunities,-0.1150735002758374,0.02809467007212607,-0.1392558239193279,0.309090909090909,10
2023-02-28,2023-03-01,2023-03-31,Healthcare,exploratory_21d_coverage_adjusted_zscore,-0.4610030348857462,0.8761904761904762,21-day observed ticker opportunities / total ticker opportunities,0.02544397816030486,0.02809467007212607,-0.0025782566421000963,0.309090909090909,10
2023-02-28,2023-03-01,2023-03-31,Industrials,exploratory_21d_coverage_adjusted_zscore,0.31787752372439415,0.6857142857142857,21-day observed ticker opportunities / total ticker opportunities,0.035343229374742435,0.02809467007212607,0.00705047843707618,0.309090909090909,10
2023-02-28,2023-03-01,2023-03-31,Materials,exploratory_21d_coverage_adjusted_zscore,-0.9683497571004394,0.638095238095238,21-day observed ticker opportunities / total ticker opportunities,0.003709205100338675,0.02809467007212607,-0.02371908510144949,0.309090909090909,10
2023-02-28,2023-03-01,2023-03-31,RealEstate,exploratory_21d_coverage_adjusted_zscore,0.18381252354987315,0.7523809523809524,21-day observed ticker opportunities / total ticker opportunities,0.02113748413597527,0.02809467007212607,-0.0067670674099133965,0.309090909090909,10
2023-02-28,2023-03-01,2023-03-31,Tech,exploratory_21d_coverage_adjusted_zscore,-0.7636436194995423,0.9619047619047619,21-day observed ticker opportunities / total ticker opportunities,0.19552312187007015,0.02809467007212607,0.16285314638018522,0.309090909090909,10
2023-02-28,2023-03-01,2023-03-31,Utilities,exploratory_21d_coverage_adjusted_zscore,-0.5029951146039757,0.819047619047619,21-day observed ticker opportunities / total ticker opportunities,0.052489515420388155,0.02809467007212607,0.02372820914104201,0.309090909090909,10
2023-02-28,2023-03-01,2023-03-31,Comm,locked_prior_day_expanding_zscore,0.2734135922429573,0.6,source-day ticker coverage share,0.04688942141461361,0.02809467007212607,0.018281148506653633,0.5515151515151515,10
2023-02-28,2023-03-01,2023-03-31,Consumer,locked_prior_day_expanding_zscore,-0.3380104567264295,1.0,source-day ticker coverage share,0.03132179134090518,0.02809467007212607,0.0031389339549370288,0.5515151515151515,10
2023-02-28,2023-03-01,2023-03-31,Energy,locked_prior_day_expanding_zscore,-1.070577891140949,1.0,source-day ticker coverage share,-0.0061081169072667585,0.02809467007212607,-0.03326812984741312,0.5515151515151515,10
2023-02-28,2023-03-01,2023-03-31,Financials,locked_prior_day_expanding_zscore,-0.9976523574712355,1.0,source-day ticker coverage share,-0.1150735002758374,0.02809467007212607,-0.1392558239193279,0.5515151515151515,10
2023-02-28,2023-03-01,2023-03-31,Healthcare,locked_prior_day_expanding_zscore,-0.255567871031596,1.0,source-day ticker coverage share,0.02544397816030486,0.02809467007212607,-0.0025782566421000963,0.5515151515151515,10
2023-02-28,2023-03-01,2023-03-31,Industrials,locked_prior_day_expanding_zscore,-0.15227107740271953,0.8,source-day ticker coverage share,0.035343229374742435,0.02809467007212607,0.00705047843707618,0.5515151515151515,10
2023-02-28,2023-03-01,2023-03-31,Materials,locked_prior_day_expanding_zscore,1.4332416642320147,0.8,source-day ticker coverage share,0.003709205100338675,0.02809467007212607,-0.02371908510144949,0.5515151515151515,10
2023-02-28,2023-03-01,2023-03-31,RealEstate,locked_prior_day_expanding_zscore,-0.22167611279564856,1.0,source-day ticker coverage share,0.02113748413597527,0.02809467007212607,-0.0067670674099133965,0.5515151515151515,10
2023-02-28,2023-03-01,2023-03-31,Tech,locked_prior_day_expanding_zscore,-0.12363591548071745,1.0,source-day ticker coverage share,0.19552312187007015,0.02809467007212607,0.16285314638018522,0.5515151515151515,10
2023-02-28,2023-03-01,2023-03-31,Utilities,locked_prior_day_expanding_zscore,-0.09635942350039307,1.0,source-day ticker coverage share,0.052489515420388155,0.02809467007212607,0.02372820914104201,0.5515151515151515,10
2023-03-31,2023-04-03,2023-04-28,Comm,exploratory_21d_coverage_adjusted_zscore,0.9677553164918915,0.6857142857142857,21-day observed ticker opportunities / total ticker opportunities,0.025426436105789207,0.007975227375383032,0.017313132561646905,-0.41818181818181815,10
2023-03-31,2023-04-03,2023-04-28,Consumer,exploratory_21d_coverage_adjusted_zscore,-0.6741654494264993,0.9714285714285714,21-day observed ticker opportunities / total ticker opportunities,0.04278821334655003,0.007975227375383032,0.034537541226895785,-0.41818181818181815,10
2023-03-31,2023-04-03,2023-04-28,Energy,exploratory_21d_coverage_adjusted_zscore,0.4267756362411723,0.9619047619047619,21-day observed ticker opportunities / total ticker opportunities,0.02819746853403382,0.007975227375383032,0.020062240231147888,-0.41818181818181815,10
2023-03-31,2023-04-03,2023-04-28,Financials,exploratory_21d_coverage_adjusted_zscore,-1.3961914835014537,0.9714285714285714,21-day observed ticker opportunities / total ticker opportunities,0.02642667603702753,0.007975227375383032,0.01830545846815035,-0.41818181818181815,10
2023-03-31,2023-04-03,2023-04-28,Healthcare,exploratory_21d_coverage_adjusted_zscore,-0.4488929601211438,0.9047619047619048,21-day observed ticker opportunities / total ticker opportunities,0.02424429594919153,0.007975227375383032,0.01614034564735367,-0.41818181818181815,10
2023-03-31,2023-04-03,2023-04-28,Industrials,exploratory_21d_coverage_adjusted_zscore,1.644616035663615,0.6761904761904762,21-day observed ticker opportunities / total ticker opportunities,-0.017685822767474546,0.007975227375383032,-0.025458016671377037,-0.41818181818181815,10
2023-03-31,2023-04-03,2023-04-28,Materials,exploratory_21d_coverage_adjusted_zscore,-0.30852516893915916,0.6952380952380952,21-day observed ticker opportunities / total ticker opportunities,-0.009346969816220296,0.007975227375383032,-0.017185141778442103,-0.41818181818181815,10
2023-03-31,2023-04-03,2023-04-28,RealEstate,exploratory_21d_coverage_adjusted_zscore,0.7153691119948342,0.7047619047619048,21-day observed ticker opportunities / total ticker opportunities,-0.019144376241079453,0.007975227375383032,-0.02690502988558352,-0.41818181818181815,10
2023-03-31,2023-04-03,2023-04-28,Tech,exploratory_21d_coverage_adjusted_zscore,-0.40507681282676167,0.9809523809523809,21-day observed ticker opportunities / total ticker opportunities,-0.048218904900172554,0.007975227375383032,-0.05574951719981924,-0.41818181818181815,10
2023-03-31,2023-04-03,2023-04-28,Utilities,exploratory_21d_coverage_adjusted_zscore,-0.6060183400847333,0.7142857142857143,21-day observed ticker opportunities / total ticker opportunities,0.022868607440548194,0.007975227375383032,0.014775541760034372,-0.41818181818181815,10
2023-03-31,2023-04-03,2023-04-28,Comm,locked_prior_day_expanding_zscore,0.8511862570639624,0.8,source-day ticker coverage share,0.025426436105789207,0.007975227375383032,0.017313132561646905,-0.18787878787878787,10
2023-03-31,2023-04-03,2023-04-28,Consumer,locked_prior_day_expanding_zscore,0.14693572715289197,1.0,source-day ticker coverage share,0.04278821334655003,0.007975227375383032,0.034537541226895785,-0.18787878787878787,10
2023-03-31,2023-04-03,2023-04-28,Energy,locked_prior_day_expanding_zscore,-0.2668682910539421,1.0,source-day ticker coverage share,0.02819746853403382,0.007975227375383032,0.020062240231147888,-0.18787878787878787,10
2023-03-31,2023-04-03,2023-04-28,Financials,locked_prior_day_expanding_zscore,1.2800641547793312,0.8,source-day ticker coverage share,0.02642667603702753,0.007975227375383032,0.01830545846815035,-0.18787878787878787,10
2023-03-31,2023-04-03,2023-04-28,Healthcare,locked_prior_day_expanding_zscore,-0.8946435249413497,0.8,source-day ticker coverage share,0.02424429594919153,0.007975227375383032,0.01614034564735367,-0.18787878787878787,10
2023-03-31,2023-04-03,2023-04-28,Industrials,locked_prior_day_expanding_zscore,1.9034697241680871,0.6,source-day ticker coverage share,-0.017685822767474546,0.007975227375383032,-0.025458016671377037,-0.18787878787878787,10
2023-03-31,2023-04-03,2023-04-28,Materials,locked_prior_day_expanding_zscore,0.4781390728755172,0.6,source-day ticker coverage share,-0.009346969816220296,0.007975227375383032,-0.017185141778442103,-0.18787878787878787,10
2023-03-31,2023-04-03,2023-04-28,RealEstate,locked_prior_day_expanding_zscore,-0.0899944304264641,0.6,source-day ticker coverage share,-0.019144376241079453,0.007975227375383032,-0.02690502988558352,-0.18787878787878787,10
2023-03-31,2023-04-03,2023-04-28,Tech,locked_prior_day_expanding_zscore,0.44539938538732654,1.0,source-day ticker coverage share,-0.048218904900172554,0.007975227375383032,-0.05574951719981924,-0.18787878787878787,10
2023-03-31,2023-04-03,2023-04-28,Utilities,locked_prior_day_expanding_zscore,0.15438341308670003,0.8,source-day ticker coverage share,0.022868607440548194,0.007975227375383032,0.014775541760034372,-0.18787878787878787,10
2023-04-28,2023-05-01,2023-05-31,Comm,exploratory_21d_coverage_adjusted_zscore,-0.6660321522628908,0.819047619047619,21-day observed ticker opportunities / total ticker opportunities,-0.01876348691399765,-0.045551857222896786,0.028066868285745228,0.2121212121212121,10
2023-04-28,2023-05-01,2023-05-31,Consumer,exploratory_21d_coverage_adjusted_zscore,-0.39415707392353533,0.9809523809523809,21-day observed ticker opportunities / total ticker opportunities,-0.10903217575225588,-0.045551857222896786,-0.06650997124333446,0.2121212121212121,10
2023-04-28,2023-05-01,2023-05-31,Energy,exploratory_21d_coverage_adjusted_zscore,-0.12022998558743397,0.9523809523809523,21-day observed ticker opportunities / total ticker opportunities,-0.0903831499664085,-0.045551857222896786,-0.04697090468746545,0.2121212121212121,10
2023-04-28,2023-05-01,2023-05-31,Financials,exploratory_21d_coverage_adjusted_zscore,-0.428500344409517,0.9619047619047619,21-day observed ticker opportunities / total ticker opportunities,-0.061308685705767973,-0.045551857222896786,-0.016508836653004955,0.2121212121212121,10
2023-04-28,2023-05-01,2023-05-31,Healthcare,exploratory_21d_coverage_adjusted_zscore,-1.2497395246369847,0.9523809523809523,21-day observed ticker opportunities / total ticker opportunities,-0.06811746144464803,-0.045551857222896786,-0.02364256706089174,0.2121212121212121,10
2023-04-28,2023-05-01,2023-05-31,Industrials,exploratory_21d_coverage_adjusted_zscore,-0.1070583895535044,0.7523809523809524,21-day observed ticker opportunities / total ticker opportunities,-0.04236162410521338,-0.045551857222896786,0.0033424897327589687,0.2121212121212121,10
2023-04-28,2023-05-01,2023-05-31,Materials,exploratory_21d_coverage_adjusted_zscore,-0.2944230408422515,0.7047619047619048,21-day observed ticker opportunities / total ticker opportunities,-0.08004558770644687,-0.045551857222896786,-0.036139973391519864,0.2121212121212121,10
2023-04-28,2023-05-01,2023-05-31,RealEstate,exploratory_21d_coverage_adjusted_zscore,-0.2209068821616056,0.6952380952380952,21-day observed ticker opportunities / total ticker opportunities,-0.054281409433502015,-0.045551857222896786,-0.009146177586144555,0.2121212121212121,10
2023-04-28,2023-05-01,2023-05-31,Tech,exploratory_21d_coverage_adjusted_zscore,1.3836216491834117,0.9904761904761905,21-day observed ticker opportunities / total ticker opportunities,0.15709360990544052,-0.045551857222896786,0.21231689606384618,0.2121212121212121,10
2023-04-28,2023-05-01,2023-05-31,Utilities,exploratory_21d_coverage_adjusted_zscore,-0.3220275425521744,0.8095238095238095,21-day observed ticker opportunities / total ticker opportunities,-0.0758255529393238,-0.045551857222896786,-0.03171853384128487,0.2121212121212121,10
2023-04-28,2023-05-01,2023-05-31,Comm,locked_prior_day_expanding_zscore,-0.3146419236638006,1.0,source-day ticker coverage share,-0.01876348691399765,-0.045551857222896786,0.028066868285745228,-0.17575757575757575,10
2023-04-28,2023-05-01,2023-05-31,Consumer,locked_prior_day_expanding_zscore,-1.0863397370949763,1.0,source-day ticker coverage share,-0.10903217575225588,-0.045551857222896786,-0.06650997124333446,-0.17575757575757575,10
2023-04-28,2023-05-01,2023-05-31,Energy,locked_prior_day_expanding_zscore,-0.1073159443953469,1.0,source-day ticker coverage share,-0.0903831499664085,-0.045551857222896786,-0.04697090468746545,-0.17575757575757575,10
2023-04-28,2023-05-01,2023-05-31,Financials,locked_prior_day_expanding_zscore,1.3313408524803203,0.8,source-day ticker coverage share,-0.061308685705767973,-0.045551857222896786,-0.016508836653004955,-0.17575757575757575,10
2023-04-28,2023-05-01,2023-05-31,Healthcare,locked_prior_day_expanding_zscore,-0.1201680666823504,1.0,source-day ticker coverage share,-0.06811746144464803,-0.045551857222896786,-0.02364256706089174,-0.17575757575757575,10
2023-04-28,2023-05-01,2023-05-31,Industrials,locked_prior_day_expanding_zscore,-0.5166544232842633,0.8,source-day ticker coverage share,-0.04236162410521338,-0.045551857222896786,0.0033424897327589687,-0.17575757575757575,10
2023-04-28,2023-05-01,2023-05-31,Materials,locked_prior_day_expanding_zscore,-0.22122921756452676,1.0,source-day ticker coverage share,-0.08004558770644687,-0.045551857222896786,-0.036139973391519864,-0.17575757575757575,10
2023-04-28,2023-05-01,2023-05-31,RealEstate,locked_prior_day_expanding_zscore,-0.611516532501127,0.4,source-day ticker coverage share,-0.054281409433502015,-0.045551857222896786,-0.009146177586144555,-0.17575757575757575,10
2023-04-28,2023-05-01,2023-05-31,Tech,locked_prior_day_expanding_zscore,-0.2841133098572185,1.0,source-day ticker coverage share,0.15709360990544052,-0.045551857222896786,0.21231689606384618,-0.17575757575757575,10
2023-04-28,2023-05-01,2023-05-31,Utilities,locked_prior_day_expanding_zscore,-0.22900379791906073,1.0,source-day ticker coverage share,-0.0758255529393238,-0.045551857222896786,-0.03171853384128487,-0.17575757575757575,10
2023-05-31,2023-06-01,2023-06-30,Comm,exploratory_21d_coverage_adjusted_zscore,-0.1626410076186066,0.8666666666666667,21-day observed ticker opportunities / total ticker opportunities,0.033678767484166316,0.05501359591054045,-0.02022232557862047,0.4545454545454545,10
2023-05-31,2023-06-01,2023-06-30,Consumer,exploratory_21d_coverage_adjusted_zscore,-1.075129380420907,0.9523809523809523,21-day observed ticker opportunities / total ticker opportunities,0.034525423633168906,0.05501359591054045,-0.019419818243848308,0.4545454545454545,10
2023-05-31,2023-06-01,2023-06-30,Energy,exploratory_21d_coverage_adjusted_zscore,-0.34334477506914,0.8952380952380953,21-day observed ticker opportunities / total ticker opportunities,0.06348331655805883,0.05501359591054045,0.008028067771210567,0.4545454545454545,10
2023-05-31,2023-06-01,2023-06-30,Financials,exploratory_21d_coverage_adjusted_zscore,-1.9904534061124772,0.9904761904761905,21-day observed ticker opportunities / total ticker opportunities,0.06192180093083732,0.05501359591054045,0.006547977246051273,0.4545454545454545,10
2023-05-31,2023-06-01,2023-06-30,Healthcare,exploratory_21d_coverage_adjusted_zscore,-0.9832942464184392,0.9238095238095239,21-day observed ticker opportunities / total ticker opportunities,0.02316949312940153,0.05501359591054045,-0.030183594699228045,0.4545454545454545,10
2023-05-31,2023-06-01,2023-06-30,Industrials,exploratory_21d_coverage_adjusted_zscore,0.05140951115426582,0.6952380952380952,21-day observed ticker opportunities / total ticker opportunities,0.09014986565112548,0.05501359591054045,0.03330409188732797,0.4545454545454545,10
2023-05-31,2023-06-01,2023-06-30,Materials,exploratory_21d_coverage_adjusted_zscore,-0.4021416889601377,0.5714285714285714,21-day observed ticker opportunities / total ticker opportunities,0.12295487235460945,0.05501359591054045,0.06439848425406458,0.4545454545454545,10
2023-05-31,2023-06-01,2023-06-30,RealEstate,exploratory_21d_coverage_adjusted_zscore,-0.5231022339356286,0.6761904761904762,21-day observed ticker opportunities / total ticker opportunities,0.024990317945241092,0.05501359591054045,-0.028457716641449915,0.4545454545454545,10
2023-05-31,2023-06-01,2023-06-30,Tech,exploratory_21d_coverage_adjusted_zscore,-0.24990870555628478,0.9523809523809523,21-day observed ticker opportunities / total ticker opportunities,0.07418677272148333,0.05501359591054045,0.018173393106271085,0.4545454545454545,10
2023-05-31,2023-06-01,2023-06-30,Utilities,exploratory_21d_coverage_adjusted_zscore,-0.5704304829491944,0.7333333333333333,21-day observed ticker opportunities / total ticker opportunities,0.016104918327617623,0.05501359591054045,-0.03687978783756074,0.4545454545454545,10
2023-05-31,2023-06-01,2023-06-30,Comm,locked_prior_day_expanding_zscore,-0.7794928903362611,0.8,source-day ticker coverage share,0.033678767484166316,0.05501359591054045,-0.02022232557862047,0.09090909090909088,10
2023-05-31,2023-06-01,2023-06-30,Consumer,locked_prior_day_expanding_zscore,0.04646612508798655,1.0,source-day ticker coverage share,0.034525423633168906,0.05501359591054045,-0.019419818243848308,0.09090909090909088,10
2023-05-31,2023-06-01,2023-06-30,Energy,locked_prior_day_expanding_zscore,0.17000643205651225,1.0,source-day ticker coverage share,0.06348331655805883,0.05501359591054045,0.008028067771210567,0.09090909090909088,10
2023-05-31,2023-06-01,2023-06-30,Financials,locked_prior_day_expanding_zscore,-0.8014947267208458,1.0,source-day ticker coverage share,0.06192180093083732,0.05501359591054045,0.006547977246051273,0.09090909090909088,10
2023-05-31,2023-06-01,2023-06-30,Healthcare,locked_prior_day_expanding_zscore,1.4634953631128103,1.0,source-day ticker coverage share,0.02316949312940153,0.05501359591054045,-0.030183594699228045,0.09090909090909088,10
2023-05-31,2023-06-01,2023-06-30,Industrials,locked_prior_day_expanding_zscore,-0.18494930286883665,0.8,source-day ticker coverage share,0.09014986565112548,0.05501359591054045,0.03330409188732797,0.09090909090909088,10
2023-05-31,2023-06-01,2023-06-30,Materials,locked_prior_day_expanding_zscore,0.8802667151626195,0.6,source-day ticker coverage share,0.12295487235460945,0.05501359591054045,0.06439848425406458,0.09090909090909088,10
2023-05-31,2023-06-01,2023-06-30,RealEstate,locked_prior_day_expanding_zscore,0.15811864752773652,1.0,source-day ticker coverage share,0.024990317945241092,0.05501359591054045,-0.028457716641449915,0.09090909090909088,10
2023-05-31,2023-06-01,2023-06-30,Tech,locked_prior_day_expanding_zscore,-0.0002918517815725161,1.0,source-day ticker coverage share,0.07418677272148333,0.05501359591054045,0.018173393106271085,0.09090909090909088,10
2023-05-31,2023-06-01,2023-06-30,Utilities,locked_prior_day_expanding_zscore,-0.4471553554449641,0.8,source-day ticker coverage share,0.016104918327617623,0.05501359591054045,-0.03687978783756074,0.09090909090909088,10
2023-06-30,2023-07-03,2023-07-31,Comm,exploratory_21d_coverage_adjusted_zscore,1.0021518867500732,0.7619047619047619,21-day observed ticker opportunities / total ticker opportunities,0.02184892871083255,0.04657725890362152,-0.023627811499261853,-0.19999999999999998,10
2023-06-30,2023-07-03,2023-07-31,Consumer,exploratory_21d_coverage_adjusted_zscore,-0.9552437289717164,0.9904761904761905,21-day observed ticker opportunities / total ticker opportunities,0.013999277155498646,0.04657725890362152,-0.03112811927735848,-0.19999999999999998,10
2023-06-30,2023-07-03,2023-07-31,Energy,exploratory_21d_coverage_adjusted_zscore,-0.7509469330328594,0.9428571428571428,21-day observed ticker opportunities / total ticker opportunities,0.08652350836225553,0.04657725890362152,0.038168466894150876,-0.19999999999999998,10
2023-06-30,2023-07-03,2023-07-31,Financials,exploratory_21d_coverage_adjusted_zscore,-0.176260833639407,0.9619047619047619,21-day observed ticker opportunities / total ticker opportunities,0.09325604907254692,0.04657725890362152,0.04460138013874437,-0.19999999999999998,10
2023-06-30,2023-07-03,2023-07-31,Healthcare,exploratory_21d_coverage_adjusted_zscore,0.5818940275374569,0.9047619047619048,21-day observed ticker opportunities / total ticker opportunities,0.021875311599791836,0.04657725890362152,-0.023602602764087433,-0.19999999999999998,10
2023-06-30,2023-07-03,2023-07-31,Industrials,exploratory_21d_coverage_adjusted_zscore,0.10485282381666819,0.7333333333333333,21-day observed ticker opportunities / total ticker opportunities,0.0841146709683358,0.04657725890362152,0.03586683328475715,-0.19999999999999998,10
2023-06-30,2023-07-03,2023-07-31,Materials,exploratory_21d_coverage_adjusted_zscore,0.9919375151496276,0.6571428571428571,21-day observed ticker opportunities / total ticker opportunities,0.05065781852181184,0.04657725890362152,0.003898956893507277,-0.19999999999999998,10
2023-06-30,2023-07-03,2023-07-31,RealEstate,exploratory_21d_coverage_adjusted_zscore,0.019518051094321625,0.6666666666666666,21-day observed ticker opportunities / total ticker opportunities,-0.01151192637617815,0.04657725890362152,-0.055503962832761156,-0.19999999999999998,10
2023-06-30,2023-07-03,2023-07-31,Tech,exploratory_21d_coverage_adjusted_zscore,-0.17032905595414113,1.0,21-day observed ticker opportunities / total ticker opportunities,0.08195706951933635,0.04657725890362152,0.03380525452347216,-0.19999999999999998,10
2023-06-30,2023-07-03,2023-07-31,Utilities,exploratory_21d_coverage_adjusted_zscore,0.1991550782961271,0.6190476190476191,21-day observed ticker opportunities / total ticker opportunities,0.020319011295537814,0.04657725890362152,-0.025089640907725697,-0.19999999999999998,10
2023-06-30,2023-07-03,2023-07-31,Comm,locked_prior_day_expanding_zscore,-0.4111470510916931,0.8,source-day ticker coverage share,0.02184892871083255,0.04657725890362152,-0.023627811499261853,-0.09090909090909088,10
2023-06-30,2023-07-03,2023-07-31,Consumer,locked_prior_day_expanding_zscore,-1.2010039220134974,1.0,source-day ticker coverage share,0.013999277155498646,0.04657725890362152,-0.03112811927735848,-0.09090909090909088,10
2023-06-30,2023-07-03,2023-07-31,Energy,locked_prior_day_expanding_zscore,-0.2440826154579988,0.8,source-day ticker coverage share,0.08652350836225553,0.04657725890362152,0.038168466894150876,-0.09090909090909088,10
2023-06-30,2023-07-03,2023-07-31,Financials,locked_prior_day_expanding_zscore,-0.3135818959504551,1.0,source-day ticker coverage share,0.09325604907254692,0.04657725890362152,0.04460138013874437,-0.09090909090909088,10
2023-06-30,2023-07-03,2023-07-31,Healthcare,locked_prior_day_expanding_zscore,1.079911060735768,0.8,source-day ticker coverage share,0.021875311599791836,0.04657725890362152,-0.023602602764087433,-0.09090909090909088,10
2023-06-30,2023-07-03,2023-07-31,Industrials,locked_prior_day_expanding_zscore,-0.42786461386072266,0.8,source-day ticker coverage share,0.0841146709683358,0.04657725890362152,0.03586683328475715,-0.09090909090909088,10
2023-06-30,2023-07-03,2023-07-31,Materials,locked_prior_day_expanding_zscore,-0.4280723133291722,1.0,source-day ticker coverage share,0.05065781852181184,0.04657725890362152,0.003898956893507277,-0.09090909090909088,10
2023-06-30,2023-07-03,2023-07-31,RealEstate,locked_prior_day_expanding_zscore,0.6122035851814094,0.8,source-day ticker coverage share,-0.01151192637617815,0.04657725890362152,-0.055503962832761156,-0.09090909090909088,10
2023-06-30,2023-07-03,2023-07-31,Tech,locked_prior_day_expanding_zscore,-0.3215150979651414,1.0,source-day ticker coverage share,0.08195706951933635,0.04657725890362152,0.03380525452347216,-0.09090909090909088,10
2023-06-30,2023-07-03,2023-07-31,Utilities,locked_prior_day_expanding_zscore,0.13083454447185697,0.8,source-day ticker coverage share,0.020319011295537814,0.04657725890362152,-0.025089640907725697,-0.09090909090909088,10
2023-07-31,2023-08-01,2023-08-31,Comm,exploratory_21d_coverage_adjusted_zscore,-0.6354904635459061,0.8666666666666667,21-day observed ticker opportunities / total ticker opportunities,-0.03030814361814793,-0.028447656061852955,-0.0019149637874924519,-0.32121212121212117,10
2023-07-31,2023-08-01,2023-08-31,Consumer,exploratory_21d_coverage_adjusted_zscore,-0.0442903067868263,0.9619047619047619,21-day observed ticker opportunities / total ticker opportunities,-0.03685136755906604,-0.028447656061852955,-0.008649777389398317,-0.32121212121212117,10
2023-07-31,2023-08-01,2023-08-31,Energy,exploratory_21d_coverage_adjusted_zscore,-0.7976214956749481,0.9619047619047619,21-day observed ticker opportunities / total ticker opportunities,0.012293763163726323,-0.028447656061852955,0.041934353285007386,-0.32121212121212117,10
2023-07-31,2023-08-01,2023-08-31,Financials,exploratory_21d_coverage_adjusted_zscore,-0.6555633453429376,0.9904761904761905,21-day observed ticker opportunities / total ticker opportunities,-0.0574602427302755,-0.028447656061852955,-0.029862093225797026,-0.32121212121212117,10
2023-07-31,2023-08-01,2023-08-31,Healthcare,exploratory_21d_coverage_adjusted_zscore,-0.6149892192676658,0.9619047619047619,21-day observed ticker opportunities / total ticker opportunities,0.006800094141660384,-0.028447656061852955,0.03627982622185644,-0.32121212121212117,10
2023-07-31,2023-08-01,2023-08-31,Industrials,exploratory_21d_coverage_adjusted_zscore,-0.31789790840273974,0.7619047619047619,21-day observed ticker opportunities / total ticker opportunities,-0.022802486101950015,-0.028447656061852955,0.005810464042544927,-0.32121212121212117,10
2023-07-31,2023-08-01,2023-08-31,Materials,exploratory_21d_coverage_adjusted_zscore,-1.0029985714733585,0.7333333333333333,21-day observed ticker opportunities / total ticker opportunities,-0.02507867861207269,-0.028447656061852955,0.0034676232019823505,-0.32121212121212117,10
2023-07-31,2023-08-01,2023-08-31,RealEstate,exploratory_21d_coverage_adjusted_zscore,0.40480965797824436,0.780952380952381,21-day observed ticker opportunities / total ticker opportunities,-0.04353437198842347,-0.028447656061852955,-0.015528464339262582,-0.32121212121212117,10
2023-07-31,2023-08-01,2023-08-31,Tech,exploratory_21d_coverage_adjusted_zscore,0.37736460508440534,1.0,21-day observed ticker opportunities / total ticker opportunities,-0.02686674172849013,-0.028447656061852955,0.0016272044869498625,-0.32121212121212117,10
2023-07-31,2023-08-01,2023-08-31,Utilities,exploratory_21d_coverage_adjusted_zscore,-0.35433071913015524,0.7047619047619048,21-day observed ticker opportunities / total ticker opportunities,-0.06460449038161298,-0.028447656061852955,-0.037215528885659155,-0.32121212121212117,10
2023-07-31,2023-08-01,2023-08-31,Comm,locked_prior_day_expanding_zscore,0.6762451517041129,0.8,source-day ticker coverage share,-0.03030814361814793,-0.028447656061852955,-0.0019149637874924519,0.19999999999999998,10
2023-07-31,2023-08-01,2023-08-31,Consumer,locked_prior_day_expanding_zscore,-0.08873434725274087,0.8,source-day ticker coverage share,-0.03685136755906604,-0.028447656061852955,-0.008649777389398317,0.19999999999999998,10
2023-07-31,2023-08-01,2023-08-31,Energy,locked_prior_day_expanding_zscore,1.5186248067087667,0.8,source-day ticker coverage share,0.012293763163726323,-0.028447656061852955,0.041934353285007386,0.19999999999999998,10
2023-07-31,2023-08-01,2023-08-31,Financials,locked_prior_day_expanding_zscore,-0.21663314707235057,0.8,source-day ticker coverage share,-0.0574602427302755,-0.028447656061852955,-0.029862093225797026,0.19999999999999998,10
2023-07-31,2023-08-01,2023-08-31,Healthcare,locked_prior_day_expanding_zscore,-1.1506402618089335,1.0,source-day ticker coverage share,0.006800094141660384,-0.028447656061852955,0.03627982622185644,0.19999999999999998,10
2023-07-31,2023-08-01,2023-08-31,Industrials,locked_prior_day_expanding_zscore,-1.020458933250609,0.8,source-day ticker coverage share,-0.022802486101950015,-0.028447656061852955,0.005810464042544927,0.19999999999999998,10
2023-07-31,2023-08-01,2023-08-31,Materials,locked_prior_day_expanding_zscore,1.2351528526963524,0.2,source-day ticker coverage share,-0.02507867861207269,-0.028447656061852955,0.0034676232019823505,0.19999999999999998,10
2023-07-31,2023-08-01,2023-08-31,RealEstate,locked_prior_day_expanding_zscore,0.5719287781087516,1.0,source-day ticker coverage share,-0.04353437198842347,-0.028447656061852955,-0.015528464339262582,0.19999999999999998,10
2023-07-31,2023-08-01,2023-08-31,Tech,locked_prior_day_expanding_zscore,1.2752092040880596,1.0,source-day ticker coverage share,-0.02686674172849013,-0.028447656061852955,0.0016272044869498625,0.19999999999999998,10
2023-07-31,2023-08-01,2023-08-31,Utilities,locked_prior_day_expanding_zscore,-0.9377123076195192,0.8,source-day ticker coverage share,-0.06460449038161298,-0.028447656061852955,-0.037215528885659155,0.19999999999999998,10
2023-08-31,2023-09-01,2023-09-29,Comm,exploratory_21d_coverage_adjusted_zscore,-0.7919433427928972,0.8095238095238095,21-day observed ticker opportunities / total ticker opportunities,-0.003133027945975697,-0.03999843990931495,0.038401408389228786,0.13939393939393938,10
2023-08-31,2023-09-01,2023-09-29,Consumer,exploratory_21d_coverage_adjusted_zscore,-1.035830965924478,0.9904761904761905,21-day observed ticker opportunities / total ticker opportunities,-0.04428521352486414,-0.03999843990931495,-0.004465381926196277,0.13939393939393938,10
2023-08-31,2023-09-01,2023-09-29,Energy,exploratory_21d_coverage_adjusted_zscore,-0.16336647572323515,0.9047619047619048,21-day observed ticker opportunities / total ticker opportunities,0.029140164221317155,-0.03999843990931495,0.0720192622646374,0.13939393939393938,10
2023-08-31,2023-09-01,2023-09-29,Financials,exploratory_21d_coverage_adjusted_zscore,-1.4354856437478323,0.9904761904761905,21-day observed ticker opportunities / total ticker opportunities,-0.041401257213229625,-0.03999843990931495,-0.0014612656502164256,0.13939393939393938,10
2023-08-31,2023-09-01,2023-09-29,Healthcare,exploratory_21d_coverage_adjusted_zscore,-0.3142197673623531,0.8952380952380953,21-day observed ticker opportunities / total ticker opportunities,-0.011327991317579555,-0.03999843990931495,0.029865002082941405,0.13939393939393938,10
2023-08-31,2023-09-01,2023-09-29,Industrials,exploratory_21d_coverage_adjusted_zscore,-0.597863434913827,0.7047619047619048,21-day observed ticker opportunities / total ticker opportunities,-0.08213908566561134,-0.03999843990931495,-0.04389643466028914,0.13939393939393938,10
2023-08-31,2023-09-01,2023-09-29,Materials,exploratory_21d_coverage_adjusted_zscore,0.3872608818943569,0.5619047619047619,21-day observed ticker opportunities / total ticker opportunities,-0.05637505899852835,-0.03999843990931495,-0.01705895049552464,0.13939393939393938,10
2023-08-31,2023-09-01,2023-09-29,RealEstate,exploratory_21d_coverage_adjusted_zscore,-0.5404171568400631,0.7333333333333333,21-day observed ticker opportunities / total ticker opportunities,-0.07846637101411424,-0.03999843990931495,-0.04007069644883232,0.13939393939393938,10
2023-08-31,2023-09-01,2023-09-29,Tech,exploratory_21d_coverage_adjusted_zscore,-0.19791197721542772,0.9809523809523809,21-day observed ticker opportunities / total ticker opportunities,-0.049727560015006333,-0.03999843990931495,-0.010134483640601877,0.13939393939393938,10
2023-08-31,2023-09-01,2023-09-29,Utilities,exploratory_21d_coverage_adjusted_zscore,-1.4596206025637617,0.7523809523809524,21-day observed ticker opportunities / total ticker opportunities,-0.06306028908622618,-0.03999843990931495,-0.024022720520092467,0.13939393939393938,10
2023-08-31,2023-09-01,2023-09-29,Comm,locked_prior_day_expanding_zscore,0.0399716250348365,0.6,source-day ticker coverage share,-0.003133027945975697,-0.03999843990931495,0.038401408389228786,-0.11515151515151514,10
2023-08-31,2023-09-01,2023-09-29,Consumer,locked_prior_day_expanding_zscore,0.02013886040326362,1.0,source-day ticker coverage share,-0.04428521352486414,-0.03999843990931495,-0.004465381926196277,-0.11515151515151514,10
2023-08-31,2023-09-01,2023-09-29,Energy,locked_prior_day_expanding_zscore,0.5307883089369403,0.6,source-day ticker coverage share,0.029140164221317155,-0.03999843990931495,0.0720192622646374,-0.11515151515151514,10
2023-08-31,2023-09-01,2023-09-29,Financials,locked_prior_day_expanding_zscore,-0.19438524891112538,1.0,source-day ticker coverage share,-0.041401257213229625,-0.03999843990931495,-0.0014612656502164256,-0.11515151515151514,10
2023-08-31,2023-09-01,2023-09-29,Healthcare,locked_prior_day_expanding_zscore,-0.28569093563177056,0.8,source-day ticker coverage share,-0.011327991317579555,-0.03999843990931495,0.029865002082941405,-0.11515151515151514,10
2023-08-31,2023-09-01,2023-09-29,Industrials,locked_prior_day_expanding_zscore,-0.08754272691743613,0.6,source-day ticker coverage share,-0.08213908566561134,-0.03999843990931495,-0.04389643466028914,-0.11515151515151514,10
2023-08-31,2023-09-01,2023-09-29,Materials,locked_prior_day_expanding_zscore,1.7081875946836351,0.6,source-day ticker coverage share,-0.05637505899852835,-0.03999843990931495,-0.01705895049552464,-0.11515151515151514,10
2023-08-31,2023-09-01,2023-09-29,RealEstate,locked_prior_day_expanding_zscore,0.2926844929557376,0.8,source-day ticker coverage share,-0.07846637101411424,-0.03999843990931495,-0.04007069644883232,-0.11515151515151514,10
2023-08-31,2023-09-01,2023-09-29,Tech,locked_prior_day_expanding_zscore,0.15846833429984886,1.0,source-day ticker coverage share,-0.049727560015006333,-0.03999843990931495,-0.010134483640601877,-0.11515151515151514,10
2023-08-31,2023-09-01,2023-09-29,Utilities,locked_prior_day_expanding_zscore,0.06787644031899134,0.6,source-day ticker coverage share,-0.06306028908622618,-0.03999843990931495,-0.024022720520092467,-0.11515151515151514,10
2023-09-29,2023-10-02,2023-10-31,Comm,exploratory_21d_coverage_adjusted_zscore,0.1398912496668628,0.780952380952381,21-day observed ticker opportunities / total ticker opportunities,-0.0008995348465478115,-0.023884277313935498,0.023547149106602383,-0.5757575757575757,10
2023-09-29,2023-10-02,2023-10-31,Consumer,exploratory_21d_coverage_adjusted_zscore,0.0558669789768537,0.9619047619047619,21-day observed ticker opportunities / total ticker opportunities,0.02537468523120534,-0.023884277313935498,0.05046426504594215,-0.5757575757575757,10
2023-09-29,2023-10-02,2023-10-31,Energy,exploratory_21d_coverage_adjusted_zscore,0.3345307228381012,0.9047619047619048,21-day observed ticker opportunities / total ticker opportunities,-0.06725911157372122,-0.023884277313935498,-0.04443615982378335,-0.5757575757575757,10
2023-09-29,2023-10-02,2023-10-31,Financials,exploratory_21d_coverage_adjusted_zscore,0.8710884433939337,0.9523809523809523,21-day observed ticker opportunities / total ticker opportunities,-0.044569645724194085,-0.023884277313935498,-0.02119151236836636,-0.5757575757575757,10
2023-09-29,2023-10-02,2023-10-31,Healthcare,exploratory_21d_coverage_adjusted_zscore,-1.2934213290088072,0.9047619047619048,21-day observed ticker opportunities / total ticker opportunities,-0.012163092020263111,-0.023884277313935498,0.012007987394586861,-0.5757575757575757,10
2023-09-29,2023-10-02,2023-10-31,Industrials,exploratory_21d_coverage_adjusted_zscore,1.0741161804902533,0.780952380952381,21-day observed ticker opportunities / total ticker opportunities,-0.06662474014732245,-0.023884277313935498,-0.04378626615681813,-0.5757575757575757,10
2023-09-29,2023-10-02,2023-10-31,Materials,exploratory_21d_coverage_adjusted_zscore,0.2395754660025302,0.7047619047619048,21-day observed ticker opportunities / total ticker opportunities,-0.03740666145206051,-0.023884277313935498,-0.013853259223111647,-0.5757575757575757,10
2023-09-29,2023-10-02,2023-10-31,RealEstate,exploratory_21d_coverage_adjusted_zscore,1.4948985631209155,0.780952380952381,21-day observed ticker opportunities / total ticker opportunities,-0.02860807907372165,-0.023884277313935498,-0.004839387021435604,-0.5757575757575757,10
2023-09-29,2023-10-02,2023-10-31,Tech,exploratory_21d_coverage_adjusted_zscore,0.3637159157956985,1.0,21-day observed ticker opportunities / total ticker opportunities,-0.009200060891045192,-0.023884277313935498,0.015043520026992718,-0.5757575757575757,10
2023-09-29,2023-10-02,2023-10-31,Utilities,exploratory_21d_coverage_adjusted_zscore,-0.9074654540631826,0.780952380952381,21-day observed ticker opportunities / total ticker opportunities,-0.005668811619856662,-0.023884277313935498,0.01866117435743564,-0.5757575757575757,10
2023-09-29,2023-10-02,2023-10-31,Comm,locked_prior_day_expanding_zscore,0.05408180595885993,0.8,source-day ticker coverage share,-0.0008995348465478115,-0.023884277313935498,0.023547149106602383,-0.3696969696969697,10
2023-09-29,2023-10-02,2023-10-31,Consumer,locked_prior_day_expanding_zscore,0.13162356724007784,0.8,source-day ticker coverage share,0.02537468523120534,-0.023884277313935498,0.05046426504594215,-0.3696969696969697,10
2023-09-29,2023-10-02,2023-10-31,Energy,locked_prior_day_expanding_zscore,0.2517140030705901,1.0,source-day ticker coverage share,-0.06725911157372122,-0.023884277313935498,-0.04443615982378335,-0.3696969696969697,10
2023-09-29,2023-10-02,2023-10-31,Financials,locked_prior_day_expanding_zscore,0.5197259041801959,1.0,source-day ticker coverage share,-0.044569645724194085,-0.023884277313935498,-0.02119151236836636,-0.3696969696969697,10
2023-09-29,2023-10-02,2023-10-31,Healthcare,locked_prior_day_expanding_zscore,0.12398261938273164,1.0,source-day ticker coverage share,-0.012163092020263111,-0.023884277313935498,0.012007987394586861,-0.3696969696969697,10
2023-09-29,2023-10-02,2023-10-31,Industrials,locked_prior_day_expanding_zscore,-0.40242589979318616,0.8,source-day ticker coverage share,-0.06662474014732245,-0.023884277313935498,-0.04378626615681813,-0.3696969696969697,10
2023-09-29,2023-10-02,2023-10-31,Materials,locked_prior_day_expanding_zscore,0.671926500492613,0.8,source-day ticker coverage share,-0.03740666145206051,-0.023884277313935498,-0.013853259223111647,-0.3696969696969697,10
2023-09-29,2023-10-02,2023-10-31,RealEstate,locked_prior_day_expanding_zscore,2.0,0.6,source-day ticker coverage share,-0.02860807907372165,-0.023884277313935498,-0.004839387021435604,-0.3696969696969697,10
2023-09-29,2023-10-02,2023-10-31,Tech,locked_prior_day_expanding_zscore,-0.9502911242798201,1.0,source-day ticker coverage share,-0.009200060891045192,-0.023884277313935498,0.015043520026992718,-0.3696969696969697,10
2023-09-29,2023-10-02,2023-10-31,Utilities,locked_prior_day_expanding_zscore,-0.4360415498850618,0.8,source-day ticker coverage share,-0.005668811619856662,-0.023884277313935498,0.01866117435743564,-0.3696969696969697,10
2023-10-31,2023-11-01,2023-11-30,Comm,exploratory_21d_coverage_adjusted_zscore,-0.06893394746165783,0.7523809523809524,21-day observed ticker opportunities / total ticker opportunities,0.08726956391110563,0.09151590284597422,-0.0038903133924085287,0.2606060606060606,10
2023-10-31,2023-11-01,2023-11-30,Consumer,exploratory_21d_coverage_adjusted_zscore,0.3454102629901264,0.9904761904761905,21-day observed ticker opportunities / total ticker opportunities,0.05818333726527136,0.09151590284597422,-0.030537865269569475,0.2606060606060606,10
2023-10-31,2023-11-01,2023-11-30,Energy,exploratory_21d_coverage_adjusted_zscore,0.12155295167969915,0.8761904761904762,21-day observed ticker opportunities / total ticker opportunities,-0.030844710220120475,0.09151590284597422,-0.112101539470984,0.2606060606060606,10
2023-10-31,2023-11-01,2023-11-30,Financials,exploratory_21d_coverage_adjusted_zscore,-0.12628474936720493,0.9047619047619048,21-day observed ticker opportunities / total ticker opportunities,0.13547205876874546,0.09151590284597422,0.040270742559189276,0.2606060606060606,10
2023-10-31,2023-11-01,2023-11-30,Healthcare,exploratory_21d_coverage_adjusted_zscore,-0.07260024447907007,0.9523809523809523,21-day observed ticker opportunities / total ticker opportunities,0.029167917535223298,0.09151590284597422,-0.05712054689096813,0.2606060606060606,10
2023-10-31,2023-11-01,2023-11-30,Industrials,exploratory_21d_coverage_adjusted_zscore,-0.701632744250293,0.9238095238095239,21-day observed ticker opportunities / total ticker opportunities,0.13250541492860934,0.09151590284597422,0.03755283086188732,0.2606060606060606,10
2023-10-31,2023-11-01,2023-11-30,Materials,exploratory_21d_coverage_adjusted_zscore,0.15437495624144723,0.7333333333333333,21-day observed ticker opportunities / total ticker opportunities,0.09573613182330343,0.09151590284597422,0.003866392570484267,0.2606060606060606,10
2023-10-31,2023-11-01,2023-11-30,RealEstate,exploratory_21d_coverage_adjusted_zscore,0.900578259653127,0.7523809523809524,21-day observed ticker opportunities / total ticker opportunities,0.15978074666198894,0.09151590284597422,0.06254131858090539,0.2606060606060606,10
2023-10-31,2023-11-01,2023-11-30,Tech,exploratory_21d_coverage_adjusted_zscore,0.6529580129288218,0.9904761904761905,21-day observed ticker opportunities / total ticker opportunities,0.19067289026453782,0.09151590284597422,0.09084337402691589,0.2606060606060606,10
2023-10-31,2023-11-01,2023-11-30,Utilities,exploratory_21d_coverage_adjusted_zscore,-0.34068793238870665,0.7238095238095238,21-day observed ticker opportunities / total ticker opportunities,0.06703234788219614,0.09151590284597422,-0.02243078172286872,0.2606060606060606,10
2023-10-31,2023-11-01,2023-11-30,Comm,locked_prior_day_expanding_zscore,-0.22471184557297694,1.0,source-day ticker coverage share,0.08726956391110563,0.09151590284597422,-0.0038903133924085287,0.29696969696969694,10
2023-10-31,2023-11-01,2023-11-30,Consumer,locked_prior_day_expanding_zscore,0.07327029102949557,1.0,source-day ticker coverage share,0.05818333726527136,0.09151590284597422,-0.030537865269569475,0.29696969696969694,10
2023-10-31,2023-11-01,2023-11-30,Energy,locked_prior_day_expanding_zscore,-0.3518930338279227,0.8,source-day ticker coverage share,-0.030844710220120475,0.09151590284597422,-0.112101539470984,0.29696969696969694,10
2023-10-31,2023-11-01,2023-11-30,Financials,locked_prior_day_expanding_zscore,0.0404738668080411,0.8,source-day ticker coverage share,0.13547205876874546,0.09151590284597422,0.040270742559189276,0.29696969696969694,10
2023-10-31,2023-11-01,2023-11-30,Healthcare,locked_prior_day_expanding_zscore,-0.5525900961330003,1.0,source-day ticker coverage share,0.029167917535223298,0.09151590284597422,-0.05712054689096813,0.29696969696969694,10
2023-10-31,2023-11-01,2023-11-30,Industrials,locked_prior_day_expanding_zscore,0.5906530141844685,0.8,source-day ticker coverage share,0.13250541492860934,0.09151590284597422,0.03755283086188732,0.29696969696969694,10
2023-10-31,2023-11-01,2023-11-30,Materials,locked_prior_day_expanding_zscore,0.5138415317006556,1.0,source-day ticker coverage share,0.09573613182330343,0.09151590284597422,0.003866392570484267,0.29696969696969694,10
2023-10-31,2023-11-01,2023-11-30,RealEstate,locked_prior_day_expanding_zscore,0.6195847139263364,1.0,source-day ticker coverage share,0.15978074666198894,0.09151590284597422,0.06254131858090539,0.29696969696969694,10
2023-10-31,2023-11-01,2023-11-30,Tech,locked_prior_day_expanding_zscore,-0.7325565032870908,1.0,source-day ticker coverage share,0.19067289026453782,0.09151590284597422,0.09084337402691589,0.29696969696969694,10
2023-10-31,2023-11-01,2023-11-30,Utilities,locked_prior_day_expanding_zscore,-0.09844659271911882,0.2,source-day ticker coverage share,0.06703234788219614,0.09151590284597422,-0.02243078172286872,0.29696969696969694,10
2023-11-30,2023-12-01,2023-12-29,Comm,exploratory_21d_coverage_adjusted_zscore,-0.3677130846062271,0.8095238095238095,21-day observed ticker opportunities / total ticker opportunities,0.027440183768163928,0.0588656329561863,-0.029678410753862572,-0.0303030303030303,10
2023-11-30,2023-12-01,2023-12-29,Consumer,exploratory_21d_coverage_adjusted_zscore,-0.4840177494677729,0.9904761904761905,21-day observed ticker opportunities / total ticker opportunities,-0.006930709656794876,0.0588656329561863,-0.06213851934101222,-0.0303030303030303,10
2023-11-30,2023-12-01,2023-12-29,Energy,exploratory_21d_coverage_adjusted_zscore,0.1634248815929425,0.9047619047619048,21-day observed ticker opportunities / total ticker opportunities,0.006871803524768572,0.0588656329561863,-0.04910333078452944,-0.0303030303030303,10
2023-11-30,2023-12-01,2023-12-29,Financials,exploratory_21d_coverage_adjusted_zscore,-0.7311166414383177,0.8571428571428571,21-day observed ticker opportunities / total ticker opportunities,0.11377320856019701,0.0588656329561863,0.0518550927474315,-0.0303030303030303,10
2023-11-30,2023-12-01,2023-12-29,Healthcare,exploratory_21d_coverage_adjusted_zscore,-0.32015633553916256,0.9047619047619048,21-day observed ticker opportunities / total ticker opportunities,0.07047236963979353,0.0588656329561863,0.010961482101560893,-0.0303030303030303,10
2023-11-30,2023-12-01,2023-12-29,Industrials,exploratory_21d_coverage_adjusted_zscore,-0.009507014177523507,0.9047619047619048,21-day observed ticker opportunities / total ticker opportunities,0.0984530591199062,0.0588656329561863,0.03738663805075815,-0.0303030303030303,10
2023-11-30,2023-12-01,2023-12-29,Materials,exploratory_21d_coverage_adjusted_zscore,0.7132785743492697,0.6857142857142857,21-day observed ticker opportunities / total ticker opportunities,0.062221649714169214,0.0588656329561863,0.0031694453512609577,-0.0303030303030303,10
2023-11-30,2023-12-01,2023-12-29,RealEstate,exploratory_21d_coverage_adjusted_zscore,-0.5150132042149022,0.6476190476190476,21-day observed ticker opportunities / total ticker opportunities,0.09132838060785331,0.0588656329561863,0.0306580425705536,-0.0303030303030303,10
2023-11-30,2023-12-01,2023-12-29,Tech,exploratory_21d_coverage_adjusted_zscore,1.8320728783305757,1.0,21-day observed ticker opportunities / total ticker opportunities,0.09871421923141366,0.0588656329561863,0.037633279459619695,-0.0303030303030303,10
2023-11-30,2023-12-01,2023-12-29,Utilities,exploratory_21d_coverage_adjusted_zscore,-0.501516153201902,0.6952380952380952,21-day observed ticker opportunities / total ticker opportunities,0.027105561081642637,0.0588656329561863,-0.029994430724769594,-0.0303030303030303,10
2023-11-30,2023-12-01,2023-12-29,Comm,locked_prior_day_expanding_zscore,-0.5131923076361031,1.0,source-day ticker coverage share,0.027440183768163928,0.0588656329561863,-0.029678410753862572,0.6606060606060605,10
2023-11-30,2023-12-01,2023-12-29,Consumer,locked_prior_day_expanding_zscore,-0.2631566730927052,1.0,source-day ticker coverage share,-0.006930709656794876,0.0588656329561863,-0.06213851934101222,0.6606060606060605,10
2023-11-30,2023-12-01,2023-12-29,Energy,locked_prior_day_expanding_zscore,-0.48012248940930036,1.0,source-day ticker coverage share,0.006871803524768572,0.0588656329561863,-0.04910333078452944,0.6606060606060605,10
2023-11-30,2023-12-01,2023-12-29,Financials,locked_prior_day_expanding_zscore,-0.0034379031808562423,0.8,source-day ticker coverage share,0.11377320856019701,0.0588656329561863,0.0518550927474315,0.6606060606060605,10
2023-11-30,2023-12-01,2023-12-29,Healthcare,locked_prior_day_expanding_zscore,-0.08905164139784853,1.0,source-day ticker coverage share,0.07047236963979353,0.0588656329561863,0.010961482101560893,0.6606060606060605,10
2023-11-30,2023-12-01,2023-12-29,Industrials,locked_prior_day_expanding_zscore,0.11123906421791663,1.0,source-day ticker coverage share,0.0984530591199062,0.0588656329561863,0.03738663805075815,0.6606060606060605,10
2023-11-30,2023-12-01,2023-12-29,Materials,locked_prior_day_expanding_zscore,0.2537230483997363,0.6,source-day ticker coverage share,0.062221649714169214,0.0588656329561863,0.0031694453512609577,0.6606060606060605,10
2023-11-30,2023-12-01,2023-12-29,RealEstate,locked_prior_day_expanding_zscore,-0.05214305764740983,0.8,source-day ticker coverage share,0.09132838060785331,0.0588656329561863,0.0306580425705536,0.6606060606060605,10
2023-11-30,2023-12-01,2023-12-29,Tech,locked_prior_day_expanding_zscore,0.782964767635818,1.0,source-day ticker coverage share,0.09871421923141366,0.0588656329561863,0.037633279459619695,0.6606060606060605,10
2023-11-30,2023-12-01,2023-12-29,Utilities,locked_prior_day_expanding_zscore,-0.03766377020462976,0.6,source-day ticker coverage share,0.027105561081642637,0.0588656329561863,-0.029994430724769594,0.6606060606060605,10
