fund,asset_family,method,date,decision_date,daily_return,growth_of_1
combined_active_sector_allocation,combined,active_sector_sentiment_risk_budget,2021-01-04,2020-12-31,-0.0074696915086052956,0.9925303084913947
combined_active_sector_allocation,combined,active_sector_sentiment_risk_budget,2021-01-05,2020-12-31,0.013691205176692317,1.0061192445890361
combined_active_sector_allocation,combined,active_sector_sentiment_risk_budget,2021-01-06,2020-12-31,0.028831873451741173,1.0351275473263886
combined_active_sector_allocation,combined,active_sector_sentiment_risk_budget,2021-01-07,2020-12-31,0.008288341572803127,1.0437070380100477
combined_active_sector_allocation,combined,active_sector_sentiment_risk_budget,2021-01-08,2020-12-31,0.002169682305938305,1.0459715507030014
combined_active_sector_allocation,combined,active_sector_sentiment_risk_budget,2021-01-11,2020-12-31,-0.012899868922377522,1.0324786548023968
combined_active_sector_allocation,combined,active_sector_sentiment_risk_budget,2021-01-12,2020-12-31,-0.0010207788166192566,1.031424722462963
combined_active_sector_allocation,combined,active_sector_sentiment_risk_budget,2021-01-13,2020-12-31,0.006181484819075333,1.0378004587268868
combined_active_sector_allocation,combined,active_sector_sentiment_risk_budget,2021-01-14,2020-12-31,0.0013519613016445275,1.0392035247859146
combined_active_sector_allocation,combined,active_sector_sentiment_risk_budget,2021-01-15,2020-12-31,-0.01129488628716704,1.0274658391442346
combined_active_sector_allocation,combined,active_sector_sentiment_risk_budget,2021-01-19,2020-12-31,0.006184768330004955,1.0338204773263358
combined_active_sector_allocation,combined,active_sector_sentiment_risk_budget,2021-01-20,2020-12-31,0.00844387067976559,1.042549923742973
combined_active_sector_allocation,combined,active_sector_sentiment_risk_budget,2021-01-21,2020-12-31,-0.019963247514150406,1.0217372415694332
combined_active_sector_allocation,combined,active_sector_sentiment_risk_budget,2021-01-22,2020-12-31,0.004049696061426793,1.0258749668524298
combined_active_sector_allocation,combined,active_sector_sentiment_risk_budget,2021-01-25,2020-12-31,-0.0005971300879622248,1.025262386043235
combined_active_sector_allocation,combined,active_sector_sentiment_risk_budget,2021-01-26,2020-12-31,-0.004703902474436049,1.02043965176858
combined_active_sector_allocation,combined,active_sector_sentiment_risk_budget,2021-01-27,2020-12-31,-0.03183208327606482,0.9879569317952841
combined_active_sector_allocation,combined,active_sector_sentiment_risk_budget,2021-01-28,2020-12-31,0.019384571904558907,1.007108053978277
combined_active_sector_allocation,combined,active_sector_sentiment_risk_budget,2021-01-29,2020-12-31,-0.01084748877586485,0.9961834606666646
combined_active_sector_allocation,combined,active_sector_sentiment_risk_budget,2021-02-01,2021-01-29,0.008079464568916846,1.004232089641262
combined_active_sector_allocation,combined,active_sector_sentiment_risk_budget,2021-02-02,2021-01-29,0.017653445870154057,1.0219602464768156
combined_active_sector_allocation,combined,active_sector_sentiment_risk_budget,2021-02-03,2021-01-29,0.001816122320004704,1.0238162512905995
combined_active_sector_allocation,combined,active_sector_sentiment_risk_budget,2021-02-04,2021-01-29,0.00486766894864797,1.028799849866128
combined_active_sector_allocation,combined,active_sector_sentiment_risk_budget,2021-02-05,2021-01-29,0.01455639283263241,1.0437754646269326
combined_active_sector_allocation,combined,active_sector_sentiment_risk_budget,2021-02-08,2021-01-29,0.015672998774118832,1.060134556204486
combined_active_sector_allocation,combined,active_sector_sentiment_risk_budget,2021-02-09,2021-01-29,0.0034225620332864314,1.0637629324867264
combined_active_sector_allocation,combined,active_sector_sentiment_risk_budget,2021-02-10,2021-01-29,0.004148734752106917,1.0681762027327373
combined_active_sector_allocation,combined,active_sector_sentiment_risk_budget,2021-02-11,2021-01-29,0.007810178178633299,1.076518849202256
combined_active_sector_allocation,combined,active_sector_sentiment_risk_budget,2021-02-12,2021-01-29,0.008909889449145182,1.086110513138569
combined_active_sector_allocation,combined,active_sector_sentiment_risk_budget,2021-02-16,2021-01-29,-0.0037798278953327935,1.0820052023235938
combined_active_sector_allocation,combined,active_sector_sentiment_risk_budget,2021-02-17,2021-01-29,0.007279323087998875,1.0898814677742028
combined_active_sector_allocation,combined,active_sector_sentiment_risk_budget,2021-02-18,2021-01-29,-0.003466576775594703,1.0861033099898656
combined_active_sector_allocation,combined,active_sector_sentiment_risk_budget,2021-02-19,2021-01-29,0.001935636737687952,1.0882056114576064
combined_active_sector_allocation,combined,active_sector_sentiment_risk_budget,2021-02-22,2021-01-29,-0.006628721174811915,1.0809921998783882
combined_active_sector_allocation,combined,active_sector_sentiment_risk_budget,2021-02-23,2021-01-29,-0.01678943667598355,1.062842949791298
combined_active_sector_allocation,combined,active_sector_sentiment_risk_budget,2021-02-24,2021-01-29,0.012150874269753429,1.0757574208427056
combined_active_sector_allocation,combined,active_sector_sentiment_risk_budget,2021-02-25,2021-01-29,-0.01923996852852106,1.055059881921369
combined_active_sector_allocation,combined,active_sector_sentiment_risk_budget,2021-02-26,2021-01-29,-0.01060907133431322,1.0438666763720932
combined_active_sector_allocation,combined,active_sector_sentiment_risk_budget,2021-03-01,2021-02-26,0.023532190488803277,1.0684311458453952
combined_active_sector_allocation,combined,active_sector_sentiment_risk_budget,2021-03-02,2021-02-26,-0.00285385995359553,1.065381992985093
combined_active_sector_allocation,combined,active_sector_sentiment_risk_budget,2021-03-03,2021-02-26,-0.0027260848345019685,1.0624776712910649
combined_active_sector_allocation,combined,active_sector_sentiment_risk_budget,2021-03-04,2021-02-26,-0.010223980763864934,1.0516149200177491
combined_active_sector_allocation,combined,active_sector_sentiment_risk_budget,2021-03-05,2021-02-26,0.013402428453379151,1.065709113743793
combined_active_sector_allocation,combined,active_sector_sentiment_risk_budget,2021-03-08,2021-02-26,0.005324844228716999,1.0713838487676028
combined_active_sector_allocation,combined,active_sector_sentiment_risk_budget,2021-03-09,2021-02-26,0.009073455655749418,1.0811050026096818
combined_active_sector_allocation,combined,active_sector_sentiment_risk_budget,2021-03-10,2021-02-26,0.006080608562073356,1.0876787789450504
combined_active_sector_allocation,combined,active_sector_sentiment_risk_budget,2021-03-11,2021-02-26,0.003505528578939195,1.0914916679893478
combined_active_sector_allocation,combined,active_sector_sentiment_risk_budget,2021-03-12,2021-02-26,0.0041036621656815875,1.0959707810514323
combined_active_sector_allocation,combined,active_sector_sentiment_risk_budget,2021-03-15,2021-02-26,0.002844068028631428,1.0990877965101349
combined_active_sector_allocation,combined,active_sector_sentiment_risk_budget,2021-03-16,2021-02-26,0.006005658766058661,1.1056885427699141
combined_active_sector_allocation,combined,active_sector_sentiment_risk_budget,2021-03-17,2021-02-26,0.0039077202876021365,1.1100092643202653
combined_active_sector_allocation,combined,active_sector_sentiment_risk_budget,2021-03-18,2021-02-26,-0.009623460699459158,1.0993271337890436
combined_active_sector_allocation,combined,active_sector_sentiment_risk_budget,2021-03-19,2021-02-26,-0.0031650825642444815,1.0958476726454869
combined_active_sector_allocation,combined,active_sector_sentiment_risk_budget,2021-03-22,2021-02-26,0.0021847725154186485,1.0982418505217684
combined_active_sector_allocation,combined,active_sector_sentiment_risk_budget,2021-03-23,2021-02-26,-0.00727567868061201,1.0902513957037714
combined_active_sector_allocation,combined,active_sector_sentiment_risk_budget,2021-03-24,2021-02-26,-0.01109265463485188,1.0781576135060642
combined_active_sector_allocation,combined,active_sector_sentiment_risk_budget,2021-03-25,2021-02-26,0.006462032110894251,1.0851247026251456
combined_active_sector_allocation,combined,active_sector_sentiment_risk_budget,2021-03-26,2021-02-26,0.025164361254951386,1.1124311726486766
combined_active_sector_allocation,combined,active_sector_sentiment_risk_budget,2021-03-29,2021-02-26,0.0051252998309367125,1.1181327159497818
combined_active_sector_allocation,combined,active_sector_sentiment_risk_budget,2021-03-30,2021-02-26,-0.00141236078719807,1.116553509146891
combined_active_sector_allocation,combined,active_sector_sentiment_risk_budget,2021-03-31,2021-02-26,0.005073151574216859,1.122217954339517
combined_active_sector_allocation,combined,active_sector_sentiment_risk_budget,2021-04-01,2021-03-31,0.015420856970811758,1.1395235169034637
combined_active_sector_allocation,combined,active_sector_sentiment_risk_budget,2021-04-05,2021-03-31,0.014909458072136674,1.1565131950009497
combined_active_sector_allocation,combined,active_sector_sentiment_risk_budget,2021-04-06,2021-03-31,0.002997038573306046,1.1599793096569049
combined_active_sector_allocation,combined,active_sector_sentiment_risk_budget,2021-04-07,2021-03-31,-0.007581937235002642,1.1511844193371845
combined_active_sector_allocation,combined,active_sector_sentiment_risk_budget,2021-04-08,2021-03-31,0.005280716309119281,1.1572634976751823
combined_active_sector_allocation,combined,active_sector_sentiment_risk_budget,2021-04-09,2021-03-31,-0.0007276608798855266,1.1564214023002046
combined_active_sector_allocation,combined,active_sector_sentiment_risk_budget,2021-04-12,2021-03-31,-0.0016273486874659347,1.1545395014490138
combined_active_sector_allocation,combined,active_sector_sentiment_risk_budget,2021-04-13,2021-03-31,0.01361278644072696,1.1702560011196226
combined_active_sector_allocation,combined,active_sector_sentiment_risk_budget,2021-04-14,2021-03-31,0.005216413798144273,1.176360540671224
combined_active_sector_allocation,combined,active_sector_sentiment_risk_budget,2021-04-15,2021-03-31,0.015351562812285533,1.1944195134012325
combined_active_sector_allocation,combined,active_sector_sentiment_risk_budget,2021-04-16,2021-03-31,0.006187982852825942,1.20181056086924
combined_active_sector_allocation,combined,active_sector_sentiment_risk_budget,2021-04-19,2021-03-31,-0.010663064404415475,1.1889955774567846
combined_active_sector_allocation,combined,active_sector_sentiment_risk_budget,2021-04-20,2021-03-31,-0.005711637902309869,1.1822044652509036
combined_active_sector_allocation,combined,active_sector_sentiment_risk_budget,2021-04-21,2021-03-31,0.006257821242332115,1.1896024894663306
combined_active_sector_allocation,combined,active_sector_sentiment_risk_budget,2021-04-22,2021-03-31,-0.014394130191250364,1.1724791963571168
combined_active_sector_allocation,combined,active_sector_sentiment_risk_budget,2021-04-23,2021-03-31,0.005967097025355851,1.1794754934819909
combined_active_sector_allocation,combined,active_sector_sentiment_risk_budget,2021-04-26,2021-03-31,0.01710846443511455,1.1996545080143166
combined_active_sector_allocation,combined,active_sector_sentiment_risk_budget,2021-04-27,2021-03-31,0.004562488606425483,1.2051279180387788
combined_active_sector_allocation,combined,active_sector_sentiment_risk_budget,2021-04-28,2021-03-31,0.0013705383767798306,1.2067795920993798
combined_active_sector_allocation,combined,active_sector_sentiment_risk_budget,2021-04-29,2021-03-31,0.0069488075161165275,1.215165271199256
combined_active_sector_allocation,combined,active_sector_sentiment_risk_budget,2021-04-30,2021-03-31,-0.0005652023139489785,1.2144784569761438
combined_active_sector_allocation,combined,active_sector_sentiment_risk_budget,2021-05-03,2021-04-30,0.012461205317124243,1.2296123223817477
combined_active_sector_allocation,combined,active_sector_sentiment_risk_budget,2021-05-04,2021-04-30,-0.005263329233052531,1.2231404679000342
combined_active_sector_allocation,combined,active_sector_sentiment_risk_budget,2021-05-05,2021-04-30,0.031102677433044255,1.2611834113284317
combined_active_sector_allocation,combined,active_sector_sentiment_risk_budget,2021-05-06,2021-04-30,0.0173636919470167,1.2830822115714262
combined_active_sector_allocation,combined,active_sector_sentiment_risk_budget,2021-05-07,2021-04-30,0.005006610162005799,1.2895061040105686
combined_active_sector_allocation,combined,active_sector_sentiment_risk_budget,2021-05-10,2021-04-30,-0.00982898458380451,1.276831568393527
combined_active_sector_allocation,combined,active_sector_sentiment_risk_budget,2021-05-11,2021-04-30,0.003786335766324363,1.2816660814285075
combined_active_sector_allocation,combined,active_sector_sentiment_risk_budget,2021-05-12,2021-04-30,-0.02984771579046322,1.2434112764917526
combined_active_sector_allocation,combined,active_sector_sentiment_risk_budget,2021-05-13,2021-04-30,0.011510952756489796,1.2577241249523359
combined_active_sector_allocation,combined,active_sector_sentiment_risk_budget,2021-05-14,2021-04-30,0.018286723341465028,1.2807237780652254
combined_active_sector_allocation,combined,active_sector_sentiment_risk_budget,2021-05-17,2021-04-30,-0.004996501453700445,1.2743246398463337
combined_active_sector_allocation,combined,active_sector_sentiment_risk_budget,2021-05-18,2021-04-30,-0.007892829460931977,1.264266612786163
combined_active_sector_allocation,combined,active_sector_sentiment_risk_budget,2021-05-19,2021-04-30,-0.035187178841515634,1.219780637378699
combined_active_sector_allocation,combined,active_sector_sentiment_risk_budget,2021-05-20,2021-04-30,0.023398079845910424,1.2483211621265813
combined_active_sector_allocation,combined,active_sector_sentiment_risk_budget,2021-05-21,2021-04-30,-0.012676450815947742,1.232496880312377
combined_active_sector_allocation,combined,active_sector_sentiment_risk_budget,2021-05-24,2021-04-30,0.030287346750042816,1.269825940694744
combined_active_sector_allocation,combined,active_sector_sentiment_risk_budget,2021-05-25,2021-04-30,-0.005342486315005479,1.2630419129841435
combined_active_sector_allocation,combined,active_sector_sentiment_risk_budget,2021-05-26,2021-04-30,0.011500609792830829,1.2775676651773646
combined_active_sector_allocation,combined,active_sector_sentiment_risk_budget,2021-05-27,2021-04-30,-0.00206592184762322,1.2749283102260578
combined_active_sector_allocation,combined,active_sector_sentiment_risk_budget,2021-05-28,2021-04-30,-0.006564637032701676,1.266558868626708
combined_active_sector_allocation,combined,active_sector_sentiment_risk_budget,2021-06-01,2021-05-28,-0.0018075246059716084,1.2642695323067537
combined_active_sector_allocation,combined,active_sector_sentiment_risk_budget,2021-06-02,2021-05-28,0.0037770542839025765,1.2690447469597606
combined_active_sector_allocation,combined,active_sector_sentiment_risk_budget,2021-06-03,2021-05-28,0.004973659589032422,1.275356543534388
combined_active_sector_allocation,combined,active_sector_sentiment_risk_budget,2021-06-04,2021-05-28,-0.002078222604778772,1.2727060687364624
combined_active_sector_allocation,combined,active_sector_sentiment_risk_budget,2021-06-07,2021-05-28,-0.009543786502487812,1.260559633736021
combined_active_sector_allocation,combined,active_sector_sentiment_risk_budget,2021-06-08,2021-05-28,-0.004491749427011665,1.2548975157234732
combined_active_sector_allocation,combined,active_sector_sentiment_risk_budget,2021-06-09,2021-05-28,0.0055336323976961956,1.261841657272269
combined_active_sector_allocation,combined,active_sector_sentiment_risk_budget,2021-06-10,2021-05-28,-0.00029064458428885477,1.2614749098283529
combined_active_sector_allocation,combined,active_sector_sentiment_risk_budget,2021-06-11,2021-05-28,-0.0032066042582158515,1.2574298590108648
combined_active_sector_allocation,combined,active_sector_sentiment_risk_budget,2021-06-14,2021-05-28,0.0008634020807981061,1.2585155265675925
combined_active_sector_allocation,combined,active_sector_sentiment_risk_budget,2021-06-15,2021-05-28,-0.0011765543800789557,1.257034814612412
combined_active_sector_allocation,combined,active_sector_sentiment_risk_budget,2021-06-16,2021-05-28,-0.01545612838145239,1.2376059231378074
combined_active_sector_allocation,combined,active_sector_sentiment_risk_budget,2021-06-17,2021-05-28,-0.00216335263955444,1.234928545097259
combined_active_sector_allocation,combined,active_sector_sentiment_risk_budget,2021-06-18,2021-05-28,-0.0197818843293276,1.21049933146316
combined_active_sector_allocation,combined,active_sector_sentiment_risk_budget,2021-06-21,2021-05-28,-0.006051148001242239,1.2031744208530717
combined_active_sector_allocation,combined,active_sector_sentiment_risk_budget,2021-06-22,2021-05-28,-0.0029084623486003835,1.1996750333512214
combined_active_sector_allocation,combined,active_sector_sentiment_risk_budget,2021-06-23,2021-05-28,0.0041237188766600165,1.2046221559321095
combined_active_sector_allocation,combined,active_sector_sentiment_risk_budget,2021-06-24,2021-05-28,0.011390710942268558,1.2183436587049847
combined_active_sector_allocation,combined,active_sector_sentiment_risk_budget,2021-06-25,2021-05-28,0.002760154781148886,1.2217064757796416
combined_active_sector_allocation,combined,active_sector_sentiment_risk_budget,2021-06-28,2021-05-28,0.0018460838350018852,1.2239618483556955
combined_active_sector_allocation,combined,active_sector_sentiment_risk_budget,2021-06-29,2021-05-28,0.005314820783454759,1.2304669862254922
combined_active_sector_allocation,combined,active_sector_sentiment_risk_budget,2021-06-30,2021-05-28,0.004034715185178091,1.2354315700596765
combined_active_sector_allocation,combined,active_sector_sentiment_risk_budget,2021-07-01,2021-06-30,0.0012595082695271219,1.2369876063386014
combined_active_sector_allocation,combined,active_sector_sentiment_risk_budget,2021-07-02,2021-06-30,0.0045613352776319605,1.242629921545387
combined_active_sector_allocation,combined,active_sector_sentiment_risk_budget,2021-07-06,2021-06-30,-0.00652387946023031,1.2345231537235495
combined_active_sector_allocation,combined,active_sector_sentiment_risk_budget,2021-07-07,2021-06-30,-0.0031178854999224584,1.2306740518832364
combined_active_sector_allocation,combined,active_sector_sentiment_risk_budget,2021-07-08,2021-06-30,-0.010647419730132416,1.2175705487018529
combined_active_sector_allocation,combined,active_sector_sentiment_risk_budget,2021-07-09,2021-06-30,0.013417972910685074,1.2339078773411825
combined_active_sector_allocation,combined,active_sector_sentiment_risk_budget,2021-07-12,2021-06-30,0.001510964651185456,1.2357722685266643
combined_active_sector_allocation,combined,active_sector_sentiment_risk_budget,2021-07-13,2021-06-30,-0.007127123820162935,1.2269647665553511
combined_active_sector_allocation,combined,active_sector_sentiment_risk_budget,2021-07-14,2021-06-30,-0.0026804002419347846,1.2236760098982307
combined_active_sector_allocation,combined,active_sector_sentiment_risk_budget,2021-07-15,2021-06-30,-0.006676188124468722,1.215506518652751
combined_active_sector_allocation,combined,active_sector_sentiment_risk_budget,2021-07-16,2021-06-30,-0.011728977897493335,1.2012498695612137
combined_active_sector_allocation,combined,active_sector_sentiment_risk_budget,2021-07-19,2021-06-30,-0.019249897478868412,1.1781259327256564
combined_active_sector_allocation,combined,active_sector_sentiment_risk_budget,2021-07-20,2021-06-30,0.005172128142227742,1.1842193510173948
combined_active_sector_allocation,combined,active_sector_sentiment_risk_budget,2021-07-21,2021-06-30,0.019727697196111116,1.2075812717880412
combined_active_sector_allocation,combined,active_sector_sentiment_risk_budget,2021-07-22,2021-06-30,0.002982650894108308,1.2111830651480482
combined_active_sector_allocation,combined,active_sector_sentiment_risk_budget,2021-07-23,2021-06-30,0.007002937308677374,1.2196649042226115
combined_active_sector_allocation,combined,active_sector_sentiment_risk_budget,2021-07-26,2021-06-30,0.007588533555190254,1.2289203722743927
combined_active_sector_allocation,combined,active_sector_sentiment_risk_budget,2021-07-27,2021-06-30,-0.0001945091592293318,1.2286813360060218
combined_active_sector_allocation,combined,active_sector_sentiment_risk_budget,2021-07-28,2021-06-30,0.006358789609792777,1.2364942621191632
combined_active_sector_allocation,combined,active_sector_sentiment_risk_budget,2021-07-29,2021-06-30,0.008530040333039151,1.2470416080466111
combined_active_sector_allocation,combined,active_sector_sentiment_risk_budget,2021-07-30,2021-06-30,-0.001996643173566194,1.244551710932752
combined_active_sector_allocation,combined,active_sector_sentiment_risk_budget,2021-08-02,2021-07-30,-0.0011152170176704787,1.243163765685349
combined_active_sector_allocation,combined,active_sector_sentiment_risk_budget,2021-08-03,2021-07-30,0.0026060072592399,1.246403459483149
combined_active_sector_allocation,combined,active_sector_sentiment_risk_budget,2021-08-04,2021-07-30,-0.003043856267464292,1.2426095865012121
combined_active_sector_allocation,combined,active_sector_sentiment_risk_budget,2021-08-05,2021-07-30,0.00800253206108565,1.2525536095566006
combined_active_sector_allocation,combined,active_sector_sentiment_risk_budget,2021-08-06,2021-07-30,0.006059338826305237,1.2601432562750157
combined_active_sector_allocation,combined,active_sector_sentiment_risk_budget,2021-08-09,2021-07-30,0.0041608807681355634,1.2653865621151459
combined_active_sector_allocation,combined,active_sector_sentiment_risk_budget,2021-08-10,2021-07-30,0.006926756941137565,1.274151587267499
combined_active_sector_allocation,combined,active_sector_sentiment_risk_budget,2021-08-11,2021-07-30,0.01310730646797053,1.2908522826084654
combined_active_sector_allocation,combined,active_sector_sentiment_risk_budget,2021-08-12,2021-07-30,-0.00039418943504093896,1.2903434422764626
combined_active_sector_allocation,combined,active_sector_sentiment_risk_budget,2021-08-13,2021-07-30,0.011734072613195728,1.3054844259240956
combined_active_sector_allocation,combined,active_sector_sentiment_risk_budget,2021-08-16,2021-07-30,-0.004007183724467016,1.3002531099799874
combined_active_sector_allocation,combined,active_sector_sentiment_risk_budget,2021-08-17,2021-07-30,-0.010644771549983455,1.286412212667095
combined_active_sector_allocation,combined,active_sector_sentiment_risk_budget,2021-08-18,2021-07-30,-0.009334532324921905,1.2744041562847797
combined_active_sector_allocation,combined,active_sector_sentiment_risk_budget,2021-08-19,2021-07-30,0.002729167511253047,1.277882218704318
combined_active_sector_allocation,combined,active_sector_sentiment_risk_budget,2021-08-20,2021-07-30,0.008745030211825853,1.2890573373140424
combined_active_sector_allocation,combined,active_sector_sentiment_risk_budget,2021-08-23,2021-07-30,0.008099376601137291,1.299497898149408
combined_active_sector_allocation,combined,active_sector_sentiment_risk_budget,2021-08-24,2021-07-30,-0.005856914947194653,1.2918868494858888
combined_active_sector_allocation,combined,active_sector_sentiment_risk_budget,2021-08-25,2021-07-30,0.0026090281518771534,1.2952574186452375
combined_active_sector_allocation,combined,active_sector_sentiment_risk_budget,2021-08-26,2021-07-30,-0.012210562490555485,1.2794415969935142
combined_active_sector_allocation,combined,active_sector_sentiment_risk_budget,2021-08-27,2021-07-30,0.01538499444510473,1.2991257988560954
combined_active_sector_allocation,combined,active_sector_sentiment_risk_budget,2021-08-30,2021-07-30,-0.00409116513123352,1.2938108606867293
combined_active_sector_allocation,combined,active_sector_sentiment_risk_budget,2021-08-31,2021-07-30,0.003101734795892697,1.297823918852625
combined_active_sector_allocation,combined,active_sector_sentiment_risk_budget,2021-09-01,2021-08-31,0.006390843156821476,1.3061181079631834
combined_active_sector_allocation,combined,active_sector_sentiment_risk_budget,2021-09-02,2021-08-31,0.0053512666605488686,1.313107494249066
combined_active_sector_allocation,combined,active_sector_sentiment_risk_budget,2021-09-03,2021-08-31,0.0022138215634944186,1.3160144799350206
combined_active_sector_allocation,combined,active_sector_sentiment_risk_budget,2021-09-07,2021-08-31,-0.026213607386429284,1.281516993043148
combined_active_sector_allocation,combined,active_sector_sentiment_risk_budget,2021-09-08,2021-08-31,0.0012948689909050956,1.2831763896587576
combined_active_sector_allocation,combined,active_sector_sentiment_risk_budget,2021-09-09,2021-08-31,-0.005599454955667964,1.2759913012646869
combined_active_sector_allocation,combined,active_sector_sentiment_risk_budget,2021-09-10,2021-08-31,-0.008489877283917483,1.2651582917016035
combined_active_sector_allocation,combined,active_sector_sentiment_risk_budget,2021-09-13,2021-08-31,-0.0029463520486429813,1.261430689976991
combined_active_sector_allocation,combined,active_sector_sentiment_risk_budget,2021-09-14,2021-08-31,-0.0030843055187362483,1.2575400523383915
combined_active_sector_allocation,combined,active_sector_sentiment_risk_budget,2021-09-15,2021-08-31,0.007562568256992018,1.267050284820102
combined_active_sector_allocation,combined,active_sector_sentiment_risk_budget,2021-09-16,2021-08-31,-0.006173547680867201,1.2592280894727086
combined_active_sector_allocation,combined,active_sector_sentiment_risk_budget,2021-09-17,2021-08-31,-0.014353271455956482,1.2411540468795415
combined_active_sector_allocation,combined,active_sector_sentiment_risk_budget,2021-09-20,2021-08-31,-0.02416184698784309,1.2111654727104957
combined_active_sector_allocation,combined,active_sector_sentiment_risk_budget,2021-09-21,2021-08-31,-0.007275434800333604,1.2023537172813752
combined_active_sector_allocation,combined,active_sector_sentiment_risk_budget,2021-09-22,2021-08-31,0.016067831687379946,1.221672934439348
combined_active_sector_allocation,combined,active_sector_sentiment_risk_budget,2021-09-23,2021-08-31,0.008435036867763404,1.2319777906816927
combined_active_sector_allocation,combined,active_sector_sentiment_risk_budget,2021-09-24,2021-08-31,-0.009444535171357543,1.220342333107268
combined_active_sector_allocation,combined,active_sector_sentiment_risk_budget,2021-09-27,2021-08-31,-0.004853632022401701,1.2144192404810061
combined_active_sector_allocation,combined,active_sector_sentiment_risk_budget,2021-09-28,2021-08-31,-0.01557846761547264,1.195500449671566
combined_active_sector_allocation,combined,active_sector_sentiment_risk_budget,2021-09-29,2021-08-31,0.007109244458820878,1.2039995546189113
combined_active_sector_allocation,combined,active_sector_sentiment_risk_budget,2021-09-30,2021-08-31,-0.003189140424244023,1.2001598309685044
combined_active_sector_allocation,combined,active_sector_sentiment_risk_budget,2021-10-01,2021-09-30,0.019197651196440596,1.223200080783417
combined_active_sector_allocation,combined,active_sector_sentiment_risk_budget,2021-10-04,2021-09-30,-0.004525426773110877,1.2176645783889684
combined_active_sector_allocation,combined,active_sector_sentiment_risk_budget,2021-10-05,2021-09-30,0.007387853536595903,1.226660505950807
combined_active_sector_allocation,combined,active_sector_sentiment_risk_budget,2021-10-06,2021-09-30,0.0043715312167264715,1.2320228906448965
combined_active_sector_allocation,combined,active_sector_sentiment_risk_budget,2021-10-07,2021-09-30,0.0066885062333653525,1.2402632834286236
combined_active_sector_allocation,combined,active_sector_sentiment_risk_budget,2021-10-08,2021-09-30,-0.0033501829222248045,1.2361081745574185
combined_active_sector_allocation,combined,active_sector_sentiment_risk_budget,2021-10-11,2021-09-30,-0.006480332550594127,1.2280977825177786
combined_active_sector_allocation,combined,active_sector_sentiment_risk_budget,2021-10-12,2021-09-30,-0.003347167343818759,1.2239871337251187
combined_active_sector_allocation,combined,active_sector_sentiment_risk_budget,2021-10-13,2021-09-30,0.005807607518722656,1.2310955706057605
combined_active_sector_allocation,combined,active_sector_sentiment_risk_budget,2021-10-14,2021-09-30,0.01099292189861064,1.2446289080631552
combined_active_sector_allocation,combined,active_sector_sentiment_risk_budget,2021-10-15,2021-09-30,0.004805937684171018,1.2506105170352244
combined_active_sector_allocation,combined,active_sector_sentiment_risk_budget,2021-10-18,2021-09-30,-0.003494639748826966,1.2462400838120922
combined_active_sector_allocation,combined,active_sector_sentiment_risk_budget,2021-10-19,2021-09-30,0.010323338149980196,1.259105441613344
combined_active_sector_allocation,combined,active_sector_sentiment_risk_budget,2021-10-20,2021-09-30,0.01400746605007875,1.2767423183402125
combined_active_sector_allocation,combined,active_sector_sentiment_risk_budget,2021-10-21,2021-09-30,-0.001089878267708476,1.2753508246339897
combined_active_sector_allocation,combined,active_sector_sentiment_risk_budget,2021-10-22,2021-09-30,0.000621665824629672,1.276143666656078
combined_active_sector_allocation,combined,active_sector_sentiment_risk_budget,2021-10-25,2021-09-30,0.005753967151631812,1.2834865553947798
combined_active_sector_allocation,combined,active_sector_sentiment_risk_budget,2021-10-26,2021-09-30,0.00244918256606388,1.2866300482900301
combined_active_sector_allocation,combined,active_sector_sentiment_risk_budget,2021-10-27,2021-09-30,-0.020259859841671442,1.2605631038435912
combined_active_sector_allocation,combined,active_sector_sentiment_risk_budget,2021-10-28,2021-09-30,0.013563170634373404,1.2776603363164172
combined_active_sector_allocation,combined,active_sector_sentiment_risk_budget,2021-10-29,2021-09-30,0.000560336127141169,1.2783762555610705
combined_active_sector_allocation,combined,active_sector_sentiment_risk_budget,2021-11-01,2021-10-29,0.0061379913031236084,1.2862229178998241
combined_active_sector_allocation,combined,active_sector_sentiment_risk_budget,2021-11-02,2021-10-29,0.007975565450062855,1.296481272964905
combined_active_sector_allocation,combined,active_sector_sentiment_risk_budget,2021-11-03,2021-10-29,0.007218998445338389,1.3058405692588488
combined_active_sector_allocation,combined,active_sector_sentiment_risk_budget,2021-11-04,2021-10-29,0.004326845609910888,1.3114907397931899
combined_active_sector_allocation,combined,active_sector_sentiment_risk_budget,2021-11-05,2021-10-29,0.0022714590191857406,1.3144697372626717
combined_active_sector_allocation,combined,active_sector_sentiment_risk_budget,2021-11-08,2021-10-29,0.01072335479931005,1.328565262628295
combined_active_sector_allocation,combined,active_sector_sentiment_risk_budget,2021-11-09,2021-10-29,0.004013841162054988,1.333897912565909
combined_active_sector_allocation,combined,active_sector_sentiment_risk_budget,2021-11-10,2021-10-29,-0.01164735710654768,1.3183615272345754
combined_active_sector_allocation,combined,active_sector_sentiment_risk_budget,2021-11-11,2021-10-29,0.0029248019902881417,1.3222174736533503
combined_active_sector_allocation,combined,active_sector_sentiment_risk_budget,2021-11-12,2021-10-29,0.00044457747370198566,1.322805301757472
combined_active_sector_allocation,combined,active_sector_sentiment_risk_budget,2021-11-15,2021-10-29,-0.002474155517486261,1.3195324757215685
combined_active_sector_allocation,combined,active_sector_sentiment_risk_budget,2021-11-16,2021-10-29,-0.0064482893296657585,1.3110237485382257
combined_active_sector_allocation,combined,active_sector_sentiment_risk_budget,2021-11-17,2021-10-29,-0.006197946116301515,1.302898093987594
combined_active_sector_allocation,combined,active_sector_sentiment_risk_budget,2021-11-18,2021-10-29,-0.006296262452503823,1.2946947056389813
combined_active_sector_allocation,combined,active_sector_sentiment_risk_budget,2021-11-19,2021-10-29,0.0003836223058562453,1.2951913794073382
combined_active_sector_allocation,combined,active_sector_sentiment_risk_budget,2021-11-22,2021-10-29,-0.0033245361680140657,1.2908854688219984
combined_active_sector_allocation,combined,active_sector_sentiment_risk_budget,2021-11-23,2021-10-29,0.007740265884784246,1.300877265577485
combined_active_sector_allocation,combined,active_sector_sentiment_risk_budget,2021-11-24,2021-10-29,-0.00017736462787690016,1.3006465359653623
combined_active_sector_allocation,combined,active_sector_sentiment_risk_budget,2021-11-26,2021-10-29,-0.025957419357129294,1.2668851083959118
combined_active_sector_allocation,combined,active_sector_sentiment_risk_budget,2021-11-29,2021-10-29,0.01010398111310113,1.2796856916036132
combined_active_sector_allocation,combined,active_sector_sentiment_risk_budget,2021-11-30,2021-10-29,-0.019797300224999145,1.2543513697733009
combined_active_sector_allocation,combined,active_sector_sentiment_risk_budget,2021-12-01,2021-11-30,-0.012188465457159684,1.239062751431678
combined_active_sector_allocation,combined,active_sector_sentiment_risk_budget,2021-12-02,2021-11-30,0.017754289563177282,1.2610614303075431
combined_active_sector_allocation,combined,active_sector_sentiment_risk_budget,2021-12-03,2021-11-30,-0.00674598851753747,1.2525543243787791
combined_active_sector_allocation,combined,active_sector_sentiment_risk_budget,2021-12-06,2021-11-30,0.014927374162422824,1.2712516714375417
combined_active_sector_allocation,combined,active_sector_sentiment_risk_budget,2021-12-07,2021-11-30,0.013325573279139427,1.2881918287415113
combined_active_sector_allocation,combined,active_sector_sentiment_risk_budget,2021-12-08,2021-11-30,0.0029397701122292094,1.2919788165784634
combined_active_sector_allocation,combined,active_sector_sentiment_risk_budget,2021-12-09,2021-11-30,-0.014114877757282856,1.2737426935174594
combined_active_sector_allocation,combined,active_sector_sentiment_risk_budget,2021-12-10,2021-11-30,0.0013086586637557807,1.2754095879287268
combined_active_sector_allocation,combined,active_sector_sentiment_risk_budget,2021-12-13,2021-11-30,-0.010624737280769814,1.2618586961316092
combined_active_sector_allocation,combined,active_sector_sentiment_risk_budget,2021-12-14,2021-11-30,-0.001514502673325095,1.2599476077629594
combined_active_sector_allocation,combined,active_sector_sentiment_risk_budget,2021-12-15,2021-11-30,0.01763035429456543,1.2821609304804107
combined_active_sector_allocation,combined,active_sector_sentiment_risk_budget,2021-12-16,2021-11-30,-0.00356861282358801,1.2775853945419948
combined_active_sector_allocation,combined,active_sector_sentiment_risk_budget,2021-12-17,2021-11-30,-0.013025519601037204,1.2609441809433892
combined_active_sector_allocation,combined,active_sector_sentiment_risk_budget,2021-12-20,2021-11-30,-0.00480513646085303,1.2548851720844376
combined_active_sector_allocation,combined,active_sector_sentiment_risk_budget,2021-12-21,2021-11-30,0.01453194193858405,1.2731210905447587
combined_active_sector_allocation,combined,active_sector_sentiment_risk_budget,2021-12-22,2021-11-30,0.0054702199683963,1.2800853429564432
combined_active_sector_allocation,combined,active_sector_sentiment_risk_budget,2021-12-23,2021-11-30,0.00943584745402301,1.292164032980711
combined_active_sector_allocation,combined,active_sector_sentiment_risk_budget,2021-12-27,2021-11-30,0.012035571264227527,1.307715965284722
combined_active_sector_allocation,combined,active_sector_sentiment_risk_budget,2021-12-28,2021-11-30,-0.004848748833707196,1.3013751790232273
combined_active_sector_allocation,combined,active_sector_sentiment_risk_budget,2021-12-29,2021-11-30,-0.0021540772065080857,1.298571916412978
combined_active_sector_allocation,combined,active_sector_sentiment_risk_budget,2021-12-30,2021-11-30,0.00038215895066530663,1.299068177293918
combined_active_sector_allocation,combined,active_sector_sentiment_risk_budget,2021-12-31,2021-11-30,-0.0025947395858130487,1.2956974336696236
combined_active_sector_allocation,combined,active_sector_sentiment_risk_budget,2022-01-03,2021-12-31,0.00315761536104851,1.2997887477894499
combined_active_sector_allocation,combined,active_sector_sentiment_risk_budget,2022-01-04,2021-12-31,0.005295889786154674,1.3066722857430266
combined_active_sector_allocation,combined,active_sector_sentiment_risk_budget,2022-01-05,2021-12-31,-0.013384021196099048,1.2891837561742867
combined_active_sector_allocation,combined,active_sector_sentiment_risk_budget,2022-01-06,2021-12-31,-0.0006863945325239198,1.28829886749263
combined_active_sector_allocation,combined,active_sector_sentiment_risk_budget,2022-01-07,2021-12-31,-0.0014344550029761968,1.2864508607368266
combined_active_sector_allocation,combined,active_sector_sentiment_risk_budget,2022-01-10,2021-12-31,-0.008933443486128873,1.2749584246747523
combined_active_sector_allocation,combined,active_sector_sentiment_risk_budget,2022-01-11,2021-12-31,0.008949612052608472,1.2863688079587963
combined_active_sector_allocation,combined,active_sector_sentiment_risk_budget,2022-01-12,2021-12-31,0.007013908390611935,1.29539128093436
combined_active_sector_allocation,combined,active_sector_sentiment_risk_budget,2022-01-13,2021-12-31,-0.0058848123374791814,1.2877681463424544
combined_active_sector_allocation,combined,active_sector_sentiment_risk_budget,2022-01-14,2021-12-31,0.0011812999143660757,1.289289386743452
combined_active_sector_allocation,combined,active_sector_sentiment_risk_budget,2022-01-18,2021-12-31,-0.013141216536782033,1.2723465557336815
combined_active_sector_allocation,combined,active_sector_sentiment_risk_budget,2022-01-19,2021-12-31,-0.008196305750363744,1.261918014342466
combined_active_sector_allocation,combined,active_sector_sentiment_risk_budget,2022-01-20,2021-12-31,-0.011328912323865962,1.2476218557980732
combined_active_sector_allocation,combined,active_sector_sentiment_risk_budget,2022-01-21,2021-12-31,-0.02166143182239017,1.2205965800285792
combined_active_sector_allocation,combined,active_sector_sentiment_risk_budget,2022-01-24,2021-12-31,-0.0026665568616245578,1.2173417898428285
combined_active_sector_allocation,combined,active_sector_sentiment_risk_budget,2022-01-25,2021-12-31,-0.0052858534754878445,1.2109070995121312
combined_active_sector_allocation,combined,active_sector_sentiment_risk_budget,2022-01-26,2021-12-31,-0.007241312773245586,1.2021385424652202
combined_active_sector_allocation,combined,active_sector_sentiment_risk_budget,2022-01-27,2021-12-31,-0.0013940816692042859,1.2004626631593256
combined_active_sector_allocation,combined,active_sector_sentiment_risk_budget,2022-01-28,2021-12-31,0.019192867347327836,1.2235029838087623
combined_active_sector_allocation,combined,active_sector_sentiment_risk_budget,2022-01-31,2021-12-31,0.01306373272824729,1.239486499781453
combined_active_sector_allocation,combined,active_sector_sentiment_risk_budget,2022-02-01,2022-01-31,0.011935536180300327,1.2542804357445885
combined_active_sector_allocation,combined,active_sector_sentiment_risk_budget,2022-02-02,2022-01-31,0.005666435533077131,1.2613877349741351
combined_active_sector_allocation,combined,active_sector_sentiment_risk_budget,2022-02-03,2022-01-31,-0.008594432322286169,1.250546823453738
combined_active_sector_allocation,combined,active_sector_sentiment_risk_budget,2022-02-04,2022-01-31,0.009249760585650016,1.2621140821718304
combined_active_sector_allocation,combined,active_sector_sentiment_risk_budget,2022-02-07,2022-01-31,0.009509235481392968,1.2741158221835847
combined_active_sector_allocation,combined,active_sector_sentiment_risk_budget,2022-02-08,2022-01-31,0.002192847034548302,1.276909763285931
combined_active_sector_allocation,combined,active_sector_sentiment_risk_budget,2022-02-09,2022-01-31,0.014406950370714367,1.295306138873472
combined_active_sector_allocation,combined,active_sector_sentiment_risk_budget,2022-02-10,2022-01-31,-0.01890103926500058,1.2708235066824283
combined_active_sector_allocation,combined,active_sector_sentiment_risk_budget,2022-02-11,2022-01-31,-0.01560318744536968,1.2509946092976802
combined_active_sector_allocation,combined,active_sector_sentiment_risk_budget,2022-02-14,2022-01-31,-0.0064735041333397955,1.2428962905236058
combined_active_sector_allocation,combined,active_sector_sentiment_risk_budget,2022-02-15,2022-01-31,0.015672445127708413,1.2623755144362694
combined_active_sector_allocation,combined,active_sector_sentiment_risk_budget,2022-02-16,2022-01-31,-0.001769602387976012,1.2601416117114006
combined_active_sector_allocation,combined,active_sector_sentiment_risk_budget,2022-02-17,2022-01-31,-0.0215659077057401,1.2329655140170699
combined_active_sector_allocation,combined,active_sector_sentiment_risk_budget,2022-02-18,2022-01-31,-0.009162150901894272,1.221668897920814
combined_active_sector_allocation,combined,active_sector_sentiment_risk_budget,2022-02-22,2022-01-31,-0.0023773110350821416,1.2187646109685701
combined_active_sector_allocation,combined,active_sector_sentiment_risk_budget,2022-02-23,2022-01-31,-0.011991720530959187,1.2041495263608117
combined_active_sector_allocation,combined,active_sector_sentiment_risk_budget,2022-02-24,2022-01-31,0.008738002519338655,1.2146713879558129
combined_active_sector_allocation,combined,active_sector_sentiment_risk_budget,2022-02-25,2022-01-31,0.026566220842435838,1.246940616299235
combined_active_sector_allocation,combined,active_sector_sentiment_risk_budget,2022-02-28,2022-01-31,0.011485901141993616,1.2612628529479846
combined_active_sector_allocation,combined,active_sector_sentiment_risk_budget,2022-03-01,2022-02-28,-0.007115286971540435,1.2522886058027158
combined_active_sector_allocation,combined,active_sector_sentiment_risk_budget,2022-03-02,2022-02-28,0.01426797596296956,1.2701562295290096
combined_active_sector_allocation,combined,active_sector_sentiment_risk_budget,2022-03-03,2022-02-28,-0.001713915224821466,1.267979289429318
combined_active_sector_allocation,combined,active_sector_sentiment_risk_budget,2022-03-04,2022-02-28,-0.0011314058572833444,1.2665446902343438
combined_active_sector_allocation,combined,active_sector_sentiment_risk_budget,2022-03-07,2022-02-28,-0.012121798237800224,1.2511918910401658
combined_active_sector_allocation,combined,active_sector_sentiment_risk_budget,2022-03-08,2022-02-28,-0.0034607828913062557,1.2468617875499128
combined_active_sector_allocation,combined,active_sector_sentiment_risk_budget,2022-03-09,2022-02-28,0.015491914854856176,1.26617806419841
combined_active_sector_allocation,combined,active_sector_sentiment_risk_budget,2022-03-10,2022-02-28,-0.003115051149044068,1.2622338547646343
combined_active_sector_allocation,combined,active_sector_sentiment_risk_budget,2022-03-11,2022-02-28,-0.006213345821685762,1.2543911593171422
combined_active_sector_allocation,combined,active_sector_sentiment_risk_budget,2022-03-14,2022-02-28,-0.008070816130131327,1.2442671989150313
combined_active_sector_allocation,combined,active_sector_sentiment_risk_budget,2022-03-15,2022-02-28,0.005518660698351885,1.2511338874039322
combined_active_sector_allocation,combined,active_sector_sentiment_risk_budget,2022-03-16,2022-02-28,0.014975259986949964,1.2698699426462894
combined_active_sector_allocation,combined,active_sector_sentiment_risk_budget,2022-03-17,2022-02-28,0.014237929576839689,1.2879502614614329
combined_active_sector_allocation,combined,active_sector_sentiment_risk_budget,2022-03-18,2022-02-28,0.005362550687326873,1.2948569600212758
combined_active_sector_allocation,combined,active_sector_sentiment_risk_budget,2022-03-21,2022-02-28,0.007039027172984457,1.3039714933479938
combined_active_sector_allocation,combined,active_sector_sentiment_risk_budget,2022-03-22,2022-02-28,0.010266933969619602,1.317359282568464
combined_active_sector_allocation,combined,active_sector_sentiment_risk_budget,2022-03-23,2022-02-28,-0.005244010363465118,1.310451036838268
combined_active_sector_allocation,combined,active_sector_sentiment_risk_budget,2022-03-24,2022-02-28,0.00908476908067813,1.322356181899479
combined_active_sector_allocation,combined,active_sector_sentiment_risk_budget,2022-03-25,2022-02-28,0.008534124507141558,1.3336413341985973
combined_active_sector_allocation,combined,active_sector_sentiment_risk_budget,2022-03-28,2022-02-28,6.155991778641835e-05,1.3337234330494872
combined_active_sector_allocation,combined,active_sector_sentiment_risk_budget,2022-03-29,2022-02-28,0.010942384108841921,1.3483175471488777
combined_active_sector_allocation,combined,active_sector_sentiment_risk_budget,2022-03-30,2022-02-28,-0.0007053652114892175,1.3473664908570784
combined_active_sector_allocation,combined,active_sector_sentiment_risk_budget,2022-03-31,2022-02-28,-0.015088894197582014,1.3270362204311685
combined_active_sector_allocation,combined,active_sector_sentiment_risk_budget,2022-04-01,2022-03-31,0.006940125741300847,1.3362460186642215
combined_active_sector_allocation,combined,active_sector_sentiment_risk_budget,2022-04-04,2022-03-31,-3.190579889987013e-05,1.3362033846674692
combined_active_sector_allocation,combined,active_sector_sentiment_risk_budget,2022-04-05,2022-03-31,-0.013016361040127355,1.3188108789895974
combined_active_sector_allocation,combined,active_sector_sentiment_risk_budget,2022-04-06,2022-03-31,-0.007898280780977814,1.3083945403703294
combined_active_sector_allocation,combined,active_sector_sentiment_risk_budget,2022-04-07,2022-03-31,0.005792963931413219,1.3159740227507526
combined_active_sector_allocation,combined,active_sector_sentiment_risk_budget,2022-04-08,2022-03-31,0.0009700883602504928,1.3172506338326153
combined_active_sector_allocation,combined,active_sector_sentiment_risk_budget,2022-04-11,2022-03-31,-0.019336797409330368,1.291779225188882
combined_active_sector_allocation,combined,active_sector_sentiment_risk_budget,2022-04-12,2022-03-31,0.003428779793114027,1.2962084516933743
combined_active_sector_allocation,combined,active_sector_sentiment_risk_budget,2022-04-13,2022-03-31,0.011643012071156353,1.3113002223431751
combined_active_sector_allocation,combined,active_sector_sentiment_risk_budget,2022-04-14,2022-03-31,-0.001853209874832755,1.3088701078222584
combined_active_sector_allocation,combined,active_sector_sentiment_risk_budget,2022-04-18,2022-03-31,0.002270814640038089,1.3118423092250096
combined_active_sector_allocation,combined,active_sector_sentiment_risk_budget,2022-04-19,2022-03-31,0.012212674811388533,1.3278634127513955
combined_active_sector_allocation,combined,active_sector_sentiment_risk_budget,2022-04-20,2022-03-31,0.0005658476492681739,1.3286147811420501
combined_active_sector_allocation,combined,active_sector_sentiment_risk_budget,2022-04-21,2022-03-31,-0.012852183473048746,1.311539180209808
combined_active_sector_allocation,combined,active_sector_sentiment_risk_budget,2022-04-22,2022-03-31,-0.021478356908184598,1.283369473598194
combined_active_sector_allocation,combined,active_sector_sentiment_risk_budget,2022-04-25,2022-03-31,-0.003824944519035043,1.2784606565642578
combined_active_sector_allocation,combined,active_sector_sentiment_risk_budget,2022-04-26,2022-03-31,-0.02572297221173056,1.2455748486216645
combined_active_sector_allocation,combined,active_sector_sentiment_risk_budget,2022-04-27,2022-03-31,0.0022081322800941174,1.2483252426521794
combined_active_sector_allocation,combined,active_sector_sentiment_risk_budget,2022-04-28,2022-03-31,0.014465097573140457,1.2663823890901573
combined_active_sector_allocation,combined,active_sector_sentiment_risk_budget,2022-04-29,2022-03-31,-0.03376252734537116,1.2236261190488043
combined_active_sector_allocation,combined,active_sector_sentiment_risk_budget,2022-05-02,2022-04-29,-0.0003039810899521623,1.223254159847442
combined_active_sector_allocation,combined,active_sector_sentiment_risk_budget,2022-05-03,2022-04-29,0.005227824176833627,1.2296491175187048
combined_active_sector_allocation,combined,active_sector_sentiment_risk_budget,2022-05-04,2022-04-29,0.03484691859365533,1.272498600215639
combined_active_sector_allocation,combined,active_sector_sentiment_risk_budget,2022-05-05,2022-04-29,-0.02837775851777377,1.2363879422245145
combined_active_sector_allocation,combined,active_sector_sentiment_risk_budget,2022-05-06,2022-04-29,-0.0008135207870360902,1.235382114932674
combined_active_sector_allocation,combined,active_sector_sentiment_risk_budget,2022-05-09,2022-04-29,-0.04903112146029238,1.174809944405537
combined_active_sector_allocation,combined,active_sector_sentiment_risk_budget,2022-05-10,2022-04-29,-0.0027147073288314514,1.1716206792394752
combined_active_sector_allocation,combined,active_sector_sentiment_risk_budget,2022-05-11,2022-04-29,-0.014722735747301685,1.1543712175829584
combined_active_sector_allocation,combined,active_sector_sentiment_risk_budget,2022-05-12,2022-04-29,-0.0013410944139098414,1.1528230967914797
combined_active_sector_allocation,combined,active_sector_sentiment_risk_budget,2022-05-13,2022-04-29,0.02722221307821644,1.1842054927738268
combined_active_sector_allocation,combined,active_sector_sentiment_risk_budget,2022-05-16,2022-04-29,-0.0024882902452556246,1.1812588457977795
combined_active_sector_allocation,combined,active_sector_sentiment_risk_budget,2022-05-17,2022-04-29,0.018018822340103227,1.202543739077885
combined_active_sector_allocation,combined,active_sector_sentiment_risk_budget,2022-05-18,2022-04-29,-0.03156079449997734,1.1645905032516135
combined_active_sector_allocation,combined,active_sector_sentiment_risk_budget,2022-05-19,2022-04-29,0.003633454010550869,1.1688219892863025
combined_active_sector_allocation,combined,active_sector_sentiment_risk_budget,2022-05-20,2022-04-29,0.0003222826931169072,1.169198680384784
combined_active_sector_allocation,combined,active_sector_sentiment_risk_budget,2022-05-23,2022-04-29,0.013913742676600959,1.1854666099614792
combined_active_sector_allocation,combined,active_sector_sentiment_risk_budget,2022-05-24,2022-04-29,0.007404108491969628,1.1942439333552415
combined_active_sector_allocation,combined,active_sector_sentiment_risk_budget,2022-05-25,2022-04-29,0.006237150659932615,1.2016926126922887
combined_active_sector_allocation,combined,active_sector_sentiment_risk_budget,2022-05-26,2022-04-29,0.005126786995508213,1.2078534347516379
combined_active_sector_allocation,combined,active_sector_sentiment_risk_budget,2022-05-27,2022-04-29,0.014713741403292787,1.2256254778436524
combined_active_sector_allocation,combined,active_sector_sentiment_risk_budget,2022-05-31,2022-04-29,-0.007363473787591951,1.2166006167641459
combined_active_sector_allocation,combined,active_sector_sentiment_risk_budget,2022-06-01,2022-05-31,-0.009695796588355518,1.2048047046547328
combined_active_sector_allocation,combined,active_sector_sentiment_risk_budget,2022-06-02,2022-05-31,0.011586243244405563,1.2187638650248667
combined_active_sector_allocation,combined,active_sector_sentiment_risk_budget,2022-06-03,2022-05-31,-0.006861417728812689,1.2104014170341488
combined_active_sector_allocation,combined,active_sector_sentiment_risk_budget,2022-06-06,2022-05-31,0.0023353469666254024,1.2132281243118186
combined_active_sector_allocation,combined,active_sector_sentiment_risk_budget,2022-06-07,2022-05-31,0.008881299515610676,1.2240031666645943
combined_active_sector_allocation,combined,active_sector_sentiment_risk_budget,2022-06-08,2022-05-31,-0.011875328779505185,1.2094677266332967
combined_active_sector_allocation,combined,active_sector_sentiment_risk_budget,2022-06-09,2022-05-31,-0.021705945043682267,1.1832150866268871
combined_active_sector_allocation,combined,active_sector_sentiment_risk_budget,2022-06-10,2022-05-31,-0.02387613918260034,1.154964478535631
combined_active_sector_allocation,combined,active_sector_sentiment_risk_budget,2022-06-13,2022-05-31,-0.049382656023356654,1.0979292649729104
combined_active_sector_allocation,combined,active_sector_sentiment_risk_budget,2022-06-14,2022-05-31,-0.006622095258783238,1.090658672792854
combined_active_sector_allocation,combined,active_sector_sentiment_risk_budget,2022-06-15,2022-05-31,0.01282215277504674,1.1046432649208338
combined_active_sector_allocation,combined,active_sector_sentiment_risk_budget,2022-06-16,2022-05-31,-0.03549433792965372,1.0654346835840176
combined_active_sector_allocation,combined,active_sector_sentiment_risk_budget,2022-06-17,2022-05-31,-0.003762224021048844,1.0614262796245792
combined_active_sector_allocation,combined,active_sector_sentiment_risk_budget,2022-06-21,2022-05-31,0.022044180582025404,1.084824552207131
combined_active_sector_allocation,combined,active_sector_sentiment_risk_budget,2022-06-22,2022-05-31,-0.006765541641489603,1.0774851265254632
combined_active_sector_allocation,combined,active_sector_sentiment_risk_budget,2022-06-23,2022-05-31,0.008241610979561187,1.0863653397745492
combined_active_sector_allocation,combined,active_sector_sentiment_risk_budget,2022-06-24,2022-05-31,0.025489046712405476,1.1140557566668008
combined_active_sector_allocation,combined,active_sector_sentiment_risk_budget,2022-06-27,2022-05-31,-0.00027084908387985064,1.1137540156857164
combined_active_sector_allocation,combined,active_sector_sentiment_risk_budget,2022-06-28,2022-05-31,-0.008876949546061167,1.1038672774817513
combined_active_sector_allocation,combined,active_sector_sentiment_risk_budget,2022-06-29,2022-05-31,-0.006232206538584416,1.0969877486173003
combined_active_sector_allocation,combined,active_sector_sentiment_risk_budget,2022-06-30,2022-05-31,-0.005549262023297601,1.0909002761638755
combined_active_sector_allocation,combined,active_sector_sentiment_risk_budget,2022-07-01,2022-06-30,0.00918506509395765,1.100920266211457
combined_active_sector_allocation,combined,active_sector_sentiment_risk_budget,2022-07-05,2022-06-30,-0.010470558188695422,1.089393016502976
combined_active_sector_allocation,combined,active_sector_sentiment_risk_budget,2022-07-06,2022-06-30,0.00039316724758246905,1.08982133015681
combined_active_sector_allocation,combined,active_sector_sentiment_risk_budget,2022-07-07,2022-06-30,0.015119011234254675,1.1062983510907813
combined_active_sector_allocation,combined,active_sector_sentiment_risk_budget,2022-07-08,2022-06-30,-0.0034968671307487407,1.1024297727500505
combined_active_sector_allocation,combined,active_sector_sentiment_risk_budget,2022-07-11,2022-06-30,-0.01076690443362274,1.0905600167420704
combined_active_sector_allocation,combined,active_sector_sentiment_risk_budget,2022-07-12,2022-06-30,-0.0074124655472437295,1.0824762781907682
combined_active_sector_allocation,combined,active_sector_sentiment_risk_budget,2022-07-13,2022-06-30,0.001113532775271046,1.0836816510049871
combined_active_sector_allocation,combined,active_sector_sentiment_risk_budget,2022-07-14,2022-06-30,-0.0028343786569173055,1.0806100868624857
combined_active_sector_allocation,combined,active_sector_sentiment_risk_budget,2022-07-15,2022-06-30,0.01722650425036131,1.0992252211168054
combined_active_sector_allocation,combined,active_sector_sentiment_risk_budget,2022-07-18,2022-06-30,0.006559105409214448,1.1064351552105776
combined_active_sector_allocation,combined,active_sector_sentiment_risk_budget,2022-07-19,2022-06-30,0.023929591548737257,1.1329116965499304
combined_active_sector_allocation,combined,active_sector_sentiment_risk_budget,2022-07-20,2022-06-30,-0.004008407474646467,1.1283705248373652
combined_active_sector_allocation,combined,active_sector_sentiment_risk_budget,2022-07-21,2022-06-30,0.004813368646053916,1.1338017881427487
combined_active_sector_allocation,combined,active_sector_sentiment_risk_budget,2022-07-22,2022-06-30,-0.0033350201864547693,1.130020536291854
combined_active_sector_allocation,combined,active_sector_sentiment_risk_budget,2022-07-25,2022-06-30,-0.0009036577091648713,1.1289993845227193
combined_active_sector_allocation,combined,active_sector_sentiment_risk_budget,2022-07-26,2022-06-30,-0.002743957799815639,1.125901457855571
combined_active_sector_allocation,combined,active_sector_sentiment_risk_budget,2022-07-27,2022-06-30,0.01969338257051144,1.1480742660018175
combined_active_sector_allocation,combined,active_sector_sentiment_risk_budget,2022-07-28,2022-06-30,0.015028081114101482,1.1653276191963053
combined_active_sector_allocation,combined,active_sector_sentiment_risk_budget,2022-07-29,2022-06-30,0.008017914603014712,1.174671116531556
combined_active_sector_allocation,combined,active_sector_sentiment_risk_budget,2022-08-01,2022-07-29,-0.0053607056850145315,1.1683740503991429
combined_active_sector_allocation,combined,active_sector_sentiment_risk_budget,2022-08-02,2022-07-29,-0.010370666726627047,1.1562572325104141
combined_active_sector_allocation,combined,active_sector_sentiment_risk_budget,2022-08-03,2022-07-29,0.0007355229982855848,1.1571076862968595
combined_active_sector_allocation,combined,active_sector_sentiment_risk_budget,2022-08-04,2022-07-29,-0.003416522897567596,1.1531544013916748
combined_active_sector_allocation,combined,active_sector_sentiment_risk_budget,2022-08-05,2022-07-29,0.007046708910745323,1.1612803447874267
combined_active_sector_allocation,combined,active_sector_sentiment_risk_budget,2022-08-08,2022-07-29,0.004186525348276637,1.1661420743873347
combined_active_sector_allocation,combined,active_sector_sentiment_risk_budget,2022-08-09,2022-07-29,-0.002425885547239722,1.1633131471830502
combined_active_sector_allocation,combined,active_sector_sentiment_risk_budget,2022-08-10,2022-07-29,0.01915127714961141,1.1855920796765396
combined_active_sector_allocation,combined,active_sector_sentiment_risk_budget,2022-08-11,2022-07-29,0.00897728524057832,1.1962354779547664
combined_active_sector_allocation,combined,active_sector_sentiment_risk_budget,2022-08-12,2022-07-29,0.014108976144304865,1.2131131357762015
combined_active_sector_allocation,combined,active_sector_sentiment_risk_budget,2022-08-15,2022-07-29,4.1609192983956466e-05,1.2131636124347795
combined_active_sector_allocation,combined,active_sector_sentiment_risk_budget,2022-08-16,2022-07-29,0.002792676835735871,1.2165515863531837
combined_active_sector_allocation,combined,active_sector_sentiment_risk_budget,2022-08-17,2022-07-29,-0.007429550886013787,1.207513154436912
combined_active_sector_allocation,combined,active_sector_sentiment_risk_budget,2022-08-18,2022-07-29,0.002861832760537709,1.2109688551410598
combined_active_sector_allocation,combined,active_sector_sentiment_risk_budget,2022-08-19,2022-07-29,-0.016608570030560692,1.1908563941056216
combined_active_sector_allocation,combined,active_sector_sentiment_risk_budget,2022-08-22,2022-07-29,-0.013289158767049407,1.1750309144155962
combined_active_sector_allocation,combined,active_sector_sentiment_risk_budget,2022-08-23,2022-07-29,0.006868478783953943,1.1831015893217496
combined_active_sector_allocation,combined,active_sector_sentiment_risk_budget,2022-08-24,2022-07-29,0.0016305283303139012,1.1850306699807782
combined_active_sector_allocation,combined,active_sector_sentiment_risk_budget,2022-08-25,2022-07-29,0.012942050556673699,1.2003673968228785
combined_active_sector_allocation,combined,active_sector_sentiment_risk_budget,2022-08-26,2022-07-29,-0.030328095770331596,1.1639625394524507
combined_active_sector_allocation,combined,active_sector_sentiment_risk_budget,2022-08-29,2022-07-29,0.003238218998570859,1.1677317050613305
combined_active_sector_allocation,combined,active_sector_sentiment_risk_budget,2022-08-30,2022-07-29,-0.016137667515071837,1.1488872390582427
combined_active_sector_allocation,combined,active_sector_sentiment_risk_budget,2022-08-31,2022-07-29,-0.007032012600006379,1.1408082495171985
combined_active_sector_allocation,combined,active_sector_sentiment_risk_budget,2022-09-01,2022-08-31,0.00480295150119643,1.1462874962117944
combined_active_sector_allocation,combined,active_sector_sentiment_risk_budget,2022-09-02,2022-08-31,-0.010327555339069355,1.1344491486601838
combined_active_sector_allocation,combined,active_sector_sentiment_risk_budget,2022-09-06,2022-08-31,-0.008565312560401033,1.1247322371180284
combined_active_sector_allocation,combined,active_sector_sentiment_risk_budget,2022-09-07,2022-08-31,0.021215923139890694,1.1485944698136819
combined_active_sector_allocation,combined,active_sector_sentiment_risk_budget,2022-09-08,2022-08-31,0.004169280988216831,1.153383282899847
combined_active_sector_allocation,combined,active_sector_sentiment_risk_budget,2022-09-09,2022-08-31,0.016954970673002633,1.1729388626361452
combined_active_sector_allocation,combined,active_sector_sentiment_risk_budget,2022-09-12,2022-08-31,0.007108518504646967,1.1812767202460137
combined_active_sector_allocation,combined,active_sector_sentiment_risk_budget,2022-09-13,2022-08-31,-0.04203339595938618,1.131623648126308
combined_active_sector_allocation,combined,active_sector_sentiment_risk_budget,2022-09-14,2022-08-31,0.0020178681733535237,1.1339071154700764
combined_active_sector_allocation,combined,active_sector_sentiment_risk_budget,2022-09-15,2022-08-31,-0.019364232531508478,1.1119498744169818
combined_active_sector_allocation,combined,active_sector_sentiment_risk_budget,2022-09-16,2022-08-31,-0.005534376540468634,1.1057959251178313
combined_active_sector_allocation,combined,active_sector_sentiment_risk_budget,2022-09-19,2022-08-31,0.007215436374084819,1.1137747252582413
combined_active_sector_allocation,combined,active_sector_sentiment_risk_budget,2022-09-20,2022-08-31,-0.013963320572340364,1.09822273172409
combined_active_sector_allocation,combined,active_sector_sentiment_risk_budget,2022-09-21,2022-08-31,-0.01955697263640055,1.076744819811089
combined_active_sector_allocation,combined,active_sector_sentiment_risk_budget,2022-09-22,2022-08-31,-0.0003669969877877616,1.0763496577056022
combined_active_sector_allocation,combined,active_sector_sentiment_risk_budget,2022-09-23,2022-08-31,-0.016462455603893936,1.0586302992513572
combined_active_sector_allocation,combined,active_sector_sentiment_risk_budget,2022-09-26,2022-08-31,-0.013986489177032872,1.043823778028399
combined_active_sector_allocation,combined,active_sector_sentiment_risk_budget,2022-09-27,2022-08-31,-0.00621211608146533,1.037339423550693
combined_active_sector_allocation,combined,active_sector_sentiment_risk_budget,2022-09-28,2022-08-31,0.0176410851692893,1.055639216671012
combined_active_sector_allocation,combined,active_sector_sentiment_risk_budget,2022-09-29,2022-08-31,-0.017288346552222184,1.037388960059087
combined_active_sector_allocation,combined,active_sector_sentiment_risk_budget,2022-09-30,2022-08-31,-0.012780622335677021,1.0241304835453713
combined_active_sector_allocation,combined,active_sector_sentiment_risk_budget,2022-10-03,2022-09-30,0.028309946608112764,1.0531235628542814
combined_active_sector_allocation,combined,active_sector_sentiment_risk_budget,2022-10-04,2022-09-30,0.026587130106683676,1.0811230960383027
combined_active_sector_allocation,combined,active_sector_sentiment_risk_budget,2022-10-05,2022-09-30,-0.006416942277525261,1.0741855915361256
combined_active_sector_allocation,combined,active_sector_sentiment_risk_budget,2022-10-06,2022-09-30,-0.015324854017199234,1.0577238541584557
combined_active_sector_allocation,combined,active_sector_sentiment_risk_budget,2022-10-07,2022-09-30,-0.01837575592178815,1.0382873787817868
combined_active_sector_allocation,combined,active_sector_sentiment_risk_budget,2022-10-10,2022-09-30,-0.005614173715055547,1.0324582530711561
combined_active_sector_allocation,combined,active_sector_sentiment_risk_budget,2022-10-11,2022-09-30,-0.0005491697209016443,1.0318912582604745
combined_active_sector_allocation,combined,active_sector_sentiment_risk_budget,2022-10-12,2022-09-30,-0.009352353458192849,1.022240646482803
combined_active_sector_allocation,combined,active_sector_sentiment_risk_budget,2022-10-13,2022-09-30,0.023396825601956057,1.0461578326117922
combined_active_sector_allocation,combined,active_sector_sentiment_risk_budget,2022-10-14,2022-09-30,-0.0131322584577695,1.0324194175663142
combined_active_sector_allocation,combined,active_sector_sentiment_risk_budget,2022-10-17,2022-09-30,0.018332074784603566,1.0513458075382167
combined_active_sector_allocation,combined,active_sector_sentiment_risk_budget,2022-10-18,2022-09-30,0.009705701579960178,1.0615498562035248
combined_active_sector_allocation,combined,active_sector_sentiment_risk_budget,2022-10-19,2022-09-30,-0.013468093299422428,1.0472528036981872
combined_active_sector_allocation,combined,active_sector_sentiment_risk_budget,2022-10-20,2022-09-30,-0.00717030225574805,1.0397436845574917
combined_active_sector_allocation,combined,active_sector_sentiment_risk_budget,2022-10-21,2022-09-30,0.020615800717622323,1.0611788331557352
combined_active_sector_allocation,combined,active_sector_sentiment_risk_budget,2022-10-24,2022-09-30,0.007495136587423233,1.0691325134539198
combined_active_sector_allocation,combined,active_sector_sentiment_risk_budget,2022-10-25,2022-09-30,0.018644834345696755,1.0890663120608666
combined_active_sector_allocation,combined,active_sector_sentiment_risk_budget,2022-10-26,2022-09-30,0.00802144865955358,1.0978022015699123
combined_active_sector_allocation,combined,active_sector_sentiment_risk_budget,2022-10-27,2022-09-30,-0.002052044702918525,1.0955494623773285
combined_active_sector_allocation,combined,active_sector_sentiment_risk_budget,2022-10-28,2022-09-30,0.024931714430188438,1.1228633887174666
combined_active_sector_allocation,combined,active_sector_sentiment_risk_budget,2022-10-31,2022-09-30,-0.006819616011714692,1.1152058915728007
combined_active_sector_allocation,combined,active_sector_sentiment_risk_budget,2022-11-01,2022-10-31,0.0011875484829134352,1.116530252637474
combined_active_sector_allocation,combined,active_sector_sentiment_risk_budget,2022-11-02,2022-10-31,-0.014217066078690546,1.10065646825687
combined_active_sector_allocation,combined,active_sector_sentiment_risk_budget,2022-11-03,2022-10-31,-6.204252447740291e-05,1.100588180750997
combined_active_sector_allocation,combined,active_sector_sentiment_risk_budget,2022-11-04,2022-10-31,0.02206420292026571,1.1248717817027332
combined_active_sector_allocation,combined,active_sector_sentiment_risk_budget,2022-11-07,2022-10-31,0.006844136980668813,1.1325705582623957
combined_active_sector_allocation,combined,active_sector_sentiment_risk_budget,2022-11-08,2022-10-31,-0.008715683060965885,1.1226994322323995
combined_active_sector_allocation,combined,active_sector_sentiment_risk_budget,2022-11-09,2022-10-31,-0.029990995873065415,1.0890285581936248
combined_active_sector_allocation,combined,active_sector_sentiment_risk_budget,2022-11-10,2022-10-31,0.05532549267515482,1.1492795997130005
combined_active_sector_allocation,combined,active_sector_sentiment_risk_budget,2022-11-11,2022-10-31,0.007310143982239774,1.1576809990627535
combined_active_sector_allocation,combined,active_sector_sentiment_risk_budget,2022-11-14,2022-10-31,-0.00553961654241605,1.1512678902495046
combined_active_sector_allocation,combined,active_sector_sentiment_risk_budget,2022-11-15,2022-10-31,0.008508238594099288,1.1610631521454728
combined_active_sector_allocation,combined,active_sector_sentiment_risk_budget,2022-11-16,2022-10-31,-0.009174131502272542,1.1504114061052473
combined_active_sector_allocation,combined,active_sector_sentiment_risk_budget,2022-11-17,2022-10-31,-0.0012224224556272151,1.1490051173692146
combined_active_sector_allocation,combined,active_sector_sentiment_risk_budget,2022-11-18,2022-10-31,0.00555191363034563,1.1553842945416737
combined_active_sector_allocation,combined,active_sector_sentiment_risk_budget,2022-11-21,2022-10-31,0.0003763466609383282,1.155819119563025
combined_active_sector_allocation,combined,active_sector_sentiment_risk_budget,2022-11-22,2022-10-31,0.015593210278629635,1.1738420501384317
combined_active_sector_allocation,combined,active_sector_sentiment_risk_budget,2022-11-23,2022-10-31,0.008544428983504677,1.183871860173691
combined_active_sector_allocation,combined,active_sector_sentiment_risk_budget,2022-11-25,2022-10-31,0.0009851828762786488,1.1850381904580423
combined_active_sector_allocation,combined,active_sector_sentiment_risk_budget,2022-11-28,2022-10-31,-0.017271128601238268,1.1645712434732627
combined_active_sector_allocation,combined,active_sector_sentiment_risk_budget,2022-11-29,2022-10-31,0.005588247192072052,1.17107915545457
combined_active_sector_allocation,combined,active_sector_sentiment_risk_budget,2022-11-30,2022-10-31,0.023054700263675586,1.1980780343686135
combined_active_sector_allocation,combined,active_sector_sentiment_risk_budget,2022-12-01,2022-11-30,-0.002958642526296927,1.1945333497463082
combined_active_sector_allocation,combined,active_sector_sentiment_risk_budget,2022-12-02,2022-11-30,0.0016644246534676147,1.1965215605030153
combined_active_sector_allocation,combined,active_sector_sentiment_risk_budget,2022-12-05,2022-11-30,-0.016253847951093865,1.1770734809883938
combined_active_sector_allocation,combined,active_sector_sentiment_risk_budget,2022-12-06,2022-11-30,-0.009062804052948362,1.1664058946742741
combined_active_sector_allocation,combined,active_sector_sentiment_risk_budget,2022-12-07,2022-11-30,-0.0016102375783733436,1.1645277040710336
combined_active_sector_allocation,combined,active_sector_sentiment_risk_budget,2022-12-08,2022-11-30,0.008209179109585279,1.1740875205718269
combined_active_sector_allocation,combined,active_sector_sentiment_risk_budget,2022-12-09,2022-11-30,-0.007453980298910255,1.165335895324288
combined_active_sector_allocation,combined,active_sector_sentiment_risk_budget,2022-12-12,2022-11-30,0.013155395523824448,1.180666349945389
combined_active_sector_allocation,combined,active_sector_sentiment_risk_budget,2022-12-13,2022-11-30,0.010476355296084129,1.1930354301135477
combined_active_sector_allocation,combined,active_sector_sentiment_risk_budget,2022-12-14,2022-11-30,-0.009245490489565847,1.182005232390718
combined_active_sector_allocation,combined,active_sector_sentiment_risk_budget,2022-12-15,2022-11-30,-0.019987987198416296,1.1583793269372311
combined_active_sector_allocation,combined,active_sector_sentiment_risk_budget,2022-12-16,2022-11-30,-0.018480715215602697,1.1369716484844625
combined_active_sector_allocation,combined,active_sector_sentiment_risk_budget,2022-12-19,2022-11-30,-0.008786749544244753,1.1269813633703225
combined_active_sector_allocation,combined,active_sector_sentiment_risk_budget,2022-12-20,2022-11-30,0.004531045579252482,1.1320877672947214
combined_active_sector_allocation,combined,active_sector_sentiment_risk_budget,2022-12-21,2022-11-30,0.013936413977584104,1.1478650110786996
combined_active_sector_allocation,combined,active_sector_sentiment_risk_budget,2022-12-22,2022-11-30,-0.006765619780241739,1.1400989928546983
combined_active_sector_allocation,combined,active_sector_sentiment_risk_budget,2022-12-23,2022-11-30,0.005894579835041499,1.1468193973879308
combined_active_sector_allocation,combined,active_sector_sentiment_risk_budget,2022-12-27,2022-11-30,-0.0007209842620303049,1.1459925586510231
combined_active_sector_allocation,combined,active_sector_sentiment_risk_budget,2022-12-28,2022-11-30,-0.013054833741231432,1.1310318163291457
combined_active_sector_allocation,combined,active_sector_sentiment_risk_budget,2022-12-29,2022-11-30,0.012151555163836262,1.1447756118373233
combined_active_sector_allocation,combined,active_sector_sentiment_risk_budget,2022-12-30,2022-11-30,-0.0029610534915461397,1.1413858700148556
combined_active_sector_allocation,combined,active_sector_sentiment_risk_budget,2023-01-03,2022-12-30,0.00273055640400239,1.1445024885116624
combined_active_sector_allocation,combined,active_sector_sentiment_risk_budget,2023-01-04,2022-12-30,0.02072281291293264,1.1682197994594754
combined_active_sector_allocation,combined,active_sector_sentiment_risk_budget,2023-01-05,2022-12-30,-0.008961776967441912,1.1577504741677698
combined_active_sector_allocation,combined,active_sector_sentiment_risk_budget,2023-01-06,2022-12-30,0.023989435984873842,1.1855242550542748
combined_active_sector_allocation,combined,active_sector_sentiment_risk_budget,2023-01-09,2022-12-30,0.0034062603473431685,1.1895624593150798
combined_active_sector_allocation,combined,active_sector_sentiment_risk_budget,2023-01-10,2022-12-30,0.007128652764715887,1.1980424370294784
combined_active_sector_allocation,combined,active_sector_sentiment_risk_budget,2023-01-11,2022-12-30,0.011111745084297048,1.21135477918992
combined_active_sector_allocation,combined,active_sector_sentiment_risk_budget,2023-01-12,2022-12-30,0.00820702907149503,1.2212964030786262
combined_active_sector_allocation,combined,active_sector_sentiment_risk_budget,2023-01-13,2022-12-30,0.0065448121115909315,1.2292895585693377
combined_active_sector_allocation,combined,active_sector_sentiment_risk_budget,2023-01-17,2022-12-30,-0.0032476768861335794,1.2252972232836068
combined_active_sector_allocation,combined,active_sector_sentiment_risk_budget,2023-01-18,2022-12-30,-0.01869052208382272,1.2023957784725778
combined_active_sector_allocation,combined,active_sector_sentiment_risk_budget,2023-01-19,2022-12-30,-0.005611909581588569,1.195648042082506
combined_active_sector_allocation,combined,active_sector_sentiment_risk_budget,2023-01-20,2022-12-30,0.021888276040206628,1.2218187164745404
combined_active_sector_allocation,combined,active_sector_sentiment_risk_budget,2023-01-23,2022-12-30,0.01578329070202292,1.2411030364618307
combined_active_sector_allocation,combined,active_sector_sentiment_risk_budget,2023-01-24,2022-12-30,-0.006650973914421862,1.2328484925412133
combined_active_sector_allocation,combined,active_sector_sentiment_risk_budget,2023-01-25,2022-12-30,0.0045018608343377516,1.2383986048844569
combined_active_sector_allocation,combined,active_sector_sentiment_risk_budget,2023-01-26,2022-12-30,0.006541346205252591,1.246499398899108
combined_active_sector_allocation,combined,active_sector_sentiment_risk_budget,2023-01-27,2022-12-30,1.853315254604572e-05,1.2465225004626161
combined_active_sector_allocation,combined,active_sector_sentiment_risk_budget,2023-01-30,2022-12-30,-0.014017262304288155,1.2290496676054345
combined_active_sector_allocation,combined,active_sector_sentiment_risk_budget,2023-01-31,2022-12-30,0.012743068920029257,1.2447115322258695
combined_active_sector_allocation,combined,active_sector_sentiment_risk_budget,2023-02-01,2023-01-31,0.008265542181108346,1.2549997478987944
combined_active_sector_allocation,combined,active_sector_sentiment_risk_budget,2023-02-02,2023-01-31,0.00039490230623772434,1.2554953501935675
combined_active_sector_allocation,combined,active_sector_sentiment_risk_budget,2023-02-03,2023-01-31,-0.01097890398515556,1.241711387289983
combined_active_sector_allocation,combined,active_sector_sentiment_risk_budget,2023-02-06,2023-01-31,-0.006263378212198486,1.233934079240992
combined_active_sector_allocation,combined,active_sector_sentiment_risk_budget,2023-02-07,2023-01-31,0.010831060963622576,1.2472988944783427
combined_active_sector_allocation,combined,active_sector_sentiment_risk_budget,2023-02-08,2023-01-31,-0.009484798731393441,1.235468515506326
combined_active_sector_allocation,combined,active_sector_sentiment_risk_budget,2023-02-09,2023-01-31,-0.015221621828006468,1.2166626809828802
combined_active_sector_allocation,combined,active_sector_sentiment_risk_budget,2023-02-10,2023-01-31,0.006543329215927613,1.2246237054492843
combined_active_sector_allocation,combined,active_sector_sentiment_risk_budget,2023-02-13,2023-01-31,0.007370188531919634,1.2336494130391038
combined_active_sector_allocation,combined,active_sector_sentiment_risk_budget,2023-02-14,2023-01-31,-0.0003337914679866305,1.2332376313905447
combined_active_sector_allocation,combined,active_sector_sentiment_risk_budget,2023-02-15,2023-01-31,0.007312902701274444,1.2422561781964538
combined_active_sector_allocation,combined,active_sector_sentiment_risk_budget,2023-02-16,2023-01-31,-0.015666193045847637,1.2227947530964314
combined_active_sector_allocation,combined,active_sector_sentiment_risk_budget,2023-02-17,2023-01-31,0.004425704822700743,1.2282064817323834
combined_active_sector_allocation,combined,active_sector_sentiment_risk_budget,2023-02-21,2023-01-31,-0.017315178033292546,1.2069398678395433
combined_active_sector_allocation,combined,active_sector_sentiment_risk_budget,2023-02-22,2023-01-31,-0.006254866107765771,1.1993906205660825
combined_active_sector_allocation,combined,active_sector_sentiment_risk_budget,2023-02-23,2023-01-31,0.0018414305028025735,1.201599215039568
combined_active_sector_allocation,combined,active_sector_sentiment_risk_budget,2023-02-24,2023-01-31,-0.012016067381649788,1.187160717905915
combined_active_sector_allocation,combined,active_sector_sentiment_risk_budget,2023-02-27,2023-01-31,0.001232782122244813,1.1886242284151807
combined_active_sector_allocation,combined,active_sector_sentiment_risk_budget,2023-02-28,2023-01-31,-0.003551593768615876,1.1844027180123153
combined_active_sector_allocation,combined,active_sector_sentiment_risk_budget,2023-03-01,2023-02-28,0.0010763690205235878,1.1856775724058077
combined_active_sector_allocation,combined,active_sector_sentiment_risk_budget,2023-03-02,2023-02-28,0.010095177825845122,1.1976471983433608
combined_active_sector_allocation,combined,active_sector_sentiment_risk_budget,2023-03-03,2023-02-28,0.008422069250082896,1.2077338659849763
combined_active_sector_allocation,combined,active_sector_sentiment_risk_budget,2023-03-06,2023-02-28,-0.0031056450680395395,1.2039830732605759
combined_active_sector_allocation,combined,active_sector_sentiment_risk_budget,2023-03-07,2023-02-28,-0.016038964825098312,1.1846724310985357
combined_active_sector_allocation,combined,active_sector_sentiment_risk_budget,2023-03-08,2023-02-28,-0.0011128517475380696,1.1833540663133275
combined_active_sector_allocation,combined,active_sector_sentiment_risk_budget,2023-03-09,2023-02-28,-0.021537070815713252,1.1578680859870751
combined_active_sector_allocation,combined,active_sector_sentiment_risk_budget,2023-03-10,2023-02-28,-0.01153006681841389,1.1445177895887353
combined_active_sector_allocation,combined,active_sector_sentiment_risk_budget,2023-03-13,2023-02-28,0.003501293118238453,1.148525081849124
combined_active_sector_allocation,combined,active_sector_sentiment_risk_budget,2023-03-14,2023-02-28,0.013008982362488741,1.1634662243817753
combined_active_sector_allocation,combined,active_sector_sentiment_risk_budget,2023-03-15,2023-02-28,-0.012353623912246155,1.1490932002111618
combined_active_sector_allocation,combined,active_sector_sentiment_risk_budget,2023-03-16,2023-02-28,0.011374271922895581,1.1621632987351138
combined_active_sector_allocation,combined,active_sector_sentiment_risk_budget,2023-03-17,2023-02-28,-0.0029152350531710574,1.1587753195491324
combined_active_sector_allocation,combined,active_sector_sentiment_risk_budget,2023-03-20,2023-02-28,0.0074058382826889535,1.1673570221716845
combined_active_sector_allocation,combined,active_sector_sentiment_risk_budget,2023-03-21,2023-02-28,0.013811968829968758,1.183480520975365
combined_active_sector_allocation,combined,active_sector_sentiment_risk_budget,2023-03-22,2023-02-28,-0.023082570333162043,1.1561627486120238
combined_active_sector_allocation,combined,active_sector_sentiment_risk_budget,2023-03-23,2023-02-28,0.007253969983333001,1.164549518486303
combined_active_sector_allocation,combined,active_sector_sentiment_risk_budget,2023-03-24,2023-02-28,0.005228294676249964,1.1706381265340344
combined_active_sector_allocation,combined,active_sector_sentiment_risk_budget,2023-03-27,2023-02-28,0.0016973844321762424,1.1726251494657252
combined_active_sector_allocation,combined,active_sector_sentiment_risk_budget,2023-03-28,2023-02-28,0.0035728414688268664,1.1768147532271258
combined_active_sector_allocation,combined,active_sector_sentiment_risk_budget,2023-03-29,2023-02-28,0.01505749809700254,1.1945346391343679
combined_active_sector_allocation,combined,active_sector_sentiment_risk_budget,2023-03-30,2023-02-28,0.0038667990323700105,1.199153664521105
combined_active_sector_allocation,combined,active_sector_sentiment_risk_budget,2023-03-31,2023-02-28,0.014297174881883848,1.216298174173015
combined_active_sector_allocation,combined,active_sector_sentiment_risk_budget,2023-04-03,2023-03-31,0.004435338967081452,1.2216928688605146
combined_active_sector_allocation,combined,active_sector_sentiment_risk_budget,2023-04-04,2023-03-31,-0.005833677836912684,1.2145659062479288
combined_active_sector_allocation,combined,active_sector_sentiment_risk_budget,2023-04-05,2023-03-31,0.003031374837697091,1.2182477107748535
combined_active_sector_allocation,combined,active_sector_sentiment_risk_budget,2023-04-06,2023-03-31,-0.00033156218737834763,1.2178437858991003
combined_active_sector_allocation,combined,active_sector_sentiment_risk_budget,2023-04-10,2023-03-31,0.005889897493952155,1.2250167609616924
combined_active_sector_allocation,combined,active_sector_sentiment_risk_budget,2023-04-11,2023-03-31,0.004270635910765775,1.2302483615323454
combined_active_sector_allocation,combined,active_sector_sentiment_risk_budget,2023-04-12,2023-03-31,-0.0020079904380133143,1.2277780345860068
combined_active_sector_allocation,combined,active_sector_sentiment_risk_budget,2023-04-13,2023-03-31,0.009096490633205917,1.2389465059772742
combined_active_sector_allocation,combined,active_sector_sentiment_risk_budget,2023-04-14,2023-03-31,-0.0028092971212553284,1.2354659371246428
combined_active_sector_allocation,combined,active_sector_sentiment_risk_budget,2023-04-17,2023-03-31,0.004463536348976174,1.2409804842429206
combined_active_sector_allocation,combined,active_sector_sentiment_risk_budget,2023-04-18,2023-03-31,0.002499122888437252,1.244081846975196
combined_active_sector_allocation,combined,active_sector_sentiment_risk_budget,2023-04-19,2023-03-31,-0.0038999531300089427,1.239229986082098
combined_active_sector_allocation,combined,active_sector_sentiment_risk_budget,2023-04-20,2023-03-31,-0.007773417025229745,1.229596934610112
combined_active_sector_allocation,combined,active_sector_sentiment_risk_budget,2023-04-21,2023-03-31,-0.004212742597645775,1.2244169592257454
combined_active_sector_allocation,combined,active_sector_sentiment_risk_budget,2023-04-24,2023-03-31,0.0006700590994365646,1.2252373909507792
combined_active_sector_allocation,combined,active_sector_sentiment_risk_budget,2023-04-25,2023-03-31,-0.012733626460685567,1.209635675688747
combined_active_sector_allocation,combined,active_sector_sentiment_risk_budget,2023-04-26,2023-03-31,-0.013165435703348757,1.19371029497599
combined_active_sector_allocation,combined,active_sector_sentiment_risk_budget,2023-04-27,2023-03-31,0.014452566488876946,1.2109624723825874
combined_active_sector_allocation,combined,active_sector_sentiment_risk_budget,2023-04-28,2023-03-31,0.008634095509380772,1.2214180380274147
combined_active_sector_allocation,combined,active_sector_sentiment_risk_budget,2023-05-01,2023-04-28,-0.0058188009051242185,1.2143108496422057
combined_active_sector_allocation,combined,active_sector_sentiment_risk_budget,2023-05-02,2023-04-28,-0.017007931804180497,1.1936579335224147
combined_active_sector_allocation,combined,active_sector_sentiment_risk_budget,2023-05-03,2023-04-28,-0.01028037435894239,1.1813866831092827
combined_active_sector_allocation,combined,active_sector_sentiment_risk_budget,2023-05-04,2023-04-28,-0.007640056641115353,1.1723608219352684
combined_active_sector_allocation,combined,active_sector_sentiment_risk_budget,2023-05-05,2023-04-28,0.01946995973187459,1.1951866399295754
combined_active_sector_allocation,combined,active_sector_sentiment_risk_budget,2023-05-08,2023-04-28,-0.004964694572604605,1.1892529033050674
combined_active_sector_allocation,combined,active_sector_sentiment_risk_budget,2023-05-09,2023-04-28,-0.0008615713626819732,1.1882282770605934
combined_active_sector_allocation,combined,active_sector_sentiment_risk_budget,2023-05-10,2023-04-28,-0.004029078267631374,1.1834408123325035
combined_active_sector_allocation,combined,active_sector_sentiment_risk_budget,2023-05-11,2023-04-28,-0.009478131539585285,1.1722240046439023
combined_active_sector_allocation,combined,active_sector_sentiment_risk_budget,2023-05-12,2023-04-28,-2.167340791500098e-05,1.172198598554882
combined_active_sector_allocation,combined,active_sector_sentiment_risk_budget,2023-05-15,2023-04-28,0.005135159065991813,1.178218024815394
combined_active_sector_allocation,combined,active_sector_sentiment_risk_budget,2023-05-16,2023-04-28,-0.014026827552755175,1.1616913637617605
combined_active_sector_allocation,combined,active_sector_sentiment_risk_budget,2023-05-17,2023-04-28,0.014646876645577348,1.1787065138670116
combined_active_sector_allocation,combined,active_sector_sentiment_risk_budget,2023-05-18,2023-04-28,0.0024732446233396276,1.1816217434149285
combined_active_sector_allocation,combined,active_sector_sentiment_risk_budget,2023-05-19,2023-04-28,-0.0015846179063213526,1.1797493244418147
combined_active_sector_allocation,combined,active_sector_sentiment_risk_budget,2023-05-22,2023-04-28,0.0016521393469141994,1.1816984347202204
combined_active_sector_allocation,combined,active_sector_sentiment_risk_budget,2023-05-23,2023-04-28,-0.0036404620169493227,1.1773965064531329
combined_active_sector_allocation,combined,active_sector_sentiment_risk_budget,2023-05-24,2023-04-28,-0.010449866832789726,1.1650928697513059
combined_active_sector_allocation,combined,active_sector_sentiment_risk_budget,2023-05-25,2023-04-28,-0.003787251119375319,1.1606803704761641
combined_active_sector_allocation,combined,active_sector_sentiment_risk_budget,2023-05-26,2023-04-28,0.006719031498575473,1.1684790184451717
combined_active_sector_allocation,combined,active_sector_sentiment_risk_budget,2023-05-30,2023-04-28,-0.0023430624153261167,1.1657411991739557
combined_active_sector_allocation,combined,active_sector_sentiment_risk_budget,2023-05-31,2023-04-28,-0.006794424738246332,1.1578206583318953
combined_active_sector_allocation,combined,active_sector_sentiment_risk_budget,2023-06-01,2023-05-31,0.0022365838463358685,1.1604102213132743
combined_active_sector_allocation,combined,active_sector_sentiment_risk_budget,2023-06-02,2023-05-31,0.022264168286492927,1.1862457897619596
combined_active_sector_allocation,combined,active_sector_sentiment_risk_budget,2023-06-05,2023-05-31,-0.009015901112222599,1.1755507150266753
combined_active_sector_allocation,combined,active_sector_sentiment_risk_budget,2023-06-06,2023-05-31,0.004490896413294804,1.1808299915164346
combined_active_sector_allocation,combined,active_sector_sentiment_risk_budget,2023-06-07,2023-05-31,0.0032311238814937476,1.1846453995020074
combined_active_sector_allocation,combined,active_sector_sentiment_risk_budget,2023-06-08,2023-05-31,0.003916343372161769,1.1892848776607092
combined_active_sector_allocation,combined,active_sector_sentiment_risk_budget,2023-06-09,2023-05-31,-0.004651218297703253,1.183753254076552
combined_active_sector_allocation,combined,active_sector_sentiment_risk_budget,2023-06-12,2023-05-31,0.0033703559759647363,1.1877429239304969
combined_active_sector_allocation,combined,active_sector_sentiment_risk_budget,2023-06-13,2023-05-31,0.007820341230274976,1.197031478889478
combined_active_sector_allocation,combined,active_sector_sentiment_risk_budget,2023-06-14,2023-05-31,-0.005656788429444473,1.190260125070015
combined_active_sector_allocation,combined,active_sector_sentiment_risk_budget,2023-06-15,2023-05-31,0.010100207287862758,1.2022819990596996
combined_active_sector_allocation,combined,active_sector_sentiment_risk_budget,2023-06-16,2023-05-31,0.002779890520867304,1.205624211392295
combined_active_sector_allocation,combined,active_sector_sentiment_risk_budget,2023-06-20,2023-05-31,-0.00705907912452097,1.1971136146896386
combined_active_sector_allocation,combined,active_sector_sentiment_risk_budget,2023-06-21,2023-05-31,0.005222971082146876,1.203366104481207
combined_active_sector_allocation,combined,active_sector_sentiment_risk_budget,2023-06-22,2023-05-31,-0.0025221400075654404,1.2003310466853467
combined_active_sector_allocation,combined,active_sector_sentiment_risk_budget,2023-06-23,2023-05-31,0.0016869273522643938,1.2023559179597725
combined_active_sector_allocation,combined,active_sector_sentiment_risk_budget,2023-06-26,2023-05-31,0.005679694478833608,1.2091849322286015
combined_active_sector_allocation,combined,active_sector_sentiment_risk_budget,2023-06-27,2023-05-31,0.007392042988581415,1.2181232792287802
combined_active_sector_allocation,combined,active_sector_sentiment_risk_budget,2023-06-28,2023-05-31,-0.005839446091030576,1.2110101140074943
combined_active_sector_allocation,combined,active_sector_sentiment_risk_budget,2023-06-29,2023-05-31,0.009021007077728297,1.2219346448171564
combined_active_sector_allocation,combined,active_sector_sentiment_risk_budget,2023-06-30,2023-05-31,0.017027708785049188,1.2427413921034656
combined_active_sector_allocation,combined,active_sector_sentiment_risk_budget,2023-07-03,2023-06-30,0.003771785772137966,1.2474287464046483
combined_active_sector_allocation,combined,active_sector_sentiment_risk_budget,2023-07-05,2023-06-30,-0.002456432254628806,1.2443645221966289
combined_active_sector_allocation,combined,active_sector_sentiment_risk_budget,2023-07-06,2023-06-30,-0.012490422285196801,1.2288218838376759
combined_active_sector_allocation,combined,active_sector_sentiment_risk_budget,2023-07-07,2023-06-30,-0.0016315613551756685,1.2268169855396123
combined_active_sector_allocation,combined,active_sector_sentiment_risk_budget,2023-07-10,2023-06-30,0.005354660854753102,1.2333861744280272
combined_active_sector_allocation,combined,active_sector_sentiment_risk_budget,2023-07-11,2023-06-30,0.010814102570839264,1.246724139027747
combined_active_sector_allocation,combined,active_sector_sentiment_risk_budget,2023-07-12,2023-06-30,0.004829163202493322,1.2527447733636
combined_active_sector_allocation,combined,active_sector_sentiment_risk_budget,2023-07-13,2023-06-30,0.023899739080980035,1.2826850465820514
combined_active_sector_allocation,combined,active_sector_sentiment_risk_budget,2023-07-14,2023-06-30,-0.009230073546102394,1.2708457692656132
combined_active_sector_allocation,combined,active_sector_sentiment_risk_budget,2023-07-17,2023-06-30,-0.006098194198311782,1.2630959049685286
combined_active_sector_allocation,combined,active_sector_sentiment_risk_budget,2023-07-18,2023-06-30,0.0038206887171977635,1.2679218012413807
combined_active_sector_allocation,combined,active_sector_sentiment_risk_budget,2023-07-19,2023-06-30,0.00874065880218258,1.2790042730938802
combined_active_sector_allocation,combined,active_sector_sentiment_risk_budget,2023-07-20,2023-06-30,0.003836373550877117,1.2839110112586363
combined_active_sector_allocation,combined,active_sector_sentiment_risk_budget,2023-07-21,2023-06-30,0.005105494442495512,1.290466011791276
combined_active_sector_allocation,combined,active_sector_sentiment_risk_budget,2023-07-24,2023-06-30,0.00041553743278018116,1.2910022487249058
combined_active_sector_allocation,combined,active_sector_sentiment_risk_budget,2023-07-25,2023-06-30,-0.00010926300787124539,1.2908611899360416
combined_active_sector_allocation,combined,active_sector_sentiment_risk_budget,2023-07-26,2023-06-30,0.004905518492036938,1.2971935333739257
combined_active_sector_allocation,combined,active_sector_sentiment_risk_budget,2023-07-27,2023-06-30,-0.00450644237942802,1.2913478054608096
combined_active_sector_allocation,combined,active_sector_sentiment_risk_budget,2023-07-28,2023-06-30,0.0021065024706493677,1.2940680328034806
combined_active_sector_allocation,combined,active_sector_sentiment_risk_budget,2023-07-31,2023-06-30,-0.0002128523064460373,1.2937925874380003
combined_active_sector_allocation,combined,active_sector_sentiment_risk_budget,2023-08-01,2023-07-31,-0.002323566238516473,1.2907863746621864
combined_active_sector_allocation,combined,active_sector_sentiment_risk_budget,2023-08-02,2023-07-31,-0.017765355398984176,1.2678550959721464
combined_active_sector_allocation,combined,active_sector_sentiment_risk_budget,2023-08-03,2023-07-31,-0.005638545382940113,1.2607062374745157
combined_active_sector_allocation,combined,active_sector_sentiment_risk_budget,2023-08-04,2023-07-31,-0.0010228433067787667,1.2594167325377006
combined_active_sector_allocation,combined,active_sector_sentiment_risk_budget,2023-08-07,2023-07-31,0.007506357953297302,1.2688703653445006
combined_active_sector_allocation,combined,active_sector_sentiment_risk_budget,2023-08-08,2023-07-31,-0.0017702763866288059,1.2666241140990382
combined_active_sector_allocation,combined,active_sector_sentiment_risk_budget,2023-08-09,2023-07-31,-0.0024836340283361496,1.2634782833481506
combined_active_sector_allocation,combined,active_sector_sentiment_risk_budget,2023-08-10,2023-07-31,-0.00025496801543498993,1.2631561367977
combined_active_sector_allocation,combined,active_sector_sentiment_risk_budget,2023-08-11,2023-07-31,0.0016069638990777657,1.2651859831084322
combined_active_sector_allocation,combined,active_sector_sentiment_risk_budget,2023-08-14,2023-07-31,0.003487134693015988,1.2695978570432473
combined_active_sector_allocation,combined,active_sector_sentiment_risk_budget,2023-08-15,2023-07-31,-0.01482148929156064,1.2507805260004925
combined_active_sector_allocation,combined,active_sector_sentiment_risk_budget,2023-08-16,2023-07-31,-0.012148151410124423,1.2355858547898035
combined_active_sector_allocation,combined,active_sector_sentiment_risk_budget,2023-08-17,2023-07-31,-0.012311509857921149,1.220373927358251
combined_active_sector_allocation,combined,active_sector_sentiment_risk_budget,2023-08-18,2023-07-31,0.0025249813699523152,1.2234553487892061
combined_active_sector_allocation,combined,active_sector_sentiment_risk_budget,2023-08-21,2023-07-31,0.0003110174188310954,1.2238358647138414
combined_active_sector_allocation,combined,active_sector_sentiment_risk_budget,2023-08-22,2023-07-31,-0.006873649541045585,1.215423645884036
combined_active_sector_allocation,combined,active_sector_sentiment_risk_budget,2023-08-23,2023-07-31,0.010480308634164458,1.2281616608141621
combined_active_sector_allocation,combined,active_sector_sentiment_risk_budget,2023-08-24,2023-07-31,-0.013544627696779119,1.2115266683669763
combined_active_sector_allocation,combined,active_sector_sentiment_risk_budget,2023-08-25,2023-07-31,0.004886161645049842,1.217446383505906
combined_active_sector_allocation,combined,active_sector_sentiment_risk_budget,2023-08-28,2023-07-31,0.006890930332585718,1.2258357217183036
combined_active_sector_allocation,combined,active_sector_sentiment_risk_budget,2023-08-29,2023-07-31,0.01654755260919824,1.2461203028136718
combined_active_sector_allocation,combined,active_sector_sentiment_risk_budget,2023-08-30,2023-07-31,-8.648553411683222e-06,1.2461095256756756
combined_active_sector_allocation,combined,active_sector_sentiment_risk_budget,2023-08-31,2023-07-31,-0.005481034226568161,1.2392795567153945
combined_active_sector_allocation,combined,active_sector_sentiment_risk_budget,2023-09-01,2023-08-31,0.0037031806312533898,1.243868832766531
combined_active_sector_allocation,combined,active_sector_sentiment_risk_budget,2023-09-05,2023-08-31,-0.008159759595654154,1.233719162122629
combined_active_sector_allocation,combined,active_sector_sentiment_risk_budget,2023-09-06,2023-08-31,-0.0021911057773133253,1.2310159529389202
combined_active_sector_allocation,combined,active_sector_sentiment_risk_budget,2023-09-07,2023-08-31,0.0006247593005630731,1.2317850416046603
combined_active_sector_allocation,combined,active_sector_sentiment_risk_budget,2023-09-08,2023-08-31,0.0018826023274002433,1.234104002990842
combined_active_sector_allocation,combined,active_sector_sentiment_risk_budget,2023-09-11,2023-08-31,-0.0021736493707383334,1.2314214936013153
combined_active_sector_allocation,combined,active_sector_sentiment_risk_budget,2023-09-12,2023-08-31,0.0053822898445925116,1.2380493610007386
combined_active_sector_allocation,combined,active_sector_sentiment_risk_budget,2023-09-13,2023-08-31,-0.0010858382059828941,1.2367050397036714
combined_active_sector_allocation,combined,active_sector_sentiment_risk_budget,2023-09-14,2023-08-31,0.013248308802572762,1.2530892899673636
combined_active_sector_allocation,combined,active_sector_sentiment_risk_budget,2023-09-15,2023-08-31,-0.007588931673353552,1.2435796809651902
combined_active_sector_allocation,combined,active_sector_sentiment_risk_budget,2023-09-18,2023-08-31,0.0019906981766526187,1.2460552727686098
combined_active_sector_allocation,combined,active_sector_sentiment_risk_budget,2023-09-19,2023-08-31,-0.0017873233613027394,1.243828169070116
combined_active_sector_allocation,combined,active_sector_sentiment_risk_budget,2023-09-20,2023-08-31,-0.0053964566268574505,1.2371159043044655
combined_active_sector_allocation,combined,active_sector_sentiment_risk_budget,2023-09-21,2023-08-31,-0.01798873789444083,1.2148617505568884
combined_active_sector_allocation,combined,active_sector_sentiment_risk_budget,2023-09-22,2023-08-31,-0.0019858916515500366,1.2124491667486699
combined_active_sector_allocation,combined,active_sector_sentiment_risk_budget,2023-09-25,2023-08-31,0.0036641138569311303,1.2168917185413783
combined_active_sector_allocation,combined,active_sector_sentiment_risk_budget,2023-09-26,2023-08-31,-0.010568947759831342,1.2040304535387432
combined_active_sector_allocation,combined,active_sector_sentiment_risk_budget,2023-09-27,2023-08-31,0.0014489006019937558,1.2057749739876942
combined_active_sector_allocation,combined,active_sector_sentiment_risk_budget,2023-09-28,2023-08-31,0.005703266527076689,1.212651830036025
combined_active_sector_allocation,combined,active_sector_sentiment_risk_budget,2023-09-29,2023-08-31,-0.002405533062785725,1.2097347559652256
combined_active_sector_allocation,combined,active_sector_sentiment_risk_budget,2023-10-02,2023-09-29,-0.015754010994676985,1.1906765813191065
combined_active_sector_allocation,combined,active_sector_sentiment_risk_budget,2023-10-03,2023-09-29,-0.008077360722958133,1.1810590570674133
combined_active_sector_allocation,combined,active_sector_sentiment_risk_budget,2023-10-04,2023-09-29,0.0026495643402288356,1.1841883490287235
combined_active_sector_allocation,combined,active_sector_sentiment_risk_budget,2023-10-05,2023-09-29,-0.002038724651146334,1.1817741150499583
combined_active_sector_allocation,combined,active_sector_sentiment_risk_budget,2023-10-06,2023-09-29,0.010369355671865832,1.1940283511727159
combined_active_sector_allocation,combined,active_sector_sentiment_risk_budget,2023-10-09,2023-09-29,0.003934793527568003,1.198726606200643
combined_active_sector_allocation,combined,active_sector_sentiment_risk_budget,2023-10-10,2023-09-29,0.006097487474256262,1.2060358266670093
combined_active_sector_allocation,combined,active_sector_sentiment_risk_budget,2023-10-11,2023-09-29,0.0038904138576167915,1.210727805159857
combined_active_sector_allocation,combined,active_sector_sentiment_risk_budget,2023-10-12,2023-09-29,-0.010194767061957575,1.198384717210817
combined_active_sector_allocation,combined,active_sector_sentiment_risk_budget,2023-10-13,2023-09-29,0.00221045420657122,1.2010336917500666
combined_active_sector_allocation,combined,active_sector_sentiment_risk_budget,2023-10-16,2023-09-29,0.011926336801794231,1.2153576240681803
combined_active_sector_allocation,combined,active_sector_sentiment_risk_budget,2023-10-17,2023-09-29,-0.00013181985999056534,1.2151974157963372
combined_active_sector_allocation,combined,active_sector_sentiment_risk_budget,2023-10-18,2023-09-29,-0.01523557811211133,1.1966831806463363
combined_active_sector_allocation,combined,active_sector_sentiment_risk_budget,2023-10-19,2023-09-29,-0.008667575751176477,1.1863108385279253
combined_active_sector_allocation,combined,active_sector_sentiment_risk_budget,2023-10-20,2023-09-29,-0.004790069970228468,1.1806283266049362
combined_active_sector_allocation,combined,active_sector_sentiment_risk_budget,2023-10-23,2023-09-29,-9.963899788215601e-05,1.180510689981602
combined_active_sector_allocation,combined,active_sector_sentiment_risk_budget,2023-10-24,2023-09-29,0.010089900711421611,1.1924219256322883
combined_active_sector_allocation,combined,active_sector_sentiment_risk_budget,2023-10-25,2023-09-29,-0.010599305716798301,1.1797830810990984
combined_active_sector_allocation,combined,active_sector_sentiment_risk_budget,2023-10-26,2023-09-29,0.0026389862971150117,1.182896512483687
combined_active_sector_allocation,combined,active_sector_sentiment_risk_budget,2023-10-27,2023-09-29,-0.010144503383758125,1.1708966148101605
combined_active_sector_allocation,combined,active_sector_sentiment_risk_budget,2023-10-30,2023-09-29,0.007870250269701756,1.180111864208663
combined_active_sector_allocation,combined,active_sector_sentiment_risk_budget,2023-10-31,2023-09-29,0.006600423413492812,1.1879011021877266
combined_active_sector_allocation,combined,active_sector_sentiment_risk_budget,2023-11-01,2023-10-31,0.005676860859619767,1.1946446514598354
combined_active_sector_allocation,combined,active_sector_sentiment_risk_budget,2023-11-02,2023-10-31,0.021730802814633986,1.220605238814266
combined_active_sector_allocation,combined,active_sector_sentiment_risk_budget,2023-11-03,2023-10-31,0.012158585862789428,1.23544607241496
combined_active_sector_allocation,combined,active_sector_sentiment_risk_budget,2023-11-06,2023-10-31,-0.0016068826230780239,1.2334608555894464
combined_active_sector_allocation,combined,active_sector_sentiment_risk_budget,2023-11-07,2023-10-31,-0.004882548415023114,1.227438423243995
combined_active_sector_allocation,combined,active_sector_sentiment_risk_budget,2023-11-08,2023-10-31,0.0009185277031346073,1.2285658594396363
combined_active_sector_allocation,combined,active_sector_sentiment_risk_budget,2023-11-09,2023-10-31,-0.006776112235834311,1.220240959286959
combined_active_sector_allocation,combined,active_sector_sentiment_risk_budget,2023-11-10,2023-10-31,0.009774811679402359,1.2321685848674822
combined_active_sector_allocation,combined,active_sector_sentiment_risk_budget,2023-11-13,2023-10-31,-0.0015107711017512764,1.2303070601769786
combined_active_sector_allocation,combined,active_sector_sentiment_risk_budget,2023-11-14,2023-10-31,0.021025697010611046,1.2561751236542753
combined_active_sector_allocation,combined,active_sector_sentiment_risk_budget,2023-11-15,2023-10-31,0.010355108667873779,1.269182953565595
combined_active_sector_allocation,combined,active_sector_sentiment_risk_budget,2023-11-16,2023-10-31,-0.0024593742555474155,1.2660615576840162
combined_active_sector_allocation,combined,active_sector_sentiment_risk_budget,2023-11-17,2023-10-31,0.001789863501799978,1.2683276350571466
combined_active_sector_allocation,combined,active_sector_sentiment_risk_budget,2023-11-20,2023-10-31,0.003264606610631193,1.2724682258390005
combined_active_sector_allocation,combined,active_sector_sentiment_risk_budget,2023-11-21,2023-10-31,-0.007096409796460398,1.263438269855472
combined_active_sector_allocation,combined,active_sector_sentiment_risk_budget,2023-11-22,2023-10-31,0.006184043290160408,1.2712514268107036
combined_active_sector_allocation,combined,active_sector_sentiment_risk_budget,2023-11-24,2023-10-31,0.0037960148319581086,1.2760771160820248
combined_active_sector_allocation,combined,active_sector_sentiment_risk_budget,2023-11-27,2023-10-31,-0.0013377606925624582,1.274370030275452
combined_active_sector_allocation,combined,active_sector_sentiment_risk_budget,2023-11-28,2023-10-31,0.003700766738371649,1.279086176495873
combined_active_sector_allocation,combined,active_sector_sentiment_risk_budget,2023-11-29,2023-10-31,0.004972079769537896,1.2854458949975236
combined_active_sector_allocation,combined,active_sector_sentiment_risk_budget,2023-11-30,2023-10-31,0.007268037456228905,1.2947885639103212
combined_active_sector_allocation,combined,active_sector_sentiment_risk_budget,2023-12-01,2023-11-30,0.009321308952940434,1.3068576881432634
combined_active_sector_allocation,combined,active_sector_sentiment_risk_budget,2023-12-04,2023-11-30,-0.0008930245780004013,1.3056906321078026
combined_active_sector_allocation,combined,active_sector_sentiment_risk_budget,2023-12-05,2023-11-30,-0.002303166285130924,1.3026834094651205
combined_active_sector_allocation,combined,active_sector_sentiment_risk_budget,2023-12-06,2023-11-30,-0.0013390238287257776,1.300939085338561
combined_active_sector_allocation,combined,active_sector_sentiment_risk_budget,2023-12-07,2023-11-30,0.008885691022583799,1.3124988280900822
combined_active_sector_allocation,combined,active_sector_sentiment_risk_budget,2023-12-08,2023-11-30,0.006813209029420777,1.32144115695673
combined_active_sector_allocation,combined,active_sector_sentiment_risk_budget,2023-12-11,2023-11-30,0.0007992931666287132,1.3224973758435874
combined_active_sector_allocation,combined,active_sector_sentiment_risk_budget,2023-12-12,2023-11-30,0.0017017714875433628,1.324747964170149
combined_active_sector_allocation,combined,active_sector_sentiment_risk_budget,2023-12-13,2023-11-30,0.021249874679602786,1.3528986923908235
combined_active_sector_allocation,combined,active_sector_sentiment_risk_budget,2023-12-14,2023-11-30,0.011471221196741892,1.3684180925480214
combined_active_sector_allocation,combined,active_sector_sentiment_risk_budget,2023-12-15,2023-11-30,-0.005433373933394338,1.3609829653539858
combined_active_sector_allocation,combined,active_sector_sentiment_risk_budget,2023-12-18,2023-11-30,3.978661354734432e-05,1.3610371142572728
combined_active_sector_allocation,combined,active_sector_sentiment_risk_budget,2023-12-19,2023-11-30,0.005838279176435578,1.368983228899797
combined_active_sector_allocation,combined,active_sector_sentiment_risk_budget,2023-12-20,2023-11-30,-0.011713716172248645,1.352947347911896
combined_active_sector_allocation,combined,active_sector_sentiment_risk_budget,2023-12-21,2023-11-30,0.011112137011323783,1.3679814842110003
combined_active_sector_allocation,combined,active_sector_sentiment_risk_budget,2023-12-22,2023-11-30,0.004367579925539955,1.3739562526799507
combined_active_sector_allocation,combined,active_sector_sentiment_risk_budget,2023-12-26,2023-11-30,0.004043413286282056,1.3795117256468072
combined_active_sector_allocation,combined,active_sector_sentiment_risk_budget,2023-12-27,2023-11-30,0.007118366937752972,1.389331596304894
combined_active_sector_allocation,combined,active_sector_sentiment_risk_budget,2023-12-28,2023-11-30,-1.080425097910203e-05,1.3893165856176344
combined_active_sector_allocation,combined,active_sector_sentiment_risk_budget,2023-12-29,2023-11-30,-0.0045962582701197865,1.3829309277711748
combined_aggressive_sector_allocation,combined,aggressive_sector_sentiment_risk_budget,2021-01-04,2020-12-31,-0.0003372881971831509,0.9996627118028169
combined_aggressive_sector_allocation,combined,aggressive_sector_sentiment_risk_budget,2021-01-05,2020-12-31,0.016789473560827148,1.016446522472375
combined_aggressive_sector_allocation,combined,aggressive_sector_sentiment_risk_budget,2021-01-06,2020-12-31,0.04533212397952438,1.062524202247649
combined_aggressive_sector_allocation,combined,aggressive_sector_sentiment_risk_budget,2021-01-07,2020-12-31,0.0088034152952285,1.0718780440612665
combined_aggressive_sector_allocation,combined,aggressive_sector_sentiment_risk_budget,2021-01-08,2020-12-31,0.001199097144844407,1.0731633299635217
combined_aggressive_sector_allocation,combined,aggressive_sector_sentiment_risk_budget,2021-01-11,2020-12-31,-0.02516660860506953,1.0461554484690168
combined_aggressive_sector_allocation,combined,aggressive_sector_sentiment_risk_budget,2021-01-12,2020-12-31,-0.0036601800590595926,1.042326331157854
combined_aggressive_sector_allocation,combined,aggressive_sector_sentiment_risk_budget,2021-01-13,2020-12-31,0.015176767534517199,1.0581454755809427
combined_aggressive_sector_allocation,combined,aggressive_sector_sentiment_risk_budget,2021-01-14,2020-12-31,0.003460761217368988,1.0618074644051676
combined_aggressive_sector_allocation,combined,aggressive_sector_sentiment_risk_budget,2021-01-15,2020-12-31,-0.012772122993024411,1.0482459288748733
combined_aggressive_sector_allocation,combined,aggressive_sector_sentiment_risk_budget,2021-01-19,2020-12-31,0.007636680548075921,1.0562510481695118
combined_aggressive_sector_allocation,combined,aggressive_sector_sentiment_risk_budget,2021-01-20,2020-12-31,0.006610915924217553,1.063233835043827
combined_aggressive_sector_allocation,combined,aggressive_sector_sentiment_risk_budget,2021-01-21,2020-12-31,-0.032570218577419846,1.0286040766375413
combined_aggressive_sector_allocation,combined,aggressive_sector_sentiment_risk_budget,2021-01-22,2020-12-31,0.010525879008408807,1.0394310386957841
combined_aggressive_sector_allocation,combined,aggressive_sector_sentiment_risk_budget,2021-01-25,2020-12-31,-0.0024416263994671943,1.0368931364312788
combined_aggressive_sector_allocation,combined,aggressive_sector_sentiment_risk_budget,2021-01-26,2020-12-31,-0.005054916800675274,1.0316517278954274
combined_aggressive_sector_allocation,combined,aggressive_sector_sentiment_risk_budget,2021-01-27,2020-12-31,-0.036936964117030575,0.9935456450408813
combined_aggressive_sector_allocation,combined,aggressive_sector_sentiment_risk_budget,2021-01-28,2020-12-31,0.027688061984801407,1.0210549984455026
combined_aggressive_sector_allocation,combined,aggressive_sector_sentiment_risk_budget,2021-01-29,2020-12-31,-0.005588227162813082,1.0153491111684634
combined_aggressive_sector_allocation,combined,aggressive_sector_sentiment_risk_budget,2021-02-01,2021-01-29,0.008460652437798625,1.0239396271010874
combined_aggressive_sector_allocation,combined,aggressive_sector_sentiment_risk_budget,2021-02-02,2021-01-29,0.019148301720268348,1.043546332024158
combined_aggressive_sector_allocation,combined,aggressive_sector_sentiment_risk_budget,2021-02-03,2021-01-29,0.006503880804603441,1.0503334329817242
combined_aggressive_sector_allocation,combined,aggressive_sector_sentiment_risk_budget,2021-02-04,2021-01-29,0.002177408219020088,1.05262043763141
combined_aggressive_sector_allocation,combined,aggressive_sector_sentiment_risk_budget,2021-02-05,2021-01-29,0.02233296617519677,1.0761285742603532
combined_aggressive_sector_allocation,combined,aggressive_sector_sentiment_risk_budget,2021-02-08,2021-01-29,0.021144685549171885,1.098882974573567
combined_aggressive_sector_allocation,combined,aggressive_sector_sentiment_risk_budget,2021-02-09,2021-01-29,0.010250709469275344,1.110147304686654
combined_aggressive_sector_allocation,combined,aggressive_sector_sentiment_risk_budget,2021-02-10,2021-01-29,0.008584589117238533,1.1196774631569986
combined_aggressive_sector_allocation,combined,aggressive_sector_sentiment_risk_budget,2021-02-11,2021-01-29,0.015023120074668654,1.1364985121309066
combined_aggressive_sector_allocation,combined,aggressive_sector_sentiment_risk_budget,2021-02-12,2021-01-29,0.012677795190503384,1.1509068075020141
combined_aggressive_sector_allocation,combined,aggressive_sector_sentiment_risk_budget,2021-02-16,2021-01-29,-0.0049965913034798,1.1451561965565338
combined_aggressive_sector_allocation,combined,aggressive_sector_sentiment_risk_budget,2021-02-17,2021-01-29,0.011476737543951593,1.1582988536712429
combined_aggressive_sector_allocation,combined,aggressive_sector_sentiment_risk_budget,2021-02-18,2021-01-29,-0.0013505335066217412,1.1567345322586784
combined_aggressive_sector_allocation,combined,aggressive_sector_sentiment_risk_budget,2021-02-19,2021-01-29,0.005153357221690613,1.1626955985140726
combined_aggressive_sector_allocation,combined,aggressive_sector_sentiment_risk_budget,2021-02-22,2021-01-29,-0.014362694608043843,1.1459961567104981
combined_aggressive_sector_allocation,combined,aggressive_sector_sentiment_risk_budget,2021-02-23,2021-01-29,-0.03197681116598405,1.109350854010423
combined_aggressive_sector_allocation,combined,aggressive_sector_sentiment_risk_budget,2021-02-24,2021-01-29,0.012558181640790526,1.123282283538452
combined_aggressive_sector_allocation,combined,aggressive_sector_sentiment_risk_budget,2021-02-25,2021-01-29,-0.021605293201746575,1.0990134404542764
combined_aggressive_sector_allocation,combined,aggressive_sector_sentiment_risk_budget,2021-02-26,2021-01-29,-0.009772853732714464,1.0882729428504294
combined_aggressive_sector_allocation,combined,aggressive_sector_sentiment_risk_budget,2021-03-01,2021-02-26,0.029412828054313077,1.1202821277946504
combined_aggressive_sector_allocation,combined,aggressive_sector_sentiment_risk_budget,2021-03-02,2021-02-26,-0.004596462068410267,1.1151327934883244
combined_aggressive_sector_allocation,combined,aggressive_sector_sentiment_risk_budget,2021-03-03,2021-02-26,0.0034392825256683267,1.1189680502187687
combined_aggressive_sector_allocation,combined,aggressive_sector_sentiment_risk_budget,2021-03-04,2021-02-26,-0.010443316587758584,1.1072823126187472
combined_aggressive_sector_allocation,combined,aggressive_sector_sentiment_risk_budget,2021-03-05,2021-02-26,0.010801937091086324,1.1192431065017274
combined_aggressive_sector_allocation,combined,aggressive_sector_sentiment_risk_budget,2021-03-08,2021-02-26,0.00762365772663688,1.1277758328585943
combined_aggressive_sector_allocation,combined,aggressive_sector_sentiment_risk_budget,2021-03-09,2021-02-26,0.01173501772913671,1.1410103022516818
combined_aggressive_sector_allocation,combined,aggressive_sector_sentiment_risk_budget,2021-03-10,2021-02-26,0.002721350238184832,1.1441153909094857
combined_aggressive_sector_allocation,combined,aggressive_sector_sentiment_risk_budget,2021-03-11,2021-02-26,0.001970308391359205,1.1463696510648778
combined_aggressive_sector_allocation,combined,aggressive_sector_sentiment_risk_budget,2021-03-12,2021-02-26,0.0035236539076125683,1.1504090609654212
combined_aggressive_sector_allocation,combined,aggressive_sector_sentiment_risk_budget,2021-03-15,2021-02-26,-0.0012585643699915732,1.1489611971103746
combined_aggressive_sector_allocation,combined,aggressive_sector_sentiment_risk_budget,2021-03-16,2021-02-26,0.008204630303509958,1.1583879989657435
combined_aggressive_sector_allocation,combined,aggressive_sector_sentiment_risk_budget,2021-03-17,2021-02-26,0.008693485520935629,1.1684584282623778
combined_aggressive_sector_allocation,combined,aggressive_sector_sentiment_risk_budget,2021-03-18,2021-02-26,-0.010695107761353417,1.1559616394574501
combined_aggressive_sector_allocation,combined,aggressive_sector_sentiment_risk_budget,2021-03-19,2021-02-26,-0.001265897964102666,1.15449830997148
combined_aggressive_sector_allocation,combined,aggressive_sector_sentiment_risk_budget,2021-03-22,2021-02-26,-0.0023626706237787148,1.1517706107293082
combined_aggressive_sector_allocation,combined,aggressive_sector_sentiment_risk_budget,2021-03-23,2021-02-26,-0.007635560557603935,1.1429761964826162
combined_aggressive_sector_allocation,combined,aggressive_sector_sentiment_risk_budget,2021-03-24,2021-02-26,-0.016688377356668446,1.1239017784060248
combined_aggressive_sector_allocation,combined,aggressive_sector_sentiment_risk_budget,2021-03-25,2021-02-26,0.007128750412344057,1.131913793672271
combined_aggressive_sector_allocation,combined,aggressive_sector_sentiment_risk_budget,2021-03-26,2021-02-26,0.03140227524223875,1.1674584621716542
combined_aggressive_sector_allocation,combined,aggressive_sector_sentiment_risk_budget,2021-03-29,2021-02-26,0.008924372662323975,1.1778772965558577
combined_aggressive_sector_allocation,combined,aggressive_sector_sentiment_risk_budget,2021-03-30,2021-02-26,0.0015222223854590828,1.1796702877439993
combined_aggressive_sector_allocation,combined,aggressive_sector_sentiment_risk_budget,2021-03-31,2021-02-26,0.01167003998496861,1.1934370871710511
combined_aggressive_sector_allocation,combined,aggressive_sector_sentiment_risk_budget,2021-04-01,2021-03-31,0.016426221229967605,1.2130407487889707
combined_aggressive_sector_allocation,combined,aggressive_sector_sentiment_risk_budget,2021-04-05,2021-03-31,0.025869737380901446,1.2444217943924734
combined_aggressive_sector_allocation,combined,aggressive_sector_sentiment_risk_budget,2021-04-06,2021-03-31,0.005702367328071737,1.2515179445751574
combined_aggressive_sector_allocation,combined,aggressive_sector_sentiment_risk_budget,2021-04-07,2021-03-31,-0.015321057457494212,1.2323433662372363
combined_aggressive_sector_allocation,combined,aggressive_sector_sentiment_risk_budget,2021-04-08,2021-03-31,0.01270314115644625,1.247997997971758
combined_aggressive_sector_allocation,combined,aggressive_sector_sentiment_risk_budget,2021-04-09,2021-03-31,-0.003267699296028116,1.243919915792341
combined_aggressive_sector_allocation,combined,aggressive_sector_sentiment_risk_budget,2021-04-12,2021-03-31,-0.0015380391770439695,1.2420067182287473
combined_aggressive_sector_allocation,combined,aggressive_sector_sentiment_risk_budget,2021-04-13,2021-03-31,0.02404448418860613,1.2718701291273409
combined_aggressive_sector_allocation,combined,aggressive_sector_sentiment_risk_budget,2021-04-14,2021-03-31,0.007909725352768777,1.2819302725331285
combined_aggressive_sector_allocation,combined,aggressive_sector_sentiment_risk_budget,2021-04-15,2021-03-31,0.019496494028111745,1.3069234184360263
combined_aggressive_sector_allocation,combined,aggressive_sector_sentiment_risk_budget,2021-04-16,2021-03-31,0.010191385993343245,1.3202427794570477
combined_aggressive_sector_allocation,combined,aggressive_sector_sentiment_risk_budget,2021-04-19,2021-03-31,-0.016716228027885714,1.298173300103474
combined_aggressive_sector_allocation,combined,aggressive_sector_sentiment_risk_budget,2021-04-20,2021-03-31,-0.002909943296844072,1.294395689410696
combined_aggressive_sector_allocation,combined,aggressive_sector_sentiment_risk_budget,2021-04-21,2021-03-31,0.0014688396085368745,1.296296949068422
combined_aggressive_sector_allocation,combined,aggressive_sector_sentiment_risk_budget,2021-04-22,2021-03-31,-0.018146023720391133,1.2727743138819558
combined_aggressive_sector_allocation,combined,aggressive_sector_sentiment_risk_budget,2021-04-23,2021-03-31,0.003850938487111803,1.277675689472691
combined_aggressive_sector_allocation,combined,aggressive_sector_sentiment_risk_budget,2021-04-26,2021-03-31,0.031975724299811284,1.3185302950638411
combined_aggressive_sector_allocation,combined,aggressive_sector_sentiment_risk_budget,2021-04-27,2021-03-31,0.010396464353143191,1.3322383482750115
combined_aggressive_sector_allocation,combined,aggressive_sector_sentiment_risk_budget,2021-04-28,2021-03-31,0.0016925008483510478,1.3344931628096728
combined_aggressive_sector_allocation,combined,aggressive_sector_sentiment_risk_budget,2021-04-29,2021-03-31,0.004702129784634345,1.3407681228579111
combined_aggressive_sector_allocation,combined,aggressive_sector_sentiment_risk_budget,2021-04-30,2021-03-31,0.007533974028462195,1.3508694350737125
combined_aggressive_sector_allocation,combined,aggressive_sector_sentiment_risk_budget,2021-05-03,2021-04-30,0.016922979169773623,1.3737301703845488
combined_aggressive_sector_allocation,combined,aggressive_sector_sentiment_risk_budget,2021-05-04,2021-04-30,-0.006363737751512665,1.3649881118388807
combined_aggressive_sector_allocation,combined,aggressive_sector_sentiment_risk_budget,2021-05-05,2021-04-30,0.05432073496263919,1.4391352692892336
combined_aggressive_sector_allocation,combined,aggressive_sector_sentiment_risk_budget,2021-05-06,2021-04-30,0.02710118480382638,1.4781375401799455
combined_aggressive_sector_allocation,combined,aggressive_sector_sentiment_risk_budget,2021-05-07,2021-04-30,7.012105257443051e-05,1.4782411887401126
combined_aggressive_sector_allocation,combined,aggressive_sector_sentiment_risk_budget,2021-05-10,2021-04-30,-0.016575373730381954,1.453738788573101
combined_aggressive_sector_allocation,combined,aggressive_sector_sentiment_risk_budget,2021-05-11,2021-04-30,0.016007812210393293,1.4770099661035438
combined_aggressive_sector_allocation,combined,aggressive_sector_sentiment_risk_budget,2021-05-12,2021-04-30,-0.0456413515808379,1.4095972349522106
combined_aggressive_sector_allocation,combined,aggressive_sector_sentiment_risk_budget,2021-05-13,2021-04-30,0.01741270486082066,1.4341421355770623
combined_aggressive_sector_allocation,combined,aggressive_sector_sentiment_risk_budget,2021-05-14,2021-04-30,0.023365993844310023,1.4676522918888215
combined_aggressive_sector_allocation,combined,aggressive_sector_sentiment_risk_budget,2021-05-17,2021-04-30,-0.011063290504953142,1.4514152282233952
combined_aggressive_sector_allocation,combined,aggressive_sector_sentiment_risk_budget,2021-05-18,2021-04-30,-0.006199849009481458,1.442416672958348
combined_aggressive_sector_allocation,combined,aggressive_sector_sentiment_risk_budget,2021-05-19,2021-04-30,-0.06594103633849122,1.347302222711556
combined_aggressive_sector_allocation,combined,aggressive_sector_sentiment_risk_budget,2021-05-20,2021-04-30,0.03613354739135941,1.3959850314263877
combined_aggressive_sector_allocation,combined,aggressive_sector_sentiment_risk_budget,2021-05-21,2021-04-30,-0.025910184973857907,1.3598148010413933
combined_aggressive_sector_allocation,combined,aggressive_sector_sentiment_risk_budget,2021-05-24,2021-04-30,0.0553698384239064,1.4351075268614915
combined_aggressive_sector_allocation,combined,aggressive_sector_sentiment_risk_budget,2021-05-25,2021-04-30,-0.004848666266918404,1.4281491694065975
combined_aggressive_sector_allocation,combined,aggressive_sector_sentiment_risk_budget,2021-05-26,2021-04-30,0.01821565159352185,1.4541638371000858
combined_aggressive_sector_allocation,combined,aggressive_sector_sentiment_risk_budget,2021-05-27,2021-04-30,-0.005046713901639031,1.446825088248132
combined_aggressive_sector_allocation,combined,aggressive_sector_sentiment_risk_budget,2021-05-28,2021-04-30,-0.015217441519907482,1.424808112078181
combined_aggressive_sector_allocation,combined,aggressive_sector_sentiment_risk_budget,2021-06-01,2021-05-28,-0.0016295673717577597,1.4224862912677225
combined_aggressive_sector_allocation,combined,aggressive_sector_sentiment_risk_budget,2021-06-02,2021-05-28,0.003003984666359207,1.426759418274797
combined_aggressive_sector_allocation,combined,aggressive_sector_sentiment_risk_budget,2021-06-03,2021-05-28,0.008628472339711831,1.4390701724508044
combined_aggressive_sector_allocation,combined,aggressive_sector_sentiment_risk_budget,2021-06-04,2021-05-28,-0.009952858385366144,1.424747310817797
combined_aggressive_sector_allocation,combined,aggressive_sector_sentiment_risk_budget,2021-06-07,2021-05-28,-0.01837298406327816,1.3985704511819432
combined_aggressive_sector_allocation,combined,aggressive_sector_sentiment_risk_budget,2021-06-08,2021-05-28,-0.0038290356277135085,1.3932152750965001
combined_aggressive_sector_allocation,combined,aggressive_sector_sentiment_risk_budget,2021-06-09,2021-05-28,0.010358995530111,1.4076475859037072
combined_aggressive_sector_allocation,combined,aggressive_sector_sentiment_risk_budget,2021-06-10,2021-05-28,-0.006345796911428687,1.3987149402006995
combined_aggressive_sector_allocation,combined,aggressive_sector_sentiment_risk_budget,2021-06-11,2021-05-28,-0.006896719439110124,1.3890683956828436
combined_aggressive_sector_allocation,combined,aggressive_sector_sentiment_risk_budget,2021-06-14,2021-05-28,0.0006270198361388237,1.3899393691206903
combined_aggressive_sector_allocation,combined,aggressive_sector_sentiment_risk_budget,2021-06-15,2021-05-28,0.00022743127094756012,1.3902554847979496
combined_aggressive_sector_allocation,combined,aggressive_sector_sentiment_risk_budget,2021-06-16,2021-05-28,-0.022267190438449762,1.3592984011598543
combined_aggressive_sector_allocation,combined,aggressive_sector_sentiment_risk_budget,2021-06-17,2021-05-28,-0.0036237255235819117,1.3543726768494073
combined_aggressive_sector_allocation,combined,aggressive_sector_sentiment_risk_budget,2021-06-18,2021-05-28,-0.024389415619130946,1.3213403187305321
combined_aggressive_sector_allocation,combined,aggressive_sector_sentiment_risk_budget,2021-06-21,2021-05-28,-0.026216129406814007,1.2866998899442517
combined_aggressive_sector_allocation,combined,aggressive_sector_sentiment_risk_budget,2021-06-22,2021-05-28,-0.0066670488029643375,1.2781213989832245
combined_aggressive_sector_allocation,combined,aggressive_sector_sentiment_risk_budget,2021-06-23,2021-05-28,0.01318215563813146,1.2949697941890477
combined_aggressive_sector_allocation,combined,aggressive_sector_sentiment_risk_budget,2021-06-24,2021-05-28,0.016368674695205254,1.316166733490245
combined_aggressive_sector_allocation,combined,aggressive_sector_sentiment_risk_budget,2021-06-25,2021-05-28,-0.006774589834308598,1.3072502437172868
combined_aggressive_sector_allocation,combined,aggressive_sector_sentiment_risk_budget,2021-06-28,2021-05-28,0.0032661110669303466,1.3115198682055391
combined_aggressive_sector_allocation,combined,aggressive_sector_sentiment_risk_budget,2021-06-29,2021-05-28,0.013144949194425843,1.328759730240581
combined_aggressive_sector_allocation,combined,aggressive_sector_sentiment_risk_budget,2021-06-30,2021-05-28,0.005063679250974377,1.3354881433161305
combined_aggressive_sector_allocation,combined,aggressive_sector_sentiment_risk_budget,2021-07-01,2021-06-30,-0.004997379279763892,1.3288142025403522
combined_aggressive_sector_allocation,combined,aggressive_sector_sentiment_risk_budget,2021-07-02,2021-06-30,0.0042504257756253655,1.3344622286778467
combined_aggressive_sector_allocation,combined,aggressive_sector_sentiment_risk_budget,2021-07-06,2021-06-30,-0.004926205976684583,1.3278883928712741
combined_aggressive_sector_allocation,combined,aggressive_sector_sentiment_risk_budget,2021-07-07,2021-06-30,-0.004411867352104815,1.3220299254235264
combined_aggressive_sector_allocation,combined,aggressive_sector_sentiment_risk_budget,2021-07-08,2021-06-30,-0.014700440247224673,1.302595503499795
combined_aggressive_sector_allocation,combined,aggressive_sector_sentiment_risk_budget,2021-07-09,2021-06-30,0.01621467529334662,1.3237166666276172
combined_aggressive_sector_allocation,combined,aggressive_sector_sentiment_risk_budget,2021-07-12,2021-06-30,-0.0017783318130934044,1.3213626591678314
combined_aggressive_sector_allocation,combined,aggressive_sector_sentiment_risk_budget,2021-07-13,2021-06-30,-0.011295576714679161,1.3064371058832887
combined_aggressive_sector_allocation,combined,aggressive_sector_sentiment_risk_budget,2021-07-14,2021-06-30,-0.002780759923396833,1.3028042179368098
combined_aggressive_sector_allocation,combined,aggressive_sector_sentiment_risk_budget,2021-07-15,2021-06-30,-0.010253738148458274,1.2894456046273788
combined_aggressive_sector_allocation,combined,aggressive_sector_sentiment_risk_budget,2021-07-16,2021-06-30,-0.014546955424734435,1.2706880968942447
combined_aggressive_sector_allocation,combined,aggressive_sector_sentiment_risk_budget,2021-07-19,2021-06-30,-0.023208260378461666,1.241197636681711
combined_aggressive_sector_allocation,combined,aggressive_sector_sentiment_risk_budget,2021-07-20,2021-06-30,0.0022247861384180234,1.2439590359788375
combined_aggressive_sector_allocation,combined,aggressive_sector_sentiment_risk_budget,2021-07-21,2021-06-30,0.028194705401987222,1.279032094530401
combined_aggressive_sector_allocation,combined,aggressive_sector_sentiment_risk_budget,2021-07-22,2021-06-30,0.005644380613559144,1.2862514384888883
combined_aggressive_sector_allocation,combined,aggressive_sector_sentiment_risk_budget,2021-07-23,2021-06-30,0.008757220849948639,1.2975154264042996
combined_aggressive_sector_allocation,combined,aggressive_sector_sentiment_risk_budget,2021-07-26,2021-06-30,0.010019032933835381,1.3105152761936039
combined_aggressive_sector_allocation,combined,aggressive_sector_sentiment_risk_budget,2021-07-27,2021-06-30,0.0009016300300429207,1.3116968761214498
combined_aggressive_sector_allocation,combined,aggressive_sector_sentiment_risk_budget,2021-07-28,2021-06-30,0.0092587367039757,1.3238415321328856
combined_aggressive_sector_allocation,combined,aggressive_sector_sentiment_risk_budget,2021-07-29,2021-06-30,0.009762328180770292,1.3367653076289008
combined_aggressive_sector_allocation,combined,aggressive_sector_sentiment_risk_budget,2021-07-30,2021-06-30,0.0002506778311169845,1.3371004050569295
combined_aggressive_sector_allocation,combined,aggressive_sector_sentiment_risk_budget,2021-08-02,2021-07-30,-0.0006606346273107818,1.3362170702291576
combined_aggressive_sector_allocation,combined,aggressive_sector_sentiment_risk_budget,2021-08-03,2021-07-30,0.0017704398430501336,1.338582762169255
combined_aggressive_sector_allocation,combined,aggressive_sector_sentiment_risk_budget,2021-08-04,2021-07-30,0.0010478914105387825,1.3399854515480274
combined_aggressive_sector_allocation,combined,aggressive_sector_sentiment_risk_budget,2021-08-05,2021-07-30,0.007785569751144763,1.350418001746574
combined_aggressive_sector_allocation,combined,aggressive_sector_sentiment_risk_budget,2021-08-06,2021-07-30,0.00887467604166932,1.3624025240329132
combined_aggressive_sector_allocation,combined,aggressive_sector_sentiment_risk_budget,2021-08-09,2021-07-30,0.009996862993090473,1.3760222754071108
combined_aggressive_sector_allocation,combined,aggressive_sector_sentiment_risk_budget,2021-08-10,2021-07-30,0.01025490991133657,1.390133259877403
combined_aggressive_sector_allocation,combined,aggressive_sector_sentiment_risk_budget,2021-08-11,2021-07-30,0.02014117410348802,1.4181321758916432
combined_aggressive_sector_allocation,combined,aggressive_sector_sentiment_risk_budget,2021-08-12,2021-07-30,-0.003016671100833466,1.4138541375394689
combined_aggressive_sector_allocation,combined,aggressive_sector_sentiment_risk_budget,2021-08-13,2021-07-30,0.02136833259930077,1.44406584299731
combined_aggressive_sector_allocation,combined,aggressive_sector_sentiment_risk_budget,2021-08-16,2021-07-30,-0.00896882861344413,1.4311142639449383
combined_aggressive_sector_allocation,combined,aggressive_sector_sentiment_risk_budget,2021-08-17,2021-07-30,-0.018107300096279075,1.4052006484956219
combined_aggressive_sector_allocation,combined,aggressive_sector_sentiment_risk_budget,2021-08-18,2021-07-30,-0.006888380886582526,1.3955210912067113
combined_aggressive_sector_allocation,combined,aggressive_sector_sentiment_risk_budget,2021-08-19,2021-07-30,0.008190625115784694,1.4069512813059561
combined_aggressive_sector_allocation,combined,aggressive_sector_sentiment_risk_budget,2021-08-20,2021-07-30,0.011692184125109143,1.4234016147420436
combined_aggressive_sector_allocation,combined,aggressive_sector_sentiment_risk_budget,2021-08-23,2021-07-30,0.01045796420369088,1.4382874978764917
combined_aggressive_sector_allocation,combined,aggressive_sector_sentiment_risk_budget,2021-08-24,2021-07-30,-0.011595226830743119,1.4216102280907918
combined_aggressive_sector_allocation,combined,aggressive_sector_sentiment_risk_budget,2021-08-25,2021-07-30,0.0044646899724663895,1.4279572770209044
combined_aggressive_sector_allocation,combined,aggressive_sector_sentiment_risk_budget,2021-08-26,2021-07-30,-0.01780667646421987,1.4025301037842648
combined_aggressive_sector_allocation,combined,aggressive_sector_sentiment_risk_budget,2021-08-27,2021-07-30,0.022607003101329112,1.434237106190223
combined_aggressive_sector_allocation,combined,aggressive_sector_sentiment_risk_budget,2021-08-30,2021-07-30,-0.008086889245859444,1.4226385895601608
combined_aggressive_sector_allocation,combined,aggressive_sector_sentiment_risk_budget,2021-08-31,2021-07-30,0.005509470178686622,1.4304765744443912
combined_aggressive_sector_allocation,combined,aggressive_sector_sentiment_risk_budget,2021-09-01,2021-08-31,0.010326947804334144,1.4452490313640012
combined_aggressive_sector_allocation,combined,aggressive_sector_sentiment_risk_budget,2021-09-02,2021-08-31,0.006170851344506087,1.4541674482923397
combined_aggressive_sector_allocation,combined,aggressive_sector_sentiment_risk_budget,2021-09-03,2021-08-31,0.0074375787532728055,1.4649829332094597
combined_aggressive_sector_allocation,combined,aggressive_sector_sentiment_risk_budget,2021-09-07,2021-08-31,-0.04238201981567842,1.4028939975045456
combined_aggressive_sector_allocation,combined,aggressive_sector_sentiment_risk_budget,2021-09-08,2021-08-31,0.001559459683915629,1.4050817541344611
combined_aggressive_sector_allocation,combined,aggressive_sector_sentiment_risk_budget,2021-09-09,2021-08-31,-0.00579732622415812,1.3969360368341315
combined_aggressive_sector_allocation,combined,aggressive_sector_sentiment_risk_budget,2021-09-10,2021-08-31,-0.011931670057392908,1.3802682569513445
combined_aggressive_sector_allocation,combined,aggressive_sector_sentiment_risk_budget,2021-09-13,2021-08-31,-0.007797287745418279,1.369505908186028
combined_aggressive_sector_allocation,combined,aggressive_sector_sentiment_risk_budget,2021-09-14,2021-08-31,0.00234930312701967,1.3727232926986013
combined_aggressive_sector_allocation,combined,aggressive_sector_sentiment_risk_budget,2021-09-15,2021-08-31,0.010867476851862101,1.3876413313060154
combined_aggressive_sector_allocation,combined,aggressive_sector_sentiment_risk_budget,2021-09-16,2021-08-31,-0.007933393017425638,1.376632627257541
combined_aggressive_sector_allocation,combined,aggressive_sector_sentiment_risk_budget,2021-09-17,2021-08-31,-0.014978716469673685,1.3560124374509486
combined_aggressive_sector_allocation,combined,aggressive_sector_sentiment_risk_budget,2021-09-20,2021-08-31,-0.033646374708858645,1.3103875348706011
combined_aggressive_sector_allocation,combined,aggressive_sector_sentiment_risk_budget,2021-09-21,2021-08-31,-0.011606764640307625,1.2951781751657652
combined_aggressive_sector_allocation,combined,aggressive_sector_sentiment_risk_budget,2021-09-22,2021-08-31,0.025270946435759497,1.3279085534551438
combined_aggressive_sector_allocation,combined,aggressive_sector_sentiment_risk_budget,2021-09-23,2021-08-31,0.009131407883815279,1.3400342280891497
combined_aggressive_sector_allocation,combined,aggressive_sector_sentiment_risk_budget,2021-09-24,2021-08-31,-0.015329479421150803,1.3194922009660195
combined_aggressive_sector_allocation,combined,aggressive_sector_sentiment_risk_budget,2021-09-27,2021-08-31,-0.008769295815891379,1.3079211835289868
combined_aggressive_sector_allocation,combined,aggressive_sector_sentiment_risk_budget,2021-09-28,2021-08-31,-0.017266383665901976,1.2853381145694147
combined_aggressive_sector_allocation,combined,aggressive_sector_sentiment_risk_budget,2021-09-29,2021-08-31,0.00989647195948526,1.2980584271787086
combined_aggressive_sector_allocation,combined,aggressive_sector_sentiment_risk_budget,2021-09-30,2021-08-31,0.0018158122803034727,1.300415457611331
combined_aggressive_sector_allocation,combined,aggressive_sector_sentiment_risk_budget,2021-10-01,2021-09-30,0.026993985693205217,1.3355188538693143
combined_aggressive_sector_allocation,combined,aggressive_sector_sentiment_risk_budget,2021-10-04,2021-09-30,-0.00638696225620534,1.3269889453572004
combined_aggressive_sector_allocation,combined,aggressive_sector_sentiment_risk_budget,2021-10-05,2021-09-30,0.010742814937317541,1.3412445420210388
combined_aggressive_sector_allocation,combined,aggressive_sector_sentiment_risk_budget,2021-10-06,2021-09-30,0.006618284088993022,1.3501212794329454
combined_aggressive_sector_allocation,combined,aggressive_sector_sentiment_risk_budget,2021-10-07,2021-09-30,0.005330633710364659,1.3573182814381712
combined_aggressive_sector_allocation,combined,aggressive_sector_sentiment_risk_budget,2021-10-08,2021-09-30,-0.003823536603177344,1.3521285253069306
combined_aggressive_sector_allocation,combined,aggressive_sector_sentiment_risk_budget,2021-10-11,2021-09-30,-0.003585650292653105,1.347280265264459
combined_aggressive_sector_allocation,combined,aggressive_sector_sentiment_risk_budget,2021-10-12,2021-09-30,-0.006609524967755893,1.3383753827126288
combined_aggressive_sector_allocation,combined,aggressive_sector_sentiment_risk_budget,2021-10-13,2021-09-30,0.008389705144724341,1.3496039575465453
combined_aggressive_sector_allocation,combined,aggressive_sector_sentiment_risk_budget,2021-10-14,2021-09-30,0.010774700972528388,1.36414553662045
combined_aggressive_sector_allocation,combined,aggressive_sector_sentiment_risk_budget,2021-10-15,2021-09-30,0.007435488960850072,1.3742886256989844
combined_aggressive_sector_allocation,combined,aggressive_sector_sentiment_risk_budget,2021-10-18,2021-09-30,-0.003912117705832598,1.3689122468334631
combined_aggressive_sector_allocation,combined,aggressive_sector_sentiment_risk_budget,2021-10-19,2021-09-30,0.010051771209938172,1.3826722395451154
combined_aggressive_sector_allocation,combined,aggressive_sector_sentiment_risk_budget,2021-10-20,2021-09-30,0.017874151263012637,1.4073863323019133
combined_aggressive_sector_allocation,combined,aggressive_sector_sentiment_risk_budget,2021-10-21,2021-09-30,-0.005427381068875013,1.3997479103653845
combined_aggressive_sector_allocation,combined,aggressive_sector_sentiment_risk_budget,2021-10-22,2021-09-30,-0.00028906234901355415,1.3993432959463874
combined_aggressive_sector_allocation,combined,aggressive_sector_sentiment_risk_budget,2021-10-25,2021-09-30,0.007203392720725876,1.409423315258204
combined_aggressive_sector_allocation,combined,aggressive_sector_sentiment_risk_budget,2021-10-26,2021-09-30,0.0014824171017977573,1.4115126684844153
combined_aggressive_sector_allocation,combined,aggressive_sector_sentiment_risk_budget,2021-10-27,2021-09-30,-0.028976767466249265,1.3706115941140775
combined_aggressive_sector_allocation,combined,aggressive_sector_sentiment_risk_budget,2021-10-28,2021-09-30,0.019162504600757094,1.3968759450921395
combined_aggressive_sector_allocation,combined,aggressive_sector_sentiment_risk_budget,2021-10-29,2021-09-30,0.0037937793619216235,1.4021753842237947
combined_aggressive_sector_allocation,combined,aggressive_sector_sentiment_risk_budget,2021-11-01,2021-10-29,0.005390631985050365,1.4097339956986417
combined_aggressive_sector_allocation,combined,aggressive_sector_sentiment_risk_budget,2021-11-02,2021-10-29,0.010433800932122386,1.4244428795770068
combined_aggressive_sector_allocation,combined,aggressive_sector_sentiment_risk_budget,2021-11-03,2021-10-29,0.007710199406278416,1.435425618221399
combined_aggressive_sector_allocation,combined,aggressive_sector_sentiment_risk_budget,2021-11-04,2021-10-29,0.0006344038030949268,1.4363362576926586
combined_aggressive_sector_allocation,combined,aggressive_sector_sentiment_risk_budget,2021-11-05,2021-10-29,0.0025683953209292456,1.4400253370161975
combined_aggressive_sector_allocation,combined,aggressive_sector_sentiment_risk_budget,2021-11-08,2021-10-29,0.017234135619563433,1.464842928969942
combined_aggressive_sector_allocation,combined,aggressive_sector_sentiment_risk_budget,2021-11-09,2021-10-29,0.009832464079741476,1.4792459444515025
combined_aggressive_sector_allocation,combined,aggressive_sector_sentiment_risk_budget,2021-11-10,2021-10-29,-0.01673517974934396,1.4544904976776185
combined_aggressive_sector_allocation,combined,aggressive_sector_sentiment_risk_budget,2021-11-11,2021-10-29,0.00395311686530169,1.4602402685944091
combined_aggressive_sector_allocation,combined,aggressive_sector_sentiment_risk_budget,2021-11-12,2021-10-29,-0.0013411130403490168,1.4582819213281544
combined_aggressive_sector_allocation,combined,aggressive_sector_sentiment_risk_budget,2021-11-15,2021-10-29,-0.0030465027641257423,1.4538392614239535
combined_aggressive_sector_allocation,combined,aggressive_sector_sentiment_risk_budget,2021-11-16,2021-10-29,-0.016158185500460193,1.4303478569500132
combined_aggressive_sector_allocation,combined,aggressive_sector_sentiment_risk_budget,2021-11-17,2021-10-29,-0.0055803543328910125,1.4223660090889407
combined_aggressive_sector_allocation,combined,aggressive_sector_sentiment_risk_budget,2021-11-18,2021-10-29,-0.013264620187884218,1.4034988642102193
combined_aggressive_sector_allocation,combined,aggressive_sector_sentiment_risk_budget,2021-11-19,2021-10-29,0.005521683669126188,1.411248540968366
combined_aggressive_sector_allocation,combined,aggressive_sector_sentiment_risk_budget,2021-11-22,2021-10-29,-0.006832081960548915,1.401606775269765
combined_aggressive_sector_allocation,combined,aggressive_sector_sentiment_risk_budget,2021-11-23,2021-10-29,0.00920004200463441,1.4145016164762267
combined_aggressive_sector_allocation,combined,aggressive_sector_sentiment_risk_budget,2021-11-24,2021-10-29,-0.0029929861241689126,1.410268032765499
combined_aggressive_sector_allocation,combined,aggressive_sector_sentiment_risk_budget,2021-11-26,2021-10-29,-0.03203628815309939,1.365088279694719
combined_aggressive_sector_allocation,combined,aggressive_sector_sentiment_risk_budget,2021-11-29,2021-10-29,0.010486434949740962,1.3794031891403913
combined_aggressive_sector_allocation,combined,aggressive_sector_sentiment_risk_budget,2021-11-30,2021-10-29,-0.017337356952920987,1.3554879836682667
combined_aggressive_sector_allocation,combined,aggressive_sector_sentiment_risk_budget,2021-12-01,2021-11-30,-0.009887203500260417,1.342085998131581
combined_aggressive_sector_allocation,combined,aggressive_sector_sentiment_risk_budget,2021-12-02,2021-11-30,0.014453693038500916,1.3614840971798448
combined_aggressive_sector_allocation,combined,aggressive_sector_sentiment_risk_budget,2021-12-03,2021-11-30,-0.011974112446300329,1.3451815335063637
combined_aggressive_sector_allocation,combined,aggressive_sector_sentiment_risk_budget,2021-12-06,2021-11-30,0.01759377625853601,1.368848356433989
combined_aggressive_sector_allocation,combined,aggressive_sector_sentiment_risk_budget,2021-12-07,2021-11-30,0.010366415245588892,1.3830384069050257
combined_aggressive_sector_allocation,combined,aggressive_sector_sentiment_risk_budget,2021-12-08,2021-11-30,0.00723081354563027,1.3930388997518015
combined_aggressive_sector_allocation,combined,aggressive_sector_sentiment_risk_budget,2021-12-09,2021-11-30,-0.019546294194969054,1.365810151592217
combined_aggressive_sector_allocation,combined,aggressive_sector_sentiment_risk_budget,2021-12-10,2021-11-30,-0.0032750832744073686,1.3613370096087214
combined_aggressive_sector_allocation,combined,aggressive_sector_sentiment_risk_budget,2021-12-13,2021-11-30,-0.01741679158849119,1.3376268866306664
combined_aggressive_sector_allocation,combined,aggressive_sector_sentiment_risk_budget,2021-12-14,2021-11-30,0.0003194962580928967,1.3380542534156692
combined_aggressive_sector_allocation,combined,aggressive_sector_sentiment_risk_budget,2021-12-15,2021-11-30,0.022734638487875734,1.3684744331442389
combined_aggressive_sector_allocation,combined,aggressive_sector_sentiment_risk_budget,2021-12-16,2021-11-30,-0.007062327197300953,1.3588098189362334
combined_aggressive_sector_allocation,combined,aggressive_sector_sentiment_risk_budget,2021-12-17,2021-11-30,-0.013548123130002518,1.3404004961990288
combined_aggressive_sector_allocation,combined,aggressive_sector_sentiment_risk_budget,2021-12-20,2021-11-30,-0.0032975546384655012,1.3359804523253862
combined_aggressive_sector_allocation,combined,aggressive_sector_sentiment_risk_budget,2021-12-21,2021-11-30,0.015022403001353,1.356050089082148
combined_aggressive_sector_allocation,combined,aggressive_sector_sentiment_risk_budget,2021-12-22,2021-11-30,0.0061258292107117425,1.3643570203290358
combined_aggressive_sector_allocation,combined,aggressive_sector_sentiment_risk_budget,2021-12-23,2021-11-30,0.014081577415152924,1.3835693193327068
combined_aggressive_sector_allocation,combined,aggressive_sector_sentiment_risk_budget,2021-12-27,2021-11-30,0.011445602968063672,1.399405104440583
combined_aggressive_sector_allocation,combined,aggressive_sector_sentiment_risk_budget,2021-12-28,2021-11-30,-0.01200937332427636,1.3825991261094581
combined_aggressive_sector_allocation,combined,aggressive_sector_sentiment_risk_budget,2021-12-29,2021-11-30,-0.00468199161597818,1.376125808592755
combined_aggressive_sector_allocation,combined,aggressive_sector_sentiment_risk_budget,2021-12-30,2021-11-30,0.002169009717227861,1.3791106388437206
combined_aggressive_sector_allocation,combined,aggressive_sector_sentiment_risk_budget,2021-12-31,2021-11-30,-0.004452349686103435,1.372970356023763
combined_aggressive_sector_allocation,combined,aggressive_sector_sentiment_risk_budget,2022-01-03,2021-12-31,-0.0013198933079924286,1.3711581816387752
combined_aggressive_sector_allocation,combined,aggressive_sector_sentiment_risk_budget,2022-01-04,2021-12-31,0.002018553919637453,1.373925938360765
combined_aggressive_sector_allocation,combined,aggressive_sector_sentiment_risk_budget,2022-01-05,2021-12-31,-0.02141559340814336,1.344502499091929
combined_aggressive_sector_allocation,combined,aggressive_sector_sentiment_risk_budget,2022-01-06,2021-12-31,7.484246211371468e-05,1.3446031249692791
combined_aggressive_sector_allocation,combined,aggressive_sector_sentiment_risk_budget,2022-01-07,2021-12-31,-0.006230874718385524,1.336225071351646
combined_aggressive_sector_allocation,combined,aggressive_sector_sentiment_risk_budget,2022-01-10,2021-12-31,-0.010853529118990636,1.3217223136302054
combined_aggressive_sector_allocation,combined,aggressive_sector_sentiment_risk_budget,2022-01-11,2021-12-31,0.010389290842517777,1.3354540711595553
combined_aggressive_sector_allocation,combined,aggressive_sector_sentiment_risk_budget,2022-01-12,2021-12-31,0.01236736053126691,1.3519701131305335
combined_aggressive_sector_allocation,combined,aggressive_sector_sentiment_risk_budget,2022-01-13,2021-12-31,-0.009249397601610554,1.3394652040086947
combined_aggressive_sector_allocation,combined,aggressive_sector_sentiment_risk_budget,2022-01-14,2021-12-31,0.0029358383817860555,1.3433976573656905
combined_aggressive_sector_allocation,combined,aggressive_sector_sentiment_risk_budget,2022-01-18,2021-12-31,-0.013213508916539853,1.3256466604416302
combined_aggressive_sector_allocation,combined,aggressive_sector_sentiment_risk_budget,2022-01-19,2021-12-31,-0.010646897946094675,1.311532635735327
combined_aggressive_sector_allocation,combined,aggressive_sector_sentiment_risk_budget,2022-01-20,2021-12-31,-0.014363495402442255,1.2926944427517895
combined_aggressive_sector_allocation,combined,aggressive_sector_sentiment_risk_budget,2022-01-21,2021-12-31,-0.030664564272889654,1.25305453092682
combined_aggressive_sector_allocation,combined,aggressive_sector_sentiment_risk_budget,2022-01-24,2021-12-31,-0.0055876452304075685,1.246052906753646
combined_aggressive_sector_allocation,combined,aggressive_sector_sentiment_risk_budget,2022-01-25,2021-12-31,-0.0038703349970331874,1.2412302645804827
combined_aggressive_sector_allocation,combined,aggressive_sector_sentiment_risk_budget,2022-01-26,2021-12-31,-0.0065646957917405765,1.2330819654860101
combined_aggressive_sector_allocation,combined,aggressive_sector_sentiment_risk_budget,2022-01-27,2021-12-31,-0.0035715857690745063,1.228677907485978
combined_aggressive_sector_allocation,combined,aggressive_sector_sentiment_risk_budget,2022-01-28,2021-12-31,0.022314116603461595,1.256094769581717
combined_aggressive_sector_allocation,combined,aggressive_sector_sentiment_risk_budget,2022-01-31,2021-12-31,0.01264345602913673,1.271976148569352
combined_aggressive_sector_allocation,combined,aggressive_sector_sentiment_risk_budget,2022-02-01,2022-01-31,0.017649711445635576,1.2944261605573317
combined_aggressive_sector_allocation,combined,aggressive_sector_sentiment_risk_budget,2022-02-02,2022-01-31,-0.0001838482165203762,1.294188182616296
combined_aggressive_sector_allocation,combined,aggressive_sector_sentiment_risk_budget,2022-02-03,2022-01-31,-0.0065164130196175216,1.28575471789326
combined_aggressive_sector_allocation,combined,aggressive_sector_sentiment_risk_budget,2022-02-04,2022-01-31,0.01763626744307801,1.308430631964225
combined_aggressive_sector_allocation,combined,aggressive_sector_sentiment_risk_budget,2022-02-07,2022-01-31,0.017232384893122843,1.3309780122201844
combined_aggressive_sector_allocation,combined,aggressive_sector_sentiment_risk_budget,2022-02-08,2022-01-31,0.0013822819129742075,1.3328177990530428
combined_aggressive_sector_allocation,combined,aggressive_sector_sentiment_risk_budget,2022-02-09,2022-01-31,0.01473922666126538,1.3524625026914543
combined_aggressive_sector_allocation,combined,aggressive_sector_sentiment_risk_budget,2022-02-10,2022-01-31,-0.019008680243099915,1.32675397543701
combined_aggressive_sector_allocation,combined,aggressive_sector_sentiment_risk_budget,2022-02-11,2022-01-31,-0.02144634418102364,1.2982999530362465
combined_aggressive_sector_allocation,combined,aggressive_sector_sentiment_risk_budget,2022-02-14,2022-01-31,-0.006362135970542566,1.2900399922044807
combined_aggressive_sector_allocation,combined,aggressive_sector_sentiment_risk_budget,2022-02-15,2022-01-31,0.02152650057039392,1.3178100388325016
combined_aggressive_sector_allocation,combined,aggressive_sector_sentiment_risk_budget,2022-02-16,2022-01-31,-0.003383912338361098,1.31335068518248
combined_aggressive_sector_allocation,combined,aggressive_sector_sentiment_risk_budget,2022-02-17,2022-01-31,-0.029723896432850058,1.2743127854361034
combined_aggressive_sector_allocation,combined,aggressive_sector_sentiment_risk_budget,2022-02-18,2022-01-31,-0.010481438159004666,1.2609561547803259
combined_aggressive_sector_allocation,combined,aggressive_sector_sentiment_risk_budget,2022-02-22,2022-01-31,0.0018237667840780608,1.2632558447315931
combined_aggressive_sector_allocation,combined,aggressive_sector_sentiment_risk_budget,2022-02-23,2022-01-31,-0.013568767942781605,1.2461150193220676
combined_aggressive_sector_allocation,combined,aggressive_sector_sentiment_risk_budget,2022-02-24,2022-01-31,0.007964280614929813,1.2560394290144272
combined_aggressive_sector_allocation,combined,aggressive_sector_sentiment_risk_budget,2022-02-25,2022-01-31,0.028386233605022102,1.2916936576635492
combined_aggressive_sector_allocation,combined,aggressive_sector_sentiment_risk_budget,2022-02-28,2022-01-31,0.022572737017272075,1.3208507189048668
combined_aggressive_sector_allocation,combined,aggressive_sector_sentiment_risk_budget,2022-03-01,2022-02-28,-0.005681699047513773,1.3133460426333572
combined_aggressive_sector_allocation,combined,aggressive_sector_sentiment_risk_budget,2022-03-02,2022-02-28,0.010292308780046305,1.3268634056391917
combined_aggressive_sector_allocation,combined,aggressive_sector_sentiment_risk_budget,2022-03-03,2022-02-28,-0.004235109032707388,1.3212439944448002
combined_aggressive_sector_allocation,combined,aggressive_sector_sentiment_risk_budget,2022-03-04,2022-02-28,-0.009146967869773343,1.3091586180794827
combined_aggressive_sector_allocation,combined,aggressive_sector_sentiment_risk_budget,2022-03-07,2022-02-28,-0.014337490971597183,1.2903885682123795
combined_aggressive_sector_allocation,combined,aggressive_sector_sentiment_risk_budget,2022-03-08,2022-02-28,-0.002103284963752137,1.2876745133394607
combined_aggressive_sector_allocation,combined,aggressive_sector_sentiment_risk_budget,2022-03-09,2022-02-28,0.02104873953400407,1.3147784387753183
combined_aggressive_sector_allocation,combined,aggressive_sector_sentiment_risk_budget,2022-03-10,2022-02-28,-0.007608436912639696,1.3047750299697973
combined_aggressive_sector_allocation,combined,aggressive_sector_sentiment_risk_budget,2022-03-11,2022-02-28,-0.005829368847257184,1.2971690150574124
combined_aggressive_sector_allocation,combined,aggressive_sector_sentiment_risk_budget,2022-03-14,2022-02-28,-0.005417750372854909,1.2901412771424294
combined_aggressive_sector_allocation,combined,aggressive_sector_sentiment_risk_budget,2022-03-15,2022-02-28,0.00622086043313499,1.2981670659665592
combined_aggressive_sector_allocation,combined,aggressive_sector_sentiment_risk_budget,2022-03-16,2022-02-28,0.018653410464176172,1.3223823090991087
combined_aggressive_sector_allocation,combined,aggressive_sector_sentiment_risk_budget,2022-03-17,2022-02-28,0.012197500941590663,1.338512068559488
combined_aggressive_sector_allocation,combined,aggressive_sector_sentiment_risk_budget,2022-03-18,2022-02-28,0.008025019487038427,1.349253653993314
combined_aggressive_sector_allocation,combined,aggressive_sector_sentiment_risk_budget,2022-03-21,2022-02-28,0.008187219393131485,1.3603002896755414
combined_aggressive_sector_allocation,combined,aggressive_sector_sentiment_risk_budget,2022-03-22,2022-02-28,0.01632309270095503,1.3825045974050512
combined_aggressive_sector_allocation,combined,aggressive_sector_sentiment_risk_budget,2022-03-23,2022-02-28,-0.0032219507722904125,1.378050235649747
combined_aggressive_sector_allocation,combined,aggressive_sector_sentiment_risk_budget,2022-03-24,2022-02-28,0.010282737218374992,1.392220364096653
combined_aggressive_sector_allocation,combined,aggressive_sector_sentiment_risk_budget,2022-03-25,2022-02-28,0.006190135409533024,1.4008383966703208
combined_aggressive_sector_allocation,combined,aggressive_sector_sentiment_risk_budget,2022-03-28,2022-02-28,0.0007507167086711848,1.4018900294608494
combined_aggressive_sector_allocation,combined,aggressive_sector_sentiment_risk_budget,2022-03-29,2022-02-28,0.011817315396463995,1.4184566060901465
combined_aggressive_sector_allocation,combined,aggressive_sector_sentiment_risk_budget,2022-03-30,2022-02-28,0.0008461095897315614,1.4196567758271774
combined_aggressive_sector_allocation,combined,aggressive_sector_sentiment_risk_budget,2022-03-31,2022-02-28,-0.016859532405542152,1.3957220264103716
combined_aggressive_sector_allocation,combined,aggressive_sector_sentiment_risk_budget,2022-04-01,2022-03-31,0.008297224004786101,1.4073026447119124
combined_aggressive_sector_allocation,combined,aggressive_sector_sentiment_risk_budget,2022-04-04,2022-03-31,-0.00181472730064711,1.4047487741822808
combined_aggressive_sector_allocation,combined,aggressive_sector_sentiment_risk_budget,2022-04-05,2022-03-31,-0.013325482829804797,1.3860298185117255
combined_aggressive_sector_allocation,combined,aggressive_sector_sentiment_risk_budget,2022-04-06,2022-03-31,-0.015295248620661861,1.3648301478419378
combined_aggressive_sector_allocation,combined,aggressive_sector_sentiment_risk_budget,2022-04-07,2022-03-31,0.008799215189091407,1.3768395820093584
combined_aggressive_sector_allocation,combined,aggressive_sector_sentiment_risk_budget,2022-04-08,2022-03-31,-0.0036235599909546366,1.3718505211860266
combined_aggressive_sector_allocation,combined,aggressive_sector_sentiment_risk_budget,2022-04-11,2022-03-31,-0.026896758682944007,1.3349521887686149
combined_aggressive_sector_allocation,combined,aggressive_sector_sentiment_risk_budget,2022-04-12,2022-03-31,0.007009321367250214,1.344309297669608
combined_aggressive_sector_allocation,combined,aggressive_sector_sentiment_risk_budget,2022-04-13,2022-03-31,0.013564260132332829,1.3625438586815124
combined_aggressive_sector_allocation,combined,aggressive_sector_sentiment_risk_budget,2022-04-14,2022-03-31,-0.004068818543320991,1.356999914963221
combined_aggressive_sector_allocation,combined,aggressive_sector_sentiment_risk_budget,2022-04-18,2022-03-31,0.004250529789325545,1.3627678835258845
combined_aggressive_sector_allocation,combined,aggressive_sector_sentiment_risk_budget,2022-04-19,2022-03-31,0.012114271345490075,1.3792768234478363
combined_aggressive_sector_allocation,combined,aggressive_sector_sentiment_risk_budget,2022-04-20,2022-03-31,-0.0008383599914260668,1.3781204929419564
combined_aggressive_sector_allocation,combined,aggressive_sector_sentiment_risk_budget,2022-04-21,2022-03-31,-0.01460100964004844,1.3579985423393626
combined_aggressive_sector_allocation,combined,aggressive_sector_sentiment_risk_budget,2022-04-22,2022-03-31,-0.01983499124045646,1.3310626531475085
combined_aggressive_sector_allocation,combined,aggressive_sector_sentiment_risk_budget,2022-04-25,2022-03-31,-0.00283341907213963,1.3272911948398676
combined_aggressive_sector_allocation,combined,aggressive_sector_sentiment_risk_budget,2022-04-26,2022-03-31,-0.029498030184608656,1.2881387191107159
combined_aggressive_sector_allocation,combined,aggressive_sector_sentiment_risk_budget,2022-04-27,2022-03-31,0.004511241283281595,1.2939498236789615
combined_aggressive_sector_allocation,combined,aggressive_sector_sentiment_risk_budget,2022-04-28,2022-03-31,0.013904728297966571,1.3119418444084192
combined_aggressive_sector_allocation,combined,aggressive_sector_sentiment_risk_budget,2022-04-29,2022-03-31,-0.03355854002187332,1.267914991516469
combined_aggressive_sector_allocation,combined,aggressive_sector_sentiment_risk_budget,2022-05-02,2022-04-29,-0.0006292440748201943,1.2671171635206815
combined_aggressive_sector_allocation,combined,aggressive_sector_sentiment_risk_budget,2022-05-03,2022-04-29,0.002311177016246159,1.2700456955859014
combined_aggressive_sector_allocation,combined,aggressive_sector_sentiment_risk_budget,2022-05-04,2022-04-29,0.04274016160987902,1.324327653867174
combined_aggressive_sector_allocation,combined,aggressive_sector_sentiment_risk_budget,2022-05-05,2022-04-29,-0.03558739772370208,1.2771982789325056
combined_aggressive_sector_allocation,combined,aggressive_sector_sentiment_risk_budget,2022-05-06,2022-04-29,-0.00048433345269169314,1.2765796890802983
combined_aggressive_sector_allocation,combined,aggressive_sector_sentiment_risk_budget,2022-05-09,2022-04-29,-0.05869245895160763,1.201654088080497
combined_aggressive_sector_allocation,combined,aggressive_sector_sentiment_risk_budget,2022-05-10,2022-04-29,0.0010657380907453109,1.2029347366140641
combined_aggressive_sector_allocation,combined,aggressive_sector_sentiment_risk_budget,2022-05-11,2022-04-29,-0.030029815568106476,1.1668108283330751
combined_aggressive_sector_allocation,combined,aggressive_sector_sentiment_risk_budget,2022-05-12,2022-04-29,-0.0068913118612840265,1.1587699710319088
combined_aggressive_sector_allocation,combined,aggressive_sector_sentiment_risk_budget,2022-05-13,2022-04-29,0.033620828136916976,1.197728777078193
combined_aggressive_sector_allocation,combined,aggressive_sector_sentiment_risk_budget,2022-05-16,2022-04-29,-0.00981884712448704,1.1859684613194634
combined_aggressive_sector_allocation,combined,aggressive_sector_sentiment_risk_budget,2022-05-17,2022-04-29,0.01823542330568599,1.207595098238817
combined_aggressive_sector_allocation,combined,aggressive_sector_sentiment_risk_budget,2022-05-18,2022-04-29,-0.03965861348782261,1.1597035509879745
combined_aggressive_sector_allocation,combined,aggressive_sector_sentiment_risk_budget,2022-05-19,2022-04-29,0.007302391715532843,1.168172160591183
combined_aggressive_sector_allocation,combined,aggressive_sector_sentiment_risk_budget,2022-05-20,2022-04-29,-0.0023475801660099932,1.1654297827964941
combined_aggressive_sector_allocation,combined,aggressive_sector_sentiment_risk_budget,2022-05-23,2022-04-29,0.0090616320939233,1.175990478719497
combined_aggressive_sector_allocation,combined,aggressive_sector_sentiment_risk_budget,2022-05-24,2022-04-29,0.009450690531635476,1.1871044008020248
combined_aggressive_sector_allocation,combined,aggressive_sector_sentiment_risk_budget,2022-05-25,2022-04-29,0.004177486745066184,1.1920635137013849
combined_aggressive_sector_allocation,combined,aggressive_sector_sentiment_risk_budget,2022-05-26,2022-04-29,-7.599199261614994e-05,1.1919729264196537
combined_aggressive_sector_allocation,combined,aggressive_sector_sentiment_risk_budget,2022-05-27,2022-04-29,0.010575142067820564,1.2045782094575375
combined_aggressive_sector_allocation,combined,aggressive_sector_sentiment_risk_budget,2022-05-31,2022-04-29,-0.0040249535176734115,1.1997298381560686
combined_aggressive_sector_allocation,combined,aggressive_sector_sentiment_risk_budget,2022-06-01,2022-05-31,-0.016354125442758622,1.1801093058854437
combined_aggressive_sector_allocation,combined,aggressive_sector_sentiment_risk_budget,2022-06-02,2022-05-31,0.013955020778003655,1.1965777557693906
combined_aggressive_sector_allocation,combined,aggressive_sector_sentiment_risk_budget,2022-06-03,2022-05-31,-0.008217636820111215,1.186744714345454
combined_aggressive_sector_allocation,combined,aggressive_sector_sentiment_risk_budget,2022-06-06,2022-05-31,0.005662354970305419,1.1934644841772115
combined_aggressive_sector_allocation,combined,aggressive_sector_sentiment_risk_budget,2022-06-07,2022-05-31,0.006541571700796077,1.2012716176728104
combined_aggressive_sector_allocation,combined,aggressive_sector_sentiment_risk_budget,2022-06-08,2022-05-31,-0.011725912987987827,1.1871856112090395
combined_aggressive_sector_allocation,combined,aggressive_sector_sentiment_risk_budget,2022-06-09,2022-05-31,-0.020285613068857265,1.1631028232591383
combined_aggressive_sector_allocation,combined,aggressive_sector_sentiment_risk_budget,2022-06-10,2022-05-31,-0.02845337400525639,1.1300086236223763
combined_aggressive_sector_allocation,combined,aggressive_sector_sentiment_risk_budget,2022-06-13,2022-05-31,-0.058040205966147354,1.064422690363811
combined_aggressive_sector_allocation,combined,aggressive_sector_sentiment_risk_budget,2022-06-14,2022-05-31,-0.0026379263605403663,1.0616148216901429
combined_aggressive_sector_allocation,combined,aggressive_sector_sentiment_risk_budget,2022-06-15,2022-05-31,0.01927055708559905,1.0820727307144409
combined_aggressive_sector_allocation,combined,aggressive_sector_sentiment_risk_budget,2022-06-16,2022-05-31,-0.044375736508842384,1.0340549563328532
combined_aggressive_sector_allocation,combined,aggressive_sector_sentiment_risk_budget,2022-06-17,2022-05-31,0.0004487578007922755,1.0345189965609556
combined_aggressive_sector_allocation,combined,aggressive_sector_sentiment_risk_budget,2022-06-21,2022-05-31,0.019322774725397247,1.054508774080647
combined_aggressive_sector_allocation,combined,aggressive_sector_sentiment_risk_budget,2022-06-22,2022-05-31,-0.011277991069196473,1.042616033544176
combined_aggressive_sector_allocation,combined,aggressive_sector_sentiment_risk_budget,2022-06-23,2022-05-31,0.010352124155287986,1.0534093241697193
combined_aggressive_sector_allocation,combined,aggressive_sector_sentiment_risk_budget,2022-06-24,2022-05-31,0.027990794235239022,1.0828950878080361
combined_aggressive_sector_allocation,combined,aggressive_sector_sentiment_risk_budget,2022-06-27,2022-05-31,-0.0008678286334764486,1.0819553204437853
combined_aggressive_sector_allocation,combined,aggressive_sector_sentiment_risk_budget,2022-06-28,2022-05-31,-0.011917242996747662,1.0690613959784327
combined_aggressive_sector_allocation,combined,aggressive_sector_sentiment_risk_budget,2022-06-29,2022-05-31,-0.00828031461867008,1.0602092312730567
combined_aggressive_sector_allocation,combined,aggressive_sector_sentiment_risk_budget,2022-06-30,2022-05-31,-0.00570070508128126,1.054165291121117
combined_aggressive_sector_allocation,combined,aggressive_sector_sentiment_risk_budget,2022-07-01,2022-06-30,0.004811497298289997,1.0592374045712973
combined_aggressive_sector_allocation,combined,aggressive_sector_sentiment_risk_budget,2022-07-05,2022-06-30,-0.012356692413911402,1.0461487337697
combined_aggressive_sector_allocation,combined,aggressive_sector_sentiment_risk_budget,2022-07-06,2022-06-30,0.0016984804307954371,1.0479255969217092
combined_aggressive_sector_allocation,combined,aggressive_sector_sentiment_risk_budget,2022-07-07,2022-06-30,0.01883789262270101,1.0676663067931003
combined_aggressive_sector_allocation,combined,aggressive_sector_sentiment_risk_budget,2022-07-08,2022-06-30,-0.004261264354207324,1.0631166984177747
combined_aggressive_sector_allocation,combined,aggressive_sector_sentiment_risk_budget,2022-07-11,2022-06-30,-0.01643024773164918,1.0456494276951178
combined_aggressive_sector_allocation,combined,aggressive_sector_sentiment_risk_budget,2022-07-12,2022-06-30,-0.0077135168712916535,1.037583793193135
combined_aggressive_sector_allocation,combined,aggressive_sector_sentiment_risk_budget,2022-07-13,2022-06-30,0.005070973129736397,1.0428453527282675
combined_aggressive_sector_allocation,combined,aggressive_sector_sentiment_risk_budget,2022-07-14,2022-06-30,3.555721972402963e-05,1.0428824334096125
combined_aggressive_sector_allocation,combined,aggressive_sector_sentiment_risk_budget,2022-07-15,2022-06-30,0.016928499974930827,1.060536868657443
combined_aggressive_sector_allocation,combined,aggressive_sector_sentiment_risk_budget,2022-07-18,2022-06-30,0.018270466098123796,1.0799133715620592
combined_aggressive_sector_allocation,combined,aggressive_sector_sentiment_risk_budget,2022-07-19,2022-06-30,0.024875494925698422,1.1067767511565452
combined_aggressive_sector_allocation,combined,aggressive_sector_sentiment_risk_budget,2022-07-20,2022-06-30,-0.006690969992761989,1.09937134112587
combined_aggressive_sector_allocation,combined,aggressive_sector_sentiment_risk_budget,2022-07-21,2022-06-30,0.0069338886893034616,1.1069942596334472
combined_aggressive_sector_allocation,combined,aggressive_sector_sentiment_risk_budget,2022-07-22,2022-06-30,-0.0039501536479451095,1.1026214622205017
combined_aggressive_sector_allocation,combined,aggressive_sector_sentiment_risk_budget,2022-07-25,2022-06-30,-0.008566581273445032,1.093175765850545
combined_aggressive_sector_allocation,combined,aggressive_sector_sentiment_risk_budget,2022-07-26,2022-06-30,-0.0005909660126002781,1.0925297361271291
combined_aggressive_sector_allocation,combined,aggressive_sector_sentiment_risk_budget,2022-07-27,2022-06-30,0.029169728668706048,1.1243985320924506
combined_aggressive_sector_allocation,combined,aggressive_sector_sentiment_risk_budget,2022-07-28,2022-06-30,0.022338836849533823,1.1495162874547191
combined_aggressive_sector_allocation,combined,aggressive_sector_sentiment_risk_budget,2022-07-29,2022-06-30,0.008386364896680565,1.159156550495992
combined_aggressive_sector_allocation,combined,aggressive_sector_sentiment_risk_budget,2022-08-01,2022-07-29,-0.00694435186618564,1.1511069595413537
combined_aggressive_sector_allocation,combined,aggressive_sector_sentiment_risk_budget,2022-08-02,2022-07-29,-0.010757210953489367,1.1387242591475375
combined_aggressive_sector_allocation,combined,aggressive_sector_sentiment_risk_budget,2022-08-03,2022-07-29,-5.328674209197765e-05,1.1386635802416265
combined_aggressive_sector_allocation,combined,aggressive_sector_sentiment_risk_budget,2022-08-04,2022-07-29,-0.0036268869768194684,1.1345337761314696
combined_aggressive_sector_allocation,combined,aggressive_sector_sentiment_risk_budget,2022-08-05,2022-07-29,0.011136300511827834,1.1471682852032885
combined_aggressive_sector_allocation,combined,aggressive_sector_sentiment_risk_budget,2022-08-08,2022-07-29,0.007092902132305813,1.1553050375795206
combined_aggressive_sector_allocation,combined,aggressive_sector_sentiment_risk_budget,2022-08-09,2022-07-29,-0.006576818718911276,1.1477068057823152
combined_aggressive_sector_allocation,combined,aggressive_sector_sentiment_risk_budget,2022-08-10,2022-07-29,0.022170385499077593,1.1731519081064241
combined_aggressive_sector_allocation,combined,aggressive_sector_sentiment_risk_budget,2022-08-11,2022-07-29,0.009094673909027916,1.1838213421564059
combined_aggressive_sector_allocation,combined,aggressive_sector_sentiment_risk_budget,2022-08-12,2022-07-29,0.013511290661295205,1.1998162964013257
combined_aggressive_sector_allocation,combined,aggressive_sector_sentiment_risk_budget,2022-08-15,2022-07-29,-0.0016080195791899608,1.197886968305281
combined_aggressive_sector_allocation,combined,aggressive_sector_sentiment_risk_budget,2022-08-16,2022-07-29,0.002413108118347043,1.2007775990733605
combined_aggressive_sector_allocation,combined,aggressive_sector_sentiment_risk_budget,2022-08-17,2022-07-29,-0.00693459415380571,1.1924506937548054
combined_aggressive_sector_allocation,combined,aggressive_sector_sentiment_risk_budget,2022-08-18,2022-07-29,0.0003945800254118775,1.1929212109798497
combined_aggressive_sector_allocation,combined,aggressive_sector_sentiment_risk_budget,2022-08-19,2022-07-29,-0.025469933316973305,1.1625375872837898
combined_aggressive_sector_allocation,combined,aggressive_sector_sentiment_risk_budget,2022-08-22,2022-07-29,-0.008943851819501653,1.1521400233685226
combined_aggressive_sector_allocation,combined,aggressive_sector_sentiment_risk_budget,2022-08-23,2022-07-29,0.007356932018863125,1.1606162391966561
combined_aggressive_sector_allocation,combined,aggressive_sector_sentiment_risk_budget,2022-08-24,2022-07-29,0.0001565471642639888,1.160797930377701
combined_aggressive_sector_allocation,combined,aggressive_sector_sentiment_risk_budget,2022-08-25,2022-07-29,0.011947600767796721,1.1746666806219386
combined_aggressive_sector_allocation,combined,aggressive_sector_sentiment_risk_budget,2022-08-26,2022-07-29,-0.035172983362693436,1.1333501490077127
combined_aggressive_sector_allocation,combined,aggressive_sector_sentiment_risk_budget,2022-08-29,2022-07-29,0.008383019056854145,1.1428510449049327
combined_aggressive_sector_allocation,combined,aggressive_sector_sentiment_risk_budget,2022-08-30,2022-07-29,-0.016576194234954558,1.1239069240029678
combined_aggressive_sector_allocation,combined,aggressive_sector_sentiment_risk_budget,2022-08-31,2022-07-29,-0.005438626319048744,1.117794414225924
combined_aggressive_sector_allocation,combined,aggressive_sector_sentiment_risk_budget,2022-09-01,2022-08-31,0.007385274728962094,1.1260496330654814
combined_aggressive_sector_allocation,combined,aggressive_sector_sentiment_risk_budget,2022-09-02,2022-08-31,-0.009045834608065673,1.1158635743242982
combined_aggressive_sector_allocation,combined,aggressive_sector_sentiment_risk_budget,2022-09-06,2022-08-31,-0.015203022117292703,1.0988990757239645
combined_aggressive_sector_allocation,combined,aggressive_sector_sentiment_risk_budget,2022-09-07,2022-08-31,0.02641603858601217,1.1279276361104218
combined_aggressive_sector_allocation,combined,aggressive_sector_sentiment_risk_budget,2022-09-08,2022-08-31,0.004017990595114843,1.1324596387442836
combined_aggressive_sector_allocation,combined,aggressive_sector_sentiment_risk_budget,2022-09-09,2022-08-31,0.021104661489062693,1.156359816070008
combined_aggressive_sector_allocation,combined,aggressive_sector_sentiment_risk_budget,2022-09-12,2022-08-31,0.005484092830704578,1.1627014006470322
combined_aggressive_sector_allocation,combined,aggressive_sector_sentiment_risk_budget,2022-09-13,2022-08-31,-0.04487034679883014,1.1105305855765142
combined_aggressive_sector_allocation,combined,aggressive_sector_sentiment_risk_budget,2022-09-14,2022-08-31,0.005209865614353216,1.116316300687997
combined_aggressive_sector_allocation,combined,aggressive_sector_sentiment_risk_budget,2022-09-15,2022-08-31,-0.022503796773714297,1.09119494552213
combined_aggressive_sector_allocation,combined,aggressive_sector_sentiment_risk_budget,2022-09-16,2022-08-31,-0.003966205124181962,1.0868670425377185
combined_aggressive_sector_allocation,combined,aggressive_sector_sentiment_risk_budget,2022-09-19,2022-08-31,0.009488290370240557,1.097179552631161
combined_aggressive_sector_allocation,combined,aggressive_sector_sentiment_risk_budget,2022-09-20,2022-08-31,-0.012436195621029357,1.0835348130832463
combined_aggressive_sector_allocation,combined,aggressive_sector_sentiment_risk_budget,2022-09-21,2022-08-31,-0.02156394325377963,1.0601695298604243
combined_aggressive_sector_allocation,combined,aggressive_sector_sentiment_risk_budget,2022-09-22,2022-08-31,0.005981715857620204,1.0665111627489563
combined_aggressive_sector_allocation,combined,aggressive_sector_sentiment_risk_budget,2022-09-23,2022-08-31,-0.013134543768553265,1.0525030252021794
combined_aggressive_sector_allocation,combined,aggressive_sector_sentiment_risk_budget,2022-09-26,2022-08-31,-0.01104679880876082,1.0408762360371588
combined_aggressive_sector_allocation,combined,aggressive_sector_sentiment_risk_budget,2022-09-27,2022-08-31,-0.007845683200943905,1.0327098508378203
combined_aggressive_sector_allocation,combined,aggressive_sector_sentiment_risk_budget,2022-09-28,2022-08-31,0.015882348928817597,1.0491117090310538
combined_aggressive_sector_allocation,combined,aggressive_sector_sentiment_risk_budget,2022-09-29,2022-08-31,-0.01208220697979204,1.0364361242176172
combined_aggressive_sector_allocation,combined,aggressive_sector_sentiment_risk_budget,2022-09-30,2022-08-31,-0.01435933881866381,1.0215535867460737
combined_aggressive_sector_allocation,combined,aggressive_sector_sentiment_risk_budget,2022-10-03,2022-09-30,0.0302417489933126,1.0524471538996667
combined_aggressive_sector_allocation,combined,aggressive_sector_sentiment_risk_budget,2022-10-04,2022-09-30,0.027008498799300257,1.0808721715920928
combined_aggressive_sector_allocation,combined,aggressive_sector_sentiment_risk_budget,2022-10-05,2022-09-30,-0.0030992221279158554,1.0775223086404462
combined_aggressive_sector_allocation,combined,aggressive_sector_sentiment_risk_budget,2022-10-06,2022-09-30,-0.010665792072145477,1.066029679743389
combined_aggressive_sector_allocation,combined,aggressive_sector_sentiment_risk_budget,2022-10-07,2022-09-30,-0.014840388987950412,1.050209384623297
combined_aggressive_sector_allocation,combined,aggressive_sector_sentiment_risk_budget,2022-10-10,2022-09-30,-0.011771341065467178,1.0378470117667418
combined_aggressive_sector_allocation,combined,aggressive_sector_sentiment_risk_budget,2022-10-11,2022-09-30,-0.0030558503365496507,1.0346755066265474
combined_aggressive_sector_allocation,combined,aggressive_sector_sentiment_risk_budget,2022-10-12,2022-09-30,-0.006982967978268075,1.027450400695876
combined_aggressive_sector_allocation,combined,aggressive_sector_sentiment_risk_budget,2022-10-13,2022-09-30,0.020743439903254904,1.048763256336286
combined_aggressive_sector_allocation,combined,aggressive_sector_sentiment_risk_budget,2022-10-14,2022-09-30,-0.012785594443964415,1.035354194673039
combined_aggressive_sector_allocation,combined,aggressive_sector_sentiment_risk_budget,2022-10-17,2022-09-30,0.016578297364933582,1.0525186043903598
combined_aggressive_sector_allocation,combined,aggressive_sector_sentiment_risk_budget,2022-10-18,2022-09-30,0.006038211306588966,1.0588739341277849
combined_aggressive_sector_allocation,combined,aggressive_sector_sentiment_risk_budget,2022-10-19,2022-09-30,-0.01086480469357248,1.0473694756383718
combined_aggressive_sector_allocation,combined,aggressive_sector_sentiment_risk_budget,2022-10-20,2022-09-30,-0.005925866617468002,1.0411629038265315
combined_aggressive_sector_allocation,combined,aggressive_sector_sentiment_risk_budget,2022-10-21,2022-09-30,0.02153681461431889,1.0635862362695494
combined_aggressive_sector_allocation,combined,aggressive_sector_sentiment_risk_budget,2022-10-24,2022-09-30,0.004614181538503546,1.0684938162455508
combined_aggressive_sector_allocation,combined,aggressive_sector_sentiment_risk_budget,2022-10-25,2022-09-30,0.020739244461000176,1.0906535707057343
combined_aggressive_sector_allocation,combined,aggressive_sector_sentiment_risk_budget,2022-10-26,2022-09-30,0.010410130450131264,1.1020074166526823
combined_aggressive_sector_allocation,combined,aggressive_sector_sentiment_risk_budget,2022-10-27,2022-09-30,-0.0044091791891719655,1.0971484684848642
combined_aggressive_sector_allocation,combined,aggressive_sector_sentiment_risk_budget,2022-10-28,2022-09-30,0.022566231241195292,1.1219069745306172
combined_aggressive_sector_allocation,combined,aggressive_sector_sentiment_risk_budget,2022-10-31,2022-09-30,-0.004378577110083772,1.116994618332294
combined_aggressive_sector_allocation,combined,aggressive_sector_sentiment_risk_budget,2022-11-01,2022-10-31,0.001000224723724714,1.1181118639658174
combined_aggressive_sector_allocation,combined,aggressive_sector_sentiment_risk_budget,2022-11-02,2022-10-31,-0.014341140193288337,1.1020768649729047
combined_aggressive_sector_allocation,combined,aggressive_sector_sentiment_risk_budget,2022-11-03,2022-10-31,0.004363339933191928,1.1068856009672878
combined_aggressive_sector_allocation,combined,aggressive_sector_sentiment_risk_budget,2022-11-04,2022-10-31,0.02650278601873067,1.136221153196938
combined_aggressive_sector_allocation,combined,aggressive_sector_sentiment_risk_budget,2022-11-07,2022-10-31,0.007901346908948316,1.1451988306936323
combined_aggressive_sector_allocation,combined,aggressive_sector_sentiment_risk_budget,2022-11-08,2022-10-31,-0.02217521555341894,1.1198037997714776
combined_aggressive_sector_allocation,combined,aggressive_sector_sentiment_risk_budget,2022-11-09,2022-10-31,-0.04632023382353336,1.0679342259295816
combined_aggressive_sector_allocation,combined,aggressive_sector_sentiment_risk_budget,2022-11-10,2022-10-31,0.06396884202509354,1.1362487417212614
combined_aggressive_sector_allocation,combined,aggressive_sector_sentiment_risk_budget,2022-11-11,2022-10-31,0.007503898855829814,1.1447750373542016
combined_aggressive_sector_allocation,combined,aggressive_sector_sentiment_risk_budget,2022-11-14,2022-10-31,-0.0019526578716676142,1.1425396833662234
combined_aggressive_sector_allocation,combined,aggressive_sector_sentiment_risk_budget,2022-11-15,2022-10-31,0.009219767143256858,1.1530736331987903
combined_aggressive_sector_allocation,combined,aggressive_sector_sentiment_risk_budget,2022-11-16,2022-10-31,-0.012077410623556757,1.1391474894514522
combined_aggressive_sector_allocation,combined,aggressive_sector_sentiment_risk_budget,2022-11-17,2022-10-31,1.1126765107432029e-05,1.13916016447799
combined_aggressive_sector_allocation,combined,aggressive_sector_sentiment_risk_budget,2022-11-18,2022-10-31,0.003983240526573674,1.143697713411397
combined_aggressive_sector_allocation,combined,aggressive_sector_sentiment_risk_budget,2022-11-21,2022-10-31,-0.003369195086022296,1.1398443726954763
combined_aggressive_sector_allocation,combined,aggressive_sector_sentiment_risk_budget,2022-11-22,2022-10-31,0.020089417877555145,1.1627431826139356
combined_aggressive_sector_allocation,combined,aggressive_sector_sentiment_risk_budget,2022-11-23,2022-10-31,0.010312576075356971,1.1747340601407446
combined_aggressive_sector_allocation,combined,aggressive_sector_sentiment_risk_budget,2022-11-25,2022-10-31,-0.0006121662828754259,1.1740149275577811
combined_aggressive_sector_allocation,combined,aggressive_sector_sentiment_risk_budget,2022-11-28,2022-10-31,-0.018260907630952488,1.1525763494082892
combined_aggressive_sector_allocation,combined,aggressive_sector_sentiment_risk_budget,2022-11-29,2022-10-31,0.007718632456438124,1.161472662627355
combined_aggressive_sector_allocation,combined,aggressive_sector_sentiment_risk_budget,2022-11-30,2022-10-31,0.02251332008720735,1.1876212684536258
combined_aggressive_sector_allocation,combined,aggressive_sector_sentiment_risk_budget,2022-12-01,2022-11-30,-0.004943366843443558,1.1817504208525837
combined_aggressive_sector_allocation,combined,aggressive_sector_sentiment_risk_budget,2022-12-02,2022-11-30,0.00225301094074641,1.1844129174799962
combined_aggressive_sector_allocation,combined,aggressive_sector_sentiment_risk_budget,2022-12-05,2022-11-30,-0.01473205658730012,1.1669640793569516
combined_aggressive_sector_allocation,combined,aggressive_sector_sentiment_risk_budget,2022-12-06,2022-11-30,-0.007755717275155277,1.1579134358871972
combined_aggressive_sector_allocation,combined,aggressive_sector_sentiment_risk_budget,2022-12-07,2022-11-30,-0.0040603346468581596,1.1532119198454018
combined_aggressive_sector_allocation,combined,aggressive_sector_sentiment_risk_budget,2022-12-08,2022-11-30,0.008673303475403535,1.1632140767976737
combined_aggressive_sector_allocation,combined,aggressive_sector_sentiment_risk_budget,2022-12-09,2022-11-30,-0.00619848967502626,1.1560039063527983
combined_aggressive_sector_allocation,combined,aggressive_sector_sentiment_risk_budget,2022-12-12,2022-11-30,0.011031134040532685,1.1687559403951553
combined_aggressive_sector_allocation,combined,aggressive_sector_sentiment_risk_budget,2022-12-13,2022-11-30,0.011291435001133752,1.1819528721283161
combined_aggressive_sector_allocation,combined,aggressive_sector_sentiment_risk_budget,2022-12-14,2022-11-30,-0.009651782312338592,1.1705449203030902
combined_aggressive_sector_allocation,combined,aggressive_sector_sentiment_risk_budget,2022-12-15,2022-11-30,-0.02037660048852255,1.1466931941082048
combined_aggressive_sector_allocation,combined,aggressive_sector_sentiment_risk_budget,2022-12-16,2022-11-30,-0.024584536143639396,1.1185022738319863
combined_aggressive_sector_allocation,combined,aggressive_sector_sentiment_risk_budget,2022-12-19,2022-11-30,-0.012241485448280088,1.1048101445230039
combined_aggressive_sector_allocation,combined,aggressive_sector_sentiment_risk_budget,2022-12-20,2022-11-30,0.007846285289495698,1.1134788001076603
combined_aggressive_sector_allocation,combined,aggressive_sector_sentiment_risk_budget,2022-12-21,2022-11-30,0.011515333653649693,1.1263008800071657
combined_aggressive_sector_allocation,combined,aggressive_sector_sentiment_risk_budget,2022-12-22,2022-11-30,-0.004956022130219824,1.1207189079205642
combined_aggressive_sector_allocation,combined,aggressive_sector_sentiment_risk_budget,2022-12-23,2022-11-30,0.004866586302077344,1.1261729832063294
combined_aggressive_sector_allocation,combined,aggressive_sector_sentiment_risk_budget,2022-12-27,2022-11-30,-0.0021043454328507636,1.1238031262325192
combined_aggressive_sector_allocation,combined,aggressive_sector_sentiment_risk_budget,2022-12-28,2022-11-30,-0.014272981932981287,1.1077631045155745
combined_aggressive_sector_allocation,combined,aggressive_sector_sentiment_risk_budget,2022-12-29,2022-11-30,0.010893918920747599,1.1198309859595628
combined_aggressive_sector_allocation,combined,aggressive_sector_sentiment_risk_budget,2022-12-30,2022-11-30,-0.0018991891844560476,1.1177042150626095
combined_aggressive_sector_allocation,combined,aggressive_sector_sentiment_risk_budget,2023-01-03,2022-12-30,0.001587318175355945,1.1194783672778503
combined_aggressive_sector_allocation,combined,aggressive_sector_sentiment_risk_budget,2023-01-04,2022-12-30,0.021688978124626463,1.1437587090967323
combined_aggressive_sector_allocation,combined,aggressive_sector_sentiment_risk_budget,2023-01-05,2022-12-30,-0.008732509879488329,1.1337708248697942
combined_aggressive_sector_allocation,combined,aggressive_sector_sentiment_risk_budget,2023-01-06,2022-12-30,0.02392497766539929,1.1608962665324853
combined_aggressive_sector_allocation,combined,aggressive_sector_sentiment_risk_budget,2023-01-09,2022-12-30,0.004152309592135689,1.1657166672354826
combined_aggressive_sector_allocation,combined,aggressive_sector_sentiment_risk_budget,2023-01-10,2022-12-30,0.007126490624981322,1.1740241361359207
combined_aggressive_sector_allocation,combined,aggressive_sector_sentiment_risk_budget,2023-01-11,2022-12-30,0.01180510172832712,1.1878836104945167
combined_aggressive_sector_allocation,combined,aggressive_sector_sentiment_risk_budget,2023-01-12,2022-12-30,0.008789029173479578,1.1983239542018513
combined_aggressive_sector_allocation,combined,aggressive_sector_sentiment_risk_budget,2023-01-13,2022-12-30,0.010060735611950469,1.2103799746825432
combined_aggressive_sector_allocation,combined,aggressive_sector_sentiment_risk_budget,2023-01-17,2022-12-30,-0.0035769678450635186,1.2060504844327948
combined_aggressive_sector_allocation,combined,aggressive_sector_sentiment_risk_budget,2023-01-18,2022-12-30,-0.02157305956180653,1.1800322854975804
combined_aggressive_sector_allocation,combined,aggressive_sector_sentiment_risk_budget,2023-01-19,2022-12-30,-0.0018823760086583538,1.1778110210339174
combined_aggressive_sector_allocation,combined,aggressive_sector_sentiment_risk_budget,2023-01-20,2022-12-30,0.025897383632261288,1.2083132448919383
combined_aggressive_sector_allocation,combined,aggressive_sector_sentiment_risk_budget,2023-01-23,2022-12-30,0.015950775415379353,1.227586778092638
combined_aggressive_sector_allocation,combined,aggressive_sector_sentiment_risk_budget,2023-01-24,2022-12-30,-0.010875374764455083,1.2142363118249906
combined_aggressive_sector_allocation,combined,aggressive_sector_sentiment_risk_budget,2023-01-25,2022-12-30,0.006789307269429393,1.2224801352436692
combined_aggressive_sector_allocation,combined,aggressive_sector_sentiment_risk_budget,2023-01-26,2022-12-30,0.0045290866328956915,1.228016853683182
combined_aggressive_sector_allocation,combined,aggressive_sector_sentiment_risk_budget,2023-01-27,2022-12-30,0.0005673729211699974,1.2287135971927021
combined_aggressive_sector_allocation,combined,aggressive_sector_sentiment_risk_budget,2023-01-30,2022-12-30,-0.01730055569522538,1.207456169170989
combined_aggressive_sector_allocation,combined,aggressive_sector_sentiment_risk_budget,2023-01-31,2022-12-30,0.013342788682343284,1.2235670016794291
combined_aggressive_sector_allocation,combined,aggressive_sector_sentiment_risk_budget,2023-02-01,2023-01-31,0.010253498801876504,1.2361128444651648
combined_aggressive_sector_allocation,combined,aggressive_sector_sentiment_risk_budget,2023-02-02,2023-01-31,0.00043008495557082826,1.236644478002957
combined_aggressive_sector_allocation,combined,aggressive_sector_sentiment_risk_budget,2023-02-03,2023-01-31,-0.006800687434544546,1.2282344454404035
combined_aggressive_sector_allocation,combined,aggressive_sector_sentiment_risk_budget,2023-02-06,2023-01-31,-0.007487021443480872,1.2190386278097693
combined_aggressive_sector_allocation,combined,aggressive_sector_sentiment_risk_budget,2023-02-07,2023-01-31,0.013778549285463827,1.2358352116239304
combined_aggressive_sector_allocation,combined,aggressive_sector_sentiment_risk_budget,2023-02-08,2023-01-31,-0.009411370983877131,1.2242043079723992
combined_aggressive_sector_allocation,combined,aggressive_sector_sentiment_risk_budget,2023-02-09,2023-01-31,-0.02014005932894676,1.1995487605790829
combined_aggressive_sector_allocation,combined,aggressive_sector_sentiment_risk_budget,2023-02-10,2023-01-31,0.004831027297377119,1.2053438133859753
combined_aggressive_sector_allocation,combined,aggressive_sector_sentiment_risk_budget,2023-02-13,2023-01-31,0.006239424800524511,1.2128644654683745
combined_aggressive_sector_allocation,combined,aggressive_sector_sentiment_risk_budget,2023-02-14,2023-01-31,0.0034357811910474805,1.2170316023861205
combined_aggressive_sector_allocation,combined,aggressive_sector_sentiment_risk_budget,2023-02-15,2023-01-31,0.013556470528399762,1.233530255435999
combined_aggressive_sector_allocation,combined,aggressive_sector_sentiment_risk_budget,2023-02-16,2023-01-31,-0.018705607669350276,1.21045632242954
combined_aggressive_sector_allocation,combined,aggressive_sector_sentiment_risk_budget,2023-02-17,2023-01-31,0.009037440103398499,1.221395748941277
combined_aggressive_sector_allocation,combined,aggressive_sector_sentiment_risk_budget,2023-02-21,2023-01-31,-0.01785103637091326,1.1995925690036475
combined_aggressive_sector_allocation,combined,aggressive_sector_sentiment_risk_budget,2023-02-22,2023-01-31,-0.006226611923655012,1.1921231716099614
combined_aggressive_sector_allocation,combined,aggressive_sector_sentiment_risk_budget,2023-02-23,2023-01-31,0.0006110145913822346,1.19285157626254
combined_aggressive_sector_allocation,combined,aggressive_sector_sentiment_risk_budget,2023-02-24,2023-01-31,-0.013761129218087073,1.1764365915835924
combined_aggressive_sector_allocation,combined,aggressive_sector_sentiment_risk_budget,2023-02-27,2023-01-31,0.00046908588085827217,1.1769884413784293
combined_aggressive_sector_allocation,combined,aggressive_sector_sentiment_risk_budget,2023-02-28,2023-01-31,-0.004706958701062249,1.1714484053932332
combined_aggressive_sector_allocation,combined,aggressive_sector_sentiment_risk_budget,2023-03-01,2023-02-28,0.0023692583171556598,1.17422386927083
combined_aggressive_sector_allocation,combined,aggressive_sector_sentiment_risk_budget,2023-03-02,2023-02-28,0.009044542477299954,1.1848441869343096
combined_aggressive_sector_allocation,combined,aggressive_sector_sentiment_risk_budget,2023-03-03,2023-02-28,0.005352353477828532,1.1911858918389324
combined_aggressive_sector_allocation,combined,aggressive_sector_sentiment_risk_budget,2023-03-06,2023-02-28,-0.002758621216075659,1.1878998611654157
combined_aggressive_sector_allocation,combined,aggressive_sector_sentiment_risk_budget,2023-03-07,2023-02-28,-0.01510786664178957,1.1699532284791283
combined_aggressive_sector_allocation,combined,aggressive_sector_sentiment_risk_budget,2023-03-08,2023-02-28,-0.003420756752234517,1.1659511030730096
combined_aggressive_sector_allocation,combined,aggressive_sector_sentiment_risk_budget,2023-03-09,2023-02-28,-0.02486023145418048,1.1369652887863575
combined_aggressive_sector_allocation,combined,aggressive_sector_sentiment_risk_budget,2023-03-10,2023-02-28,-0.010886434594577766,1.1245877905336796
combined_aggressive_sector_allocation,combined,aggressive_sector_sentiment_risk_budget,2023-03-13,2023-02-28,0.009785065004134064,1.1355919551669071
combined_aggressive_sector_allocation,combined,aggressive_sector_sentiment_risk_budget,2023-03-14,2023-02-28,0.013627666030213176,1.1510674230785187
combined_aggressive_sector_allocation,combined,aggressive_sector_sentiment_risk_budget,2023-03-15,2023-02-28,-0.014057887842780368,1.1348858463454026
combined_aggressive_sector_allocation,combined,aggressive_sector_sentiment_risk_budget,2023-03-16,2023-02-28,0.011170468223081886,1.1475630526288294
combined_aggressive_sector_allocation,combined,aggressive_sector_sentiment_risk_budget,2023-03-17,2023-02-28,0.0054066197633421235,1.1537674897088537
combined_aggressive_sector_allocation,combined,aggressive_sector_sentiment_risk_budget,2023-03-20,2023-02-28,0.0023798044302245744,1.1565132306923118
combined_aggressive_sector_allocation,combined,aggressive_sector_sentiment_risk_budget,2023-03-21,2023-02-28,0.01784187175806109,1.177147591440825
combined_aggressive_sector_allocation,combined,aggressive_sector_sentiment_risk_budget,2023-03-22,2023-02-28,-0.02560551815736399,1.1470061174142896
combined_aggressive_sector_allocation,combined,aggressive_sector_sentiment_risk_budget,2023-03-23,2023-02-28,0.01038480364234544,1.158917550720206
combined_aggressive_sector_allocation,combined,aggressive_sector_sentiment_risk_budget,2023-03-24,2023-02-28,0.003950866419072226,1.16349627915382
combined_aggressive_sector_allocation,combined,aggressive_sector_sentiment_risk_budget,2023-03-27,2023-02-28,-0.0011266238855171659,1.162185456455015
combined_aggressive_sector_allocation,combined,aggressive_sector_sentiment_risk_budget,2023-03-28,2023-02-28,0.006626657812254199,1.1698868617893208
combined_aggressive_sector_allocation,combined,aggressive_sector_sentiment_risk_budget,2023-03-29,2023-02-28,0.016461024665429383,1.1891443982769965
combined_aggressive_sector_allocation,combined,aggressive_sector_sentiment_risk_budget,2023-03-30,2023-02-28,0.002953241311427418,1.1926562286392406
combined_aggressive_sector_allocation,combined,aggressive_sector_sentiment_risk_budget,2023-03-31,2023-02-28,0.014548224211251378,1.2100072588604298
combined_aggressive_sector_allocation,combined,aggressive_sector_sentiment_risk_budget,2023-04-03,2023-03-31,0.0036112913241743644,1.2143769475765405
combined_aggressive_sector_allocation,combined,aggressive_sector_sentiment_risk_budget,2023-04-04,2023-03-31,-0.00284062914507344,1.2109273530261493
combined_aggressive_sector_allocation,combined,aggressive_sector_sentiment_risk_budget,2023-04-05,2023-03-31,0.0031569837735728407,1.2147502310306282
combined_aggressive_sector_allocation,combined,aggressive_sector_sentiment_risk_budget,2023-04-06,2023-03-31,-0.0018211549545112853,1.2125379826288931
combined_aggressive_sector_allocation,combined,aggressive_sector_sentiment_risk_budget,2023-04-10,2023-03-31,0.008364935698498076,1.2226807848855703
combined_aggressive_sector_allocation,combined,aggressive_sector_sentiment_risk_budget,2023-04-11,2023-03-31,0.0042188096047096005,1.2278390423243393
combined_aggressive_sector_allocation,combined,aggressive_sector_sentiment_risk_budget,2023-04-12,2023-03-31,-0.0025192664120475567,1.2247457886656108
combined_aggressive_sector_allocation,combined,aggressive_sector_sentiment_risk_budget,2023-04-13,2023-03-31,0.011198293752176944,1.2384608517788298
combined_aggressive_sector_allocation,combined,aggressive_sector_sentiment_risk_budget,2023-04-14,2023-03-31,-0.00015141973193671845,1.2382733243686395
combined_aggressive_sector_allocation,combined,aggressive_sector_sentiment_risk_budget,2023-04-17,2023-03-31,0.001227255785608325,1.2397930024701354
combined_aggressive_sector_allocation,combined,aggressive_sector_sentiment_risk_budget,2023-04-18,2023-03-31,0.004806371964209743,1.2457519087986313
combined_aggressive_sector_allocation,combined,aggressive_sector_sentiment_risk_budget,2023-04-19,2023-03-31,-0.012127776551331917,1.2306437080103263
combined_aggressive_sector_allocation,combined,aggressive_sector_sentiment_risk_budget,2023-04-20,2023-03-31,-0.010392107138457462,1.2178547267474145
combined_aggressive_sector_allocation,combined,aggressive_sector_sentiment_risk_budget,2023-04-21,2023-03-31,-0.007238252077145146,1.209039587241874
combined_aggressive_sector_allocation,combined,aggressive_sector_sentiment_risk_budget,2023-04-24,2023-03-31,-0.0008606265683337895,1.2079990556509264
combined_aggressive_sector_allocation,combined,aggressive_sector_sentiment_risk_budget,2023-04-25,2023-03-31,-0.008459421547876208,1.1977800824097389
combined_aggressive_sector_allocation,combined,aggressive_sector_sentiment_risk_budget,2023-04-26,2023-03-31,-0.013723348415758398,1.1813425290133743
combined_aggressive_sector_allocation,combined,aggressive_sector_sentiment_risk_budget,2023-04-27,2023-03-31,0.016501301819049387,1.200836218636303
combined_aggressive_sector_allocation,combined,aggressive_sector_sentiment_risk_budget,2023-04-28,2023-03-31,0.007407446391696732,1.2097313485510592
combined_aggressive_sector_allocation,combined,aggressive_sector_sentiment_risk_budget,2023-05-01,2023-04-28,-0.006620583489902493,1.2017222211576246
combined_aggressive_sector_allocation,combined,aggressive_sector_sentiment_risk_budget,2023-05-02,2023-04-28,-0.01301814472271249,1.1860780273660951
combined_aggressive_sector_allocation,combined,aggressive_sector_sentiment_risk_budget,2023-05-03,2023-04-28,-0.00843968070414878,1.1760679075249185
combined_aggressive_sector_allocation,combined,aggressive_sector_sentiment_risk_budget,2023-05-04,2023-04-28,-0.00815859853769353,1.1664728416143575
combined_aggressive_sector_allocation,combined,aggressive_sector_sentiment_risk_budget,2023-05-05,2023-04-28,0.019194594207951214,1.1888628144637408
combined_aggressive_sector_allocation,combined,aggressive_sector_sentiment_risk_budget,2023-05-08,2023-04-28,-0.008805944086737079,1.178393754992772
combined_aggressive_sector_allocation,combined,aggressive_sector_sentiment_risk_budget,2023-05-09,2023-04-28,0.001262263118316383,1.1798811979685537
combined_aggressive_sector_allocation,combined,aggressive_sector_sentiment_risk_budget,2023-05-10,2023-04-28,-0.004014276877862947,1.1751448281569234
combined_aggressive_sector_allocation,combined,aggressive_sector_sentiment_risk_budget,2023-05-11,2023-04-28,-0.010082886574975356,1.1632959761454482
combined_aggressive_sector_allocation,combined,aggressive_sector_sentiment_risk_budget,2023-05-12,2023-04-28,0.0007276764108813644,1.1641424791861625
combined_aggressive_sector_allocation,combined,aggressive_sector_sentiment_risk_budget,2023-05-15,2023-04-28,0.005156015164957936,1.170144815463018
combined_aggressive_sector_allocation,combined,aggressive_sector_sentiment_risk_budget,2023-05-16,2023-04-28,-0.011024725741104708,1.1572442897951627
combined_aggressive_sector_allocation,combined,aggressive_sector_sentiment_risk_budget,2023-05-17,2023-04-28,0.01374739629428225,1.173153385656272
combined_aggressive_sector_allocation,combined,aggressive_sector_sentiment_risk_budget,2023-05-18,2023-04-28,-8.376794778504489e-05,1.1730551130047184
combined_aggressive_sector_allocation,combined,aggressive_sector_sentiment_risk_budget,2023-05-19,2023-04-28,-3.7058327631554993e-05,1.1730116415440108
combined_aggressive_sector_allocation,combined,aggressive_sector_sentiment_risk_budget,2023-05-22,2023-04-28,0.0021350257840884058,1.175516051643743
combined_aggressive_sector_allocation,combined,aggressive_sector_sentiment_risk_budget,2023-05-23,2023-04-28,-0.002216899807044109,1.1729100503356769
combined_aggressive_sector_allocation,combined,aggressive_sector_sentiment_risk_budget,2023-05-24,2023-04-28,-0.012128257324020834,1.1586846954272756
combined_aggressive_sector_allocation,combined,aggressive_sector_sentiment_risk_budget,2023-05-25,2023-04-28,-0.00462119110151949,1.1533301920233003
combined_aggressive_sector_allocation,combined,aggressive_sector_sentiment_risk_budget,2023-05-26,2023-04-28,0.006363237580144082,1.160669106043498
combined_aggressive_sector_allocation,combined,aggressive_sector_sentiment_risk_budget,2023-05-30,2023-04-28,-0.0015794688009640274,1.1588358654022595
combined_aggressive_sector_allocation,combined,aggressive_sector_sentiment_risk_budget,2023-05-31,2023-04-28,-0.006498142343940266,1.1513055849956124
combined_aggressive_sector_allocation,combined,aggressive_sector_sentiment_risk_budget,2023-06-01,2023-05-31,0.002546348709958374,1.154237210486734
combined_aggressive_sector_allocation,combined,aggressive_sector_sentiment_risk_budget,2023-06-02,2023-05-31,0.02442976813020133,1.1824349579061753
combined_aggressive_sector_allocation,combined,aggressive_sector_sentiment_risk_budget,2023-06-05,2023-05-31,-0.01420215925648367,1.1656418283235581
combined_aggressive_sector_allocation,combined,aggressive_sector_sentiment_risk_budget,2023-06-06,2023-05-31,0.008051376195715693,1.175026849192853
combined_aggressive_sector_allocation,combined,aggressive_sector_sentiment_risk_budget,2023-06-07,2023-05-31,0.00039804486038744766,1.1754945625909916
combined_aggressive_sector_allocation,combined,aggressive_sector_sentiment_risk_budget,2023-06-08,2023-05-31,0.0033395018075121842,1.179420128807485
combined_aggressive_sector_allocation,combined,aggressive_sector_sentiment_risk_budget,2023-06-09,2023-05-31,-0.005559401861145938,1.1728632583483198
combined_aggressive_sector_allocation,combined,aggressive_sector_sentiment_risk_budget,2023-06-12,2023-05-31,0.001802262253023541,1.1749770655267993
combined_aggressive_sector_allocation,combined,aggressive_sector_sentiment_risk_budget,2023-06-13,2023-05-31,0.007197928340853039,1.183434466246607
combined_aggressive_sector_allocation,combined,aggressive_sector_sentiment_risk_budget,2023-06-14,2023-05-31,-0.010874746676171741,1.1705649162183247
combined_aggressive_sector_allocation,combined,aggressive_sector_sentiment_risk_budget,2023-06-15,2023-05-31,0.00938455664667688,1.181550148983188
combined_aggressive_sector_allocation,combined,aggressive_sector_sentiment_risk_budget,2023-06-16,2023-05-31,0.0034154089174661894,1.185585625898459
combined_aggressive_sector_allocation,combined,aggressive_sector_sentiment_risk_budget,2023-06-20,2023-05-31,-0.0039664509355659214,1.1808830586834205
combined_aggressive_sector_allocation,combined,aggressive_sector_sentiment_risk_budget,2023-06-21,2023-05-31,0.013530975461350143,1.19686155837319
combined_aggressive_sector_allocation,combined,aggressive_sector_sentiment_risk_budget,2023-06-22,2023-05-31,-0.003587291672273715,1.1925680668719734
combined_aggressive_sector_allocation,combined,aggressive_sector_sentiment_risk_budget,2023-06-23,2023-05-31,0.00981946368486571,1.2042784456963531
combined_aggressive_sector_allocation,combined,aggressive_sector_sentiment_risk_budget,2023-06-26,2023-05-31,0.0067636588793697165,1.2124237742988209
combined_aggressive_sector_allocation,combined,aggressive_sector_sentiment_risk_budget,2023-06-27,2023-05-31,0.008600964216955841,1.2228517877973515
combined_aggressive_sector_allocation,combined,aggressive_sector_sentiment_risk_budget,2023-06-28,2023-05-31,-0.00849380754794478,1.2124651200521406
combined_aggressive_sector_allocation,combined,aggressive_sector_sentiment_risk_budget,2023-06-29,2023-05-31,0.01162810991400793,1.2265637977350077
combined_aggressive_sector_allocation,combined,aggressive_sector_sentiment_risk_budget,2023-06-30,2023-05-31,0.025562905674514642,1.257918332400282
combined_aggressive_sector_allocation,combined,aggressive_sector_sentiment_risk_budget,2023-07-03,2023-06-30,0.0031192383861028098,1.2618420795492873
combined_aggressive_sector_allocation,combined,aggressive_sector_sentiment_risk_budget,2023-07-05,2023-06-30,-0.0023546328974388387,1.2588709046774078
combined_aggressive_sector_allocation,combined,aggressive_sector_sentiment_risk_budget,2023-07-06,2023-06-30,-0.014062767640245843,1.2411676956558633
combined_aggressive_sector_allocation,combined,aggressive_sector_sentiment_risk_budget,2023-07-07,2023-06-30,-0.0003425358818450069,1.2407425511847143
combined_aggressive_sector_allocation,combined,aggressive_sector_sentiment_risk_budget,2023-07-10,2023-06-30,0.005111945031514081,1.247085158904631
combined_aggressive_sector_allocation,combined,aggressive_sector_sentiment_risk_budget,2023-07-11,2023-06-30,0.009318818411952631,1.2587065190447042
combined_aggressive_sector_allocation,combined,aggressive_sector_sentiment_risk_budget,2023-07-12,2023-06-30,0.004483425025600501,1.2643498353520757
combined_aggressive_sector_allocation,combined,aggressive_sector_sentiment_risk_budget,2023-07-13,2023-06-30,0.042858331636998606,1.3185377599007795
combined_aggressive_sector_allocation,combined,aggressive_sector_sentiment_risk_budget,2023-07-14,2023-06-30,-0.014694706920363673,1.2991622339556046
combined_aggressive_sector_allocation,combined,aggressive_sector_sentiment_risk_budget,2023-07-17,2023-06-30,-0.007169185008667011,1.2898482995441036
combined_aggressive_sector_allocation,combined,aggressive_sector_sentiment_risk_budget,2023-07-18,2023-06-30,0.001809752609347215,1.2921826058698658
combined_aggressive_sector_allocation,combined,aggressive_sector_sentiment_risk_budget,2023-07-19,2023-06-30,0.011384157111252909,1.3068930156715166
combined_aggressive_sector_allocation,combined,aggressive_sector_sentiment_risk_budget,2023-07-20,2023-06-30,0.004923772946964922,1.3133278601466574
combined_aggressive_sector_allocation,combined,aggressive_sector_sentiment_risk_budget,2023-07-21,2023-06-30,0.005863547975240779,1.3210286210618476
combined_aggressive_sector_allocation,combined,aggressive_sector_sentiment_risk_budget,2023-07-24,2023-06-30,-0.004577137169053569,1.3149820918590018
combined_aggressive_sector_allocation,combined,aggressive_sector_sentiment_risk_budget,2023-07-25,2023-06-30,-0.0004219699211209601,1.3144272089694247
combined_aggressive_sector_allocation,combined,aggressive_sector_sentiment_risk_budget,2023-07-26,2023-06-30,0.005956350562563458,1.3222563982150184
combined_aggressive_sector_allocation,combined,aggressive_sector_sentiment_risk_budget,2023-07-27,2023-06-30,-0.004875541990109037,1.3158096816238307
combined_aggressive_sector_allocation,combined,aggressive_sector_sentiment_risk_budget,2023-07-28,2023-06-30,0.0017932488165055215,1.3181692557781493
combined_aggressive_sector_allocation,combined,aggressive_sector_sentiment_risk_budget,2023-07-31,2023-06-30,-0.002498089187428971,1.3148763514130886
combined_aggressive_sector_allocation,combined,aggressive_sector_sentiment_risk_budget,2023-08-01,2023-07-31,-0.0012539917785899437,1.3132275072785542
combined_aggressive_sector_allocation,combined,aggressive_sector_sentiment_risk_budget,2023-08-02,2023-07-31,-0.020689379099735214,1.2860576455362678
combined_aggressive_sector_allocation,combined,aggressive_sector_sentiment_risk_budget,2023-08-03,2023-07-31,-0.006203089260346126,1.2780801151670558
combined_aggressive_sector_allocation,combined,aggressive_sector_sentiment_risk_budget,2023-08-04,2023-07-31,-0.001649671944238151,1.275971702258576
combined_aggressive_sector_allocation,combined,aggressive_sector_sentiment_risk_budget,2023-08-07,2023-07-31,0.007149288658679021,1.2850939922783284
combined_aggressive_sector_allocation,combined,aggressive_sector_sentiment_risk_budget,2023-08-08,2023-07-31,-0.0003984818172337091,1.2845819056889693
combined_aggressive_sector_allocation,combined,aggressive_sector_sentiment_risk_budget,2023-08-09,2023-07-31,-0.002731893678788878,1.281072564500931
combined_aggressive_sector_allocation,combined,aggressive_sector_sentiment_risk_budget,2023-08-10,2023-07-31,-0.0017387332640753498,1.278845121019339
combined_aggressive_sector_allocation,combined,aggressive_sector_sentiment_risk_budget,2023-08-11,2023-07-31,0.0010768831474984376,1.2802222877784255
combined_aggressive_sector_allocation,combined,aggressive_sector_sentiment_risk_budget,2023-08-14,2023-07-31,0.004139228613798872,1.285521420504021
combined_aggressive_sector_allocation,combined,aggressive_sector_sentiment_risk_budget,2023-08-15,2023-07-31,-0.01717345187946545,1.263444580248973
combined_aggressive_sector_allocation,combined,aggressive_sector_sentiment_risk_budget,2023-08-16,2023-07-31,-0.0151379947634123,1.2443185628093025
combined_aggressive_sector_allocation,combined,aggressive_sector_sentiment_risk_budget,2023-08-17,2023-07-31,-0.020123726892610213,1.219278235883923
combined_aggressive_sector_allocation,combined,aggressive_sector_sentiment_risk_budget,2023-08-18,2023-07-31,0.0030689576162822945,1.2230201491123063
combined_aggressive_sector_allocation,combined,aggressive_sector_sentiment_risk_budget,2023-08-21,2023-07-31,-0.0004987383519268786,1.2224101820587645
combined_aggressive_sector_allocation,combined,aggressive_sector_sentiment_risk_budget,2023-08-22,2023-07-31,-0.007581259433723707,1.2131427733341515
combined_aggressive_sector_allocation,combined,aggressive_sector_sentiment_risk_budget,2023-08-23,2023-07-31,0.012599515850228445,1.228427784935365
combined_aggressive_sector_allocation,combined,aggressive_sector_sentiment_risk_budget,2023-08-24,2023-07-31,-0.013018207371618167,1.212435857290019
combined_aggressive_sector_allocation,combined,aggressive_sector_sentiment_risk_budget,2023-08-25,2023-07-31,0.0034199295169247135,1.2165823024657432
combined_aggressive_sector_allocation,combined,aggressive_sector_sentiment_risk_budget,2023-08-28,2023-07-31,0.005938664972340864,1.2238071771713663
combined_aggressive_sector_allocation,combined,aggressive_sector_sentiment_risk_budget,2023-08-29,2023-07-31,0.021431056147664634,1.250034657499241
combined_aggressive_sector_allocation,combined,aggressive_sector_sentiment_risk_budget,2023-08-30,2023-07-31,-0.002384387345817999,1.2470540906800658
combined_aggressive_sector_allocation,combined,aggressive_sector_sentiment_risk_budget,2023-08-31,2023-07-31,-0.008383855056668906,1.236598969935978
combined_aggressive_sector_allocation,combined,aggressive_sector_sentiment_risk_budget,2023-09-01,2023-08-31,0.0017373822557488635,1.2387474150438222
combined_aggressive_sector_allocation,combined,aggressive_sector_sentiment_risk_budget,2023-09-05,2023-08-31,-0.007387556091459101,1.229596099032036
combined_aggressive_sector_allocation,combined,aggressive_sector_sentiment_risk_budget,2023-09-06,2023-08-31,-0.002079670040300236,1.227038944863209
combined_aggressive_sector_allocation,combined,aggressive_sector_sentiment_risk_budget,2023-09-07,2023-08-31,0.0025697818836546158,1.230192167314257
combined_aggressive_sector_allocation,combined,aggressive_sector_sentiment_risk_budget,2023-09-08,2023-08-31,0.00036294276418052425,1.2306386566599352
combined_aggressive_sector_allocation,combined,aggressive_sector_sentiment_risk_budget,2023-09-11,2023-08-31,-0.00627670118685517,1.222914305543088
combined_aggressive_sector_allocation,combined,aggressive_sector_sentiment_risk_budget,2023-09-12,2023-08-31,0.0067021253589004525,1.2311104305220304
combined_aggressive_sector_allocation,combined,aggressive_sector_sentiment_risk_budget,2023-09-13,2023-08-31,-0.0003413343969262306,1.2306902101856787
combined_aggressive_sector_allocation,combined,aggressive_sector_sentiment_risk_budget,2023-09-14,2023-08-31,0.014086339810937888,1.2480261306883487
combined_aggressive_sector_allocation,combined,aggressive_sector_sentiment_risk_budget,2023-09-15,2023-08-31,-0.004650200090409576,1.2422225594625882
combined_aggressive_sector_allocation,combined,aggressive_sector_sentiment_risk_budget,2023-09-18,2023-08-31,0.003298867068617328,1.246320486555893
combined_aggressive_sector_allocation,combined,aggressive_sector_sentiment_risk_budget,2023-09-19,2023-08-31,-0.0002743945600282017,1.2459785029943304
combined_aggressive_sector_allocation,combined,aggressive_sector_sentiment_risk_budget,2023-09-20,2023-08-31,-0.005898090792478782,1.238629608658193
combined_aggressive_sector_allocation,combined,aggressive_sector_sentiment_risk_budget,2023-09-21,2023-08-31,-0.02040450243478526,1.2133559877925297
combined_aggressive_sector_allocation,combined,aggressive_sector_sentiment_risk_budget,2023-09-22,2023-08-31,-0.0019251466709807364,1.2110200995519165
combined_aggressive_sector_allocation,combined,aggressive_sector_sentiment_risk_budget,2023-09-25,2023-08-31,0.0039984054339819615,1.2158622488986262
combined_aggressive_sector_allocation,combined,aggressive_sector_sentiment_risk_budget,2023-09-26,2023-08-31,-0.009793134045996795,1.2039551469136949
combined_aggressive_sector_allocation,combined,aggressive_sector_sentiment_risk_budget,2023-09-27,2023-08-31,0.0020630223042677172,1.2064389332351158
combined_aggressive_sector_allocation,combined,aggressive_sector_sentiment_risk_budget,2023-09-28,2023-08-31,0.008476188263817132,1.2166649367620153
combined_aggressive_sector_allocation,combined,aggressive_sector_sentiment_risk_budget,2023-09-29,2023-08-31,-0.0012192771921693403,1.2151814849541092
combined_aggressive_sector_allocation,combined,aggressive_sector_sentiment_risk_budget,2023-10-02,2023-09-29,-0.016769856781795708,1.194803065487539
combined_aggressive_sector_allocation,combined,aggressive_sector_sentiment_risk_budget,2023-10-03,2023-09-29,-0.00892750208606922,1.1841364586279572
combined_aggressive_sector_allocation,combined,aggressive_sector_sentiment_risk_budget,2023-10-04,2023-09-29,0.0023379126381364145,1.1869048662198616
combined_aggressive_sector_allocation,combined,aggressive_sector_sentiment_risk_budget,2023-10-05,2023-09-29,-0.001887876805700312,1.1846641360523522
combined_aggressive_sector_allocation,combined,aggressive_sector_sentiment_risk_budget,2023-10-06,2023-09-29,0.010108450740831065,1.1966392551160667
combined_aggressive_sector_allocation,combined,aggressive_sector_sentiment_risk_budget,2023-10-09,2023-09-29,-0.0008747332188300637,1.1955925150086606
combined_aggressive_sector_allocation,combined,aggressive_sector_sentiment_risk_budget,2023-10-10,2023-09-29,0.0044518967558491145,1.200915169447545
combined_aggressive_sector_allocation,combined,aggressive_sector_sentiment_risk_budget,2023-10-11,2023-09-29,0.0017229653146193583,1.2029843046303035
combined_aggressive_sector_allocation,combined,aggressive_sector_sentiment_risk_budget,2023-10-12,2023-09-29,-0.009778397811391455,1.1912210455387682
combined_aggressive_sector_allocation,combined,aggressive_sector_sentiment_risk_budget,2023-10-13,2023-09-29,0.0031345583643612824,1.194954997430865
combined_aggressive_sector_allocation,combined,aggressive_sector_sentiment_risk_budget,2023-10-16,2023-09-29,0.014316619317166789,1.2120627132302288
combined_aggressive_sector_allocation,combined,aggressive_sector_sentiment_risk_budget,2023-10-17,2023-09-29,-0.000928474544666138,1.2109373438544555
combined_aggressive_sector_allocation,combined,aggressive_sector_sentiment_risk_budget,2023-10-18,2023-09-29,-0.016414980245230096,1.1910598312768732
combined_aggressive_sector_allocation,combined,aggressive_sector_sentiment_risk_budget,2023-10-19,2023-09-29,-0.006603003095113889,1.1831952595244861
combined_aggressive_sector_allocation,combined,aggressive_sector_sentiment_risk_budget,2023-10-20,2023-09-29,-0.0026138066847069394,1.1801026158458274
combined_aggressive_sector_allocation,combined,aggressive_sector_sentiment_risk_budget,2023-10-23,2023-09-29,0.006094704160912597,1.1872949921689266
combined_aggressive_sector_allocation,combined,aggressive_sector_sentiment_risk_budget,2023-10-24,2023-09-29,0.007993242836220674,1.1967853293595616
combined_aggressive_sector_allocation,combined,aggressive_sector_sentiment_risk_budget,2023-10-25,2023-09-29,-0.008277963538141078,1.1868783840401411
combined_aggressive_sector_allocation,combined,aggressive_sector_sentiment_risk_budget,2023-10-26,2023-09-29,0.00338819049564454,1.1908997541004318
combined_aggressive_sector_allocation,combined,aggressive_sector_sentiment_risk_budget,2023-10-27,2023-09-29,-0.01115776900560234,1.1776119697353504
combined_aggressive_sector_allocation,combined,aggressive_sector_sentiment_risk_budget,2023-10-30,2023-09-29,0.009225813470255768,1.1884763981084694
combined_aggressive_sector_allocation,combined,aggressive_sector_sentiment_risk_budget,2023-10-31,2023-09-29,0.007390265145702522,1.1972595538099005
combined_aggressive_sector_allocation,combined,aggressive_sector_sentiment_risk_budget,2023-11-01,2023-10-31,0.005226094893338902,1.2035165458500676
combined_aggressive_sector_allocation,combined,aggressive_sector_sentiment_risk_budget,2023-11-02,2023-10-31,0.017724280556693027,1.2248480107633364
combined_aggressive_sector_allocation,combined,aggressive_sector_sentiment_risk_budget,2023-11-03,2023-10-31,0.012201562387333314,1.2397930701816662
combined_aggressive_sector_allocation,combined,aggressive_sector_sentiment_risk_budget,2023-11-06,2023-10-31,0.0015387011425016736,1.2417007411952203
combined_aggressive_sector_allocation,combined,aggressive_sector_sentiment_risk_budget,2023-11-07,2023-10-31,-0.007091762452789915,1.2328948945012108
combined_aggressive_sector_allocation,combined,aggressive_sector_sentiment_risk_budget,2023-11-08,2023-10-31,0.0014404783613491433,1.2346708529185575
combined_aggressive_sector_allocation,combined,aggressive_sector_sentiment_risk_budget,2023-11-09,2023-10-31,-0.0041299197003873914,1.2295717614395951
combined_aggressive_sector_allocation,combined,aggressive_sector_sentiment_risk_budget,2023-11-10,2023-10-31,0.01087301303167363,1.2429409112251057
combined_aggressive_sector_allocation,combined,aggressive_sector_sentiment_risk_budget,2023-11-13,2023-10-31,-0.003105711377060313,1.2390806954961002
combined_aggressive_sector_allocation,combined,aggressive_sector_sentiment_risk_budget,2023-11-14,2023-10-31,0.016812315918279332,1.259912511597022
combined_aggressive_sector_allocation,combined,aggressive_sector_sentiment_risk_budget,2023-11-15,2023-10-31,0.013949540955756356,1.2774877127782145
combined_aggressive_sector_allocation,combined,aggressive_sector_sentiment_risk_budget,2023-11-16,2023-10-31,-0.005687831869168822,1.270221577453003
combined_aggressive_sector_allocation,combined,aggressive_sector_sentiment_risk_budget,2023-11-17,2023-10-31,0.001676086807004646,1.2723505790809446
combined_aggressive_sector_allocation,combined,aggressive_sector_sentiment_risk_budget,2023-11-20,2023-10-31,0.001539523955330161,1.274309393277018
combined_aggressive_sector_allocation,combined,aggressive_sector_sentiment_risk_budget,2023-11-21,2023-10-31,-0.011555304848668822,1.2595843597661798
combined_aggressive_sector_allocation,combined,aggressive_sector_sentiment_risk_budget,2023-11-22,2023-10-31,0.010721684328485675,1.2730892256566904
combined_aggressive_sector_allocation,combined,aggressive_sector_sentiment_risk_budget,2023-11-24,2023-10-31,0.004522623484951873,1.2788469288870845
combined_aggressive_sector_allocation,combined,aggressive_sector_sentiment_risk_budget,2023-11-27,2023-10-31,-0.0033073151452396427,1.2746173790707331
combined_aggressive_sector_allocation,combined,aggressive_sector_sentiment_risk_budget,2023-11-28,2023-10-31,0.00579403182293399,1.2820025527271335
combined_aggressive_sector_allocation,combined,aggressive_sector_sentiment_risk_budget,2023-11-29,2023-10-31,0.004624723442964383,1.287931459986671
combined_aggressive_sector_allocation,combined,aggressive_sector_sentiment_risk_budget,2023-11-30,2023-10-31,0.0066080085427143755,1.2964421220766935
combined_aggressive_sector_allocation,combined,aggressive_sector_sentiment_risk_budget,2023-12-01,2023-11-30,0.010446639878471449,1.3099855860493101
combined_aggressive_sector_allocation,combined,aggressive_sector_sentiment_risk_budget,2023-12-04,2023-11-30,0.0022993662865402886,1.3129977227417255
combined_aggressive_sector_allocation,combined,aggressive_sector_sentiment_risk_budget,2023-12-05,2023-11-30,-0.0002974319837453234,1.3126071952243974
combined_aggressive_sector_allocation,combined,aggressive_sector_sentiment_risk_budget,2023-12-06,2023-11-30,-0.0007127888954009151,1.3116715833916182
combined_aggressive_sector_allocation,combined,aggressive_sector_sentiment_risk_budget,2023-12-07,2023-11-30,0.01105391718245486,1.3261706924450085
combined_aggressive_sector_allocation,combined,aggressive_sector_sentiment_risk_budget,2023-12-08,2023-11-30,0.01191647438295842,1.3419739715289598
combined_aggressive_sector_allocation,combined,aggressive_sector_sentiment_risk_budget,2023-12-11,2023-11-30,-0.006839591197243906,1.33279541816636
combined_aggressive_sector_allocation,combined,aggressive_sector_sentiment_risk_budget,2023-12-12,2023-11-30,0.0023689100391004175,1.3359526906125212
combined_aggressive_sector_allocation,combined,aggressive_sector_sentiment_risk_budget,2023-12-13,2023-11-30,0.021118417009123588,1.3641658966373371
combined_aggressive_sector_allocation,combined,aggressive_sector_sentiment_risk_budget,2023-12-14,2023-11-30,0.01243196574113635,1.381125160329559
combined_aggressive_sector_allocation,combined,aggressive_sector_sentiment_risk_budget,2023-12-15,2023-11-30,-0.007625759144026683,1.3705930325091304
combined_aggressive_sector_allocation,combined,aggressive_sector_sentiment_risk_budget,2023-12-18,2023-11-30,9.165978539039997e-07,1.3705942887917626
combined_aggressive_sector_allocation,combined,aggressive_sector_sentiment_risk_budget,2023-12-19,2023-11-30,0.004119211927142983,1.3762400571334277
combined_aggressive_sector_allocation,combined,aggressive_sector_sentiment_risk_budget,2023-12-20,2023-11-30,-0.00881956906297432,1.3641022129023077
combined_aggressive_sector_allocation,combined,aggressive_sector_sentiment_risk_budget,2023-12-21,2023-11-30,0.013504112848662389,1.3825232031224506
combined_aggressive_sector_allocation,combined,aggressive_sector_sentiment_risk_budget,2023-12-22,2023-11-30,0.005959069561703693,1.3907617550605267
combined_aggressive_sector_allocation,combined,aggressive_sector_sentiment_risk_budget,2023-12-26,2023-11-30,0.0016981428489864928,1.3931234671895265
combined_aggressive_sector_allocation,combined,aggressive_sector_sentiment_risk_budget,2023-12-27,2023-11-30,0.012284601139414594,1.4102374333219083
combined_aggressive_sector_allocation,combined,aggressive_sector_sentiment_risk_budget,2023-12-28,2023-11-30,-0.0011858331209164729,1.408565127065119
combined_aggressive_sector_allocation,combined,aggressive_sector_sentiment_risk_budget,2023-12-29,2023-11-30,-0.006164714852947215,1.399881724704957
combined_equal_weight,combined,equal_weight,2021-01-04,2020-12-31,-0.003890754794180158,0.9961092452058199
combined_equal_weight,combined,equal_weight,2021-01-05,2020-12-31,0.018120376539992038,1.0141591198039166
combined_equal_weight,combined,equal_weight,2021-01-06,2020-12-31,0.04018247716107984,1.0549105454731385
combined_equal_weight,combined,equal_weight,2021-01-07,2020-12-31,0.010143704534638193,1.065611246356892
combined_equal_weight,combined,equal_weight,2021-01-08,2020-12-31,0.0012208607118854038,1.0669122092617123
combined_equal_weight,combined,equal_weight,2021-01-11,2020-12-31,-0.021524225782496312,1.0439477499794612
combined_equal_weight,combined,equal_weight,2021-01-12,2020-12-31,-0.0006109898860971222,1.0433099084626098
combined_equal_weight,combined,equal_weight,2021-01-13,2020-12-31,0.013803567861465393,1.0577113075846127
combined_equal_weight,combined,equal_weight,2021-01-14,2020-12-31,0.005860779073975744,1.0639103198824122
combined_equal_weight,combined,equal_weight,2021-01-15,2020-12-31,-0.015495323336940951,1.047424685474326
combined_equal_weight,combined,equal_weight,2021-01-19,2020-12-31,0.007634480717274239,1.055421229038377
combined_equal_weight,combined,equal_weight,2021-01-20,2020-12-31,0.005661901921990958,1.0613969205235796
combined_equal_weight,combined,equal_weight,2021-01-21,2020-12-31,-0.027791277934350517,1.031899343706645
combined_equal_weight,combined,equal_weight,2021-01-22,2020-12-31,0.007759507727108146,1.0399063746377346
combined_equal_weight,combined,equal_weight,2021-01-25,2020-12-31,-0.0020777196750773348,1.0377457407029114
combined_equal_weight,combined,equal_weight,2021-01-26,2020-12-31,-0.0046170905108714935,1.0329543746908147
combined_equal_weight,combined,equal_weight,2021-01-27,2020-12-31,-0.03390197079643123,0.9979351856460009
combined_equal_weight,combined,equal_weight,2021-01-28,2020-12-31,0.024511344724528244,1.022395918994106
combined_equal_weight,combined,equal_weight,2021-01-29,2020-12-31,-0.007617075142822901,1.0146082524534124
combined_equal_weight,combined,equal_weight,2021-02-01,2021-01-29,0.010204431715737181,1.0249617530837967
combined_equal_weight,combined,equal_weight,2021-02-02,2021-01-29,0.0214035617840536,1.0468995852922176
combined_equal_weight,combined,equal_weight,2021-02-03,2021-01-29,0.00942780995715251,1.0567695556265744
combined_equal_weight,combined,equal_weight,2021-02-04,2021-01-29,0.004677017929212064,1.0617120857852855
combined_equal_weight,combined,equal_weight,2021-02-05,2021-01-29,0.019298369448650807,1.0822013978648677
combined_equal_weight,combined,equal_weight,2021-02-08,2021-01-29,0.024349974909302276,1.1085529747496892
combined_equal_weight,combined,equal_weight,2021-02-09,2021-01-29,0.008633479616969735,1.1181236442615219
combined_equal_weight,combined,equal_weight,2021-02-10,2021-01-29,0.008348949512855613,1.1274588021165917
combined_equal_weight,combined,equal_weight,2021-02-11,2021-01-29,0.012119537999230365,1.1411230819114104
combined_equal_weight,combined,equal_weight,2021-02-12,2021-01-29,0.012771234706878482,1.1556966326199376
combined_equal_weight,combined,equal_weight,2021-02-16,2021-01-29,8.878331594455724e-05,1.1557992391992076
combined_equal_weight,combined,equal_weight,2021-02-17,2021-01-29,0.00907787279586501,1.1662914376702154
combined_equal_weight,combined,equal_weight,2021-02-18,2021-01-29,-0.004446512107421032,1.1611055086718332
combined_equal_weight,combined,equal_weight,2021-02-19,2021-01-29,0.009084852155601878,1.1716539805551718
combined_equal_weight,combined,equal_weight,2021-02-22,2021-01-29,-0.008683328312674089,1.1614801243731598
combined_equal_weight,combined,equal_weight,2021-02-23,2021-01-29,-0.026107713165073612,1.1311565344390913
combined_equal_weight,combined,equal_weight,2021-02-24,2021-01-29,0.018758703010906316,1.15237556392748
combined_equal_weight,combined,equal_weight,2021-02-25,2021-01-29,-0.02413005959171149,1.1245686728978779
combined_equal_weight,combined,equal_weight,2021-02-26,2021-01-29,-0.010366431104046591,1.112910909228513
combined_equal_weight,combined,equal_weight,2021-03-01,2021-02-26,0.027648109503017663,1.1436807919139658
combined_equal_weight,combined,equal_weight,2021-03-02,2021-02-26,-0.004995095667853328,1.1379679969448693
combined_equal_weight,combined,equal_weight,2021-03-03,2021-02-26,-0.00033320893871828863,1.1375888158363119
combined_equal_weight,combined,equal_weight,2021-03-04,2021-02-26,-0.009153766461762134,1.1271755934866337
combined_equal_weight,combined,equal_weight,2021-03-05,2021-02-26,0.013226334721981786,1.1420839951765365
combined_equal_weight,combined,equal_weight,2021-03-08,2021-02-26,0.004461557087061157,1.1471794681192355
combined_equal_weight,combined,equal_weight,2021-03-09,2021-02-26,0.013254338704809365,1.162384573344891
combined_equal_weight,combined,equal_weight,2021-03-10,2021-02-26,0.003480025766252345,1.1664297016104255
combined_equal_weight,combined,equal_weight,2021-03-11,2021-02-26,0.004812708500153618,1.1720433877501977
combined_equal_weight,combined,equal_weight,2021-03-12,2021-02-26,0.002555291877315304,1.1750383006987768
combined_equal_weight,combined,equal_weight,2021-03-15,2021-02-26,-0.0011713058424096998,1.1736619714721133
combined_equal_weight,combined,equal_weight,2021-03-16,2021-02-26,0.007015489487125954,1.1818957846944154
combined_equal_weight,combined,equal_weight,2021-03-17,2021-02-26,0.006925596336963361,1.1900811178115676
combined_equal_weight,combined,equal_weight,2021-03-18,2021-02-26,-0.015048507897716848,1.1721721727112564
combined_equal_weight,combined,equal_weight,2021-03-19,2021-02-26,-0.0007063611481626297,1.171344195829496
combined_equal_weight,combined,equal_weight,2021-03-22,2021-02-26,-0.00010487066879600714,1.1712213561802889
combined_equal_weight,combined,equal_weight,2021-03-23,2021-02-26,-0.005565115183487838,1.1647033744277848
combined_equal_weight,combined,equal_weight,2021-03-24,2021-02-26,-0.013883901971090518,1.1485327469518312
combined_equal_weight,combined,equal_weight,2021-03-25,2021-02-26,0.00575361294981287,1.1551409598379774
combined_equal_weight,combined,equal_weight,2021-03-26,2021-02-26,0.03094468102817685,1.1908864283827456
combined_equal_weight,combined,equal_weight,2021-03-29,2021-02-26,0.007208518760961629,1.1994709555439171
combined_equal_weight,combined,equal_weight,2021-03-30,2021-02-26,-0.000541811698109912,1.1988210681486604
combined_equal_weight,combined,equal_weight,2021-03-31,2021-02-26,0.010304119991946515,1.2111738642837377
combined_equal_weight,combined,equal_weight,2021-04-01,2021-03-31,0.01467257875786394,1.2289449081969073
combined_equal_weight,combined,equal_weight,2021-04-05,2021-03-31,0.023081966962157613,1.25731137396622
combined_equal_weight,combined,equal_weight,2021-04-06,2021-03-31,0.005966440099026121,1.2648130469648136
combined_equal_weight,combined,equal_weight,2021-04-07,2021-03-31,-0.013625912450554611,1.2475788151205518
combined_equal_weight,combined,equal_weight,2021-04-08,2021-03-31,0.010035511307399434,1.260098906426566
combined_equal_weight,combined,equal_weight,2021-04-09,2021-03-31,-0.002264637608147718,1.2572452390530864
combined_equal_weight,combined,equal_weight,2021-04-12,2021-03-31,-0.00014566428523633693,1.2570621033239728
combined_equal_weight,combined,equal_weight,2021-04-13,2021-03-31,0.019726945162833902,1.2818600985025215
combined_equal_weight,combined,equal_weight,2021-04-14,2021-03-31,0.007179858177289758,1.2910636722128963
combined_equal_weight,combined,equal_weight,2021-04-15,2021-03-31,0.01802641009725523,1.314336915429874
combined_equal_weight,combined,equal_weight,2021-04-16,2021-03-31,0.010810640530123877,1.3285457393580582
combined_equal_weight,combined,equal_weight,2021-04-19,2021-03-31,-0.013429808386374403,1.3107036246459454
combined_equal_weight,combined,equal_weight,2021-04-20,2021-03-31,-0.0017194123355581939,1.3084499846654682
combined_equal_weight,combined,equal_weight,2021-04-21,2021-03-31,0.0020527523406248713,1.3111359084340808
combined_equal_weight,combined,equal_weight,2021-04-22,2021-03-31,-0.01619857718772049,1.2898973722177194
combined_equal_weight,combined,equal_weight,2021-04-23,2021-03-31,0.004644271415590373,1.2958880057125552
combined_equal_weight,combined,equal_weight,2021-04-26,2021-03-31,0.026003937241607523,1.3295861960852564
combined_equal_weight,combined,equal_weight,2021-04-27,2021-03-31,0.007995005006577838,1.3402162443796348
combined_equal_weight,combined,equal_weight,2021-04-28,2021-03-31,0.0006928192729146099,1.3411447720236143
combined_equal_weight,combined,equal_weight,2021-04-29,2021-03-31,0.005640496360681096,1.34870949422936
combined_equal_weight,combined,equal_weight,2021-04-30,2021-03-31,0.007084977550949063,1.3582650707187272
combined_equal_weight,combined,equal_weight,2021-05-03,2021-04-30,0.015444054543423338,1.379242190555334
combined_equal_weight,combined,equal_weight,2021-05-04,2021-04-30,-0.0056484990072109996,1.3714515424112788
combined_equal_weight,combined,equal_weight,2021-05-05,2021-04-30,0.043723330868181844,1.4314159719698056
combined_equal_weight,combined,equal_weight,2021-05-06,2021-04-30,0.022550097273660655,1.4636945413767963
combined_equal_weight,combined,equal_weight,2021-05-07,2021-04-30,0.001800001640671186,1.466329193952716
combined_equal_weight,combined,equal_weight,2021-05-10,2021-04-30,-0.014161891036241457,1.445563199684698
combined_equal_weight,combined,equal_weight,2021-05-11,2021-04-30,0.012826295389902972,1.4641044202886273
combined_equal_weight,combined,equal_weight,2021-05-12,2021-04-30,-0.04312851663134941,1.400959768448177
combined_equal_weight,combined,equal_weight,2021-05-13,2021-04-30,0.01742943796387151,1.4253777098222242
combined_equal_weight,combined,equal_weight,2021-05-14,2021-04-30,0.02061759877097845,1.454765575540435
combined_equal_weight,combined,equal_weight,2021-05-17,2021-04-30,-0.008442744291785171,1.4424833617816555
combined_equal_weight,combined,equal_weight,2021-05-18,2021-04-30,-0.004358603510738575,1.436196148736812
combined_equal_weight,combined,equal_weight,2021-05-19,2021-04-30,-0.05502496853780313,1.3571695008384548
combined_equal_weight,combined,equal_weight,2021-05-20,2021-04-30,0.0316634356068711,1.4001421499358624
combined_equal_weight,combined,equal_weight,2021-05-21,2021-04-30,-0.021497824737603276,1.37004213938881
combined_equal_weight,combined,equal_weight,2021-05-24,2021-04-30,0.047287331314570705,1.434827775949012
combined_equal_weight,combined,equal_weight,2021-05-25,2021-04-30,-0.004097105160568199,1.4289491356636448
combined_equal_weight,combined,equal_weight,2021-05-26,2021-04-30,0.014872081029443263,1.4502005829961873
combined_equal_weight,combined,equal_weight,2021-05-27,2021-04-30,-0.003959701442402557,1.4444582216559243
combined_equal_weight,combined,equal_weight,2021-05-28,2021-04-30,-0.011492925379301376,1.4278571711009145
combined_equal_weight,combined,equal_weight,2021-06-01,2021-05-28,0.0019320991050394568,1.4306159326633228
combined_equal_weight,combined,equal_weight,2021-06-02,2021-05-28,0.005887695082374622,1.4390389630548313
combined_equal_weight,combined,equal_weight,2021-06-03,2021-05-28,0.006975701709594549,1.4490772696095862
combined_equal_weight,combined,equal_weight,2021-06-04,2021-05-28,-0.00616396530320666,1.4401452075980472
combined_equal_weight,combined,equal_weight,2021-06-07,2021-05-28,-0.015368342643534448,1.4180125625912363
combined_equal_weight,combined,equal_weight,2021-06-08,2021-05-28,-0.0023711545670709786,1.414650235627284
combined_equal_weight,combined,equal_weight,2021-06-09,2021-05-28,0.007302707257698668,1.4249810121701048
combined_equal_weight,combined,equal_weight,2021-06-10,2021-05-28,-0.004799715458690143,1.4181415087776519
combined_equal_weight,combined,equal_weight,2021-06-11,2021-05-28,-0.005929566468440189,1.4097325444397006
combined_equal_weight,combined,equal_weight,2021-06-14,2021-05-28,0.0007492351693836757,1.4107887656414195
combined_equal_weight,combined,equal_weight,2021-06-15,2021-05-28,0.0008401618357091982,1.4119740565205587
combined_equal_weight,combined,equal_weight,2021-06-16,2021-05-28,-0.018244472644723616,1.38621333447131
combined_equal_weight,combined,equal_weight,2021-06-17,2021-05-28,-0.005570700136612286,1.3784911556595967
combined_equal_weight,combined,equal_weight,2021-06-18,2021-05-28,-0.02218297042893265,1.3479121271170547
combined_equal_weight,combined,equal_weight,2021-06-21,2021-05-28,-0.017547477815348333,1.324259668969429
combined_equal_weight,combined,equal_weight,2021-06-22,2021-05-28,-0.004652135019746895,1.318099034188178
combined_equal_weight,combined,equal_weight,2021-06-23,2021-05-28,0.011425151616436098,1.3331585154992558
combined_equal_weight,combined,equal_weight,2021-06-24,2021-05-28,0.01693102791334944,1.3557302595380931
combined_equal_weight,combined,equal_weight,2021-06-25,2021-05-28,-0.006932437710560353,1.3463317439615234
combined_equal_weight,combined,equal_weight,2021-06-28,2021-05-28,0.0017426400271460015,1.3486779155483681
combined_equal_weight,combined,equal_weight,2021-06-29,2021-05-28,0.012414481983307891,1.3654210532322286
combined_equal_weight,combined,equal_weight,2021-06-30,2021-05-28,0.0053687652260581194,1.3727516783017495
combined_equal_weight,combined,equal_weight,2021-07-01,2021-06-30,-0.0033192767515803833,1.3681951355702695
combined_equal_weight,combined,equal_weight,2021-07-02,2021-06-30,0.004263327713458633,1.3740281998091657
combined_equal_weight,combined,equal_weight,2021-07-06,2021-06-30,-0.004212575069847085,1.3682400028693829
combined_equal_weight,combined,equal_weight,2021-07-07,2021-06-30,-0.0021812792662466956,1.3652554893198745
combined_equal_weight,combined,equal_weight,2021-07-08,2021-06-30,-0.01410093136860779,1.3460041153643598
combined_equal_weight,combined,equal_weight,2021-07-09,2021-06-30,0.015525252970304146,1.3669011697544617
combined_equal_weight,combined,equal_weight,2021-07-12,2021-06-30,6.666012125694661e-06,1.3669102815342338
combined_equal_weight,combined,equal_weight,2021-07-13,2021-06-30,-0.009426809800300117,1.3540246782961358
combined_equal_weight,combined,equal_weight,2021-07-14,2021-06-30,-0.00025849365444602,1.353674671508833
combined_equal_weight,combined,equal_weight,2021-07-15,2021-06-30,-0.006653536534465437,1.3446679476261685
combined_equal_weight,combined,equal_weight,2021-07-16,2021-06-30,-0.011967131418521893,1.328576129582652
combined_equal_weight,combined,equal_weight,2021-07-19,2021-06-30,-0.02245957039543941,1.2987368804745898
combined_equal_weight,combined,equal_weight,2021-07-20,2021-06-30,0.0028586259219501343,1.3024494833869071
combined_equal_weight,combined,equal_weight,2021-07-21,2021-06-30,0.022601742030328026,1.331887110617952
combined_equal_weight,combined,equal_weight,2021-07-22,2021-06-30,0.004775657305063478,1.3382477470272944
combined_equal_weight,combined,equal_weight,2021-07-23,2021-06-30,0.009348842887017789,1.3507588149581582
combined_equal_weight,combined,equal_weight,2021-07-26,2021-06-30,0.008748477236540465,1.3625758977028761
combined_equal_weight,combined,equal_weight,2021-07-27,2021-06-30,0.002717867987850973,1.3662791991162602
combined_equal_weight,combined,equal_weight,2021-07-28,2021-06-30,0.006353804842844131,1.3749602705082824
combined_equal_weight,combined,equal_weight,2021-07-29,2021-06-30,0.008348407885710781,1.3864389996731328
combined_equal_weight,combined,equal_weight,2021-07-30,2021-06-30,0.0002823173721804369,1.386830415488209
combined_equal_weight,combined,equal_weight,2021-08-02,2021-07-30,-0.00041449549998878537,1.3862555805217416
combined_equal_weight,combined,equal_weight,2021-08-03,2021-07-30,0.0028984554738739304,1.3902735805972932
combined_equal_weight,combined,equal_weight,2021-08-04,2021-07-30,-0.0006855822474707836,1.389320433711308
combined_equal_weight,combined,equal_weight,2021-08-05,2021-07-30,0.006763876655075018,1.3987176257593068
combined_equal_weight,combined,equal_weight,2021-08-06,2021-07-30,0.0065574618304001945,1.4078896632017315
combined_equal_weight,combined,equal_weight,2021-08-09,2021-07-30,0.006843418909327442,1.4175244419451327
combined_equal_weight,combined,equal_weight,2021-08-10,2021-07-30,0.008391531950525909,1.4294196435903668
combined_equal_weight,combined,equal_weight,2021-08-11,2021-07-30,0.01764108417771884,1.4546361558482293
combined_equal_weight,combined,equal_weight,2021-08-12,2021-07-30,-0.002135655200135237,1.4515295545776872
combined_equal_weight,combined,equal_weight,2021-08-13,2021-07-30,0.017674559383084754,1.477184699886373
combined_equal_weight,combined,equal_weight,2021-08-16,2021-07-30,-0.008433254654068604,1.4647272251411372
combined_equal_weight,combined,equal_weight,2021-08-17,2021-07-30,-0.015290825753124779,1.4423303363656461
combined_equal_weight,combined,equal_weight,2021-08-18,2021-07-30,-0.008506412839214213,1.4300612790739973
combined_equal_weight,combined,equal_weight,2021-08-19,2021-07-30,0.0064703088836362815,1.4393142172721338
combined_equal_weight,combined,equal_weight,2021-08-20,2021-07-30,0.010881405382754462,1.4549759787434338
combined_equal_weight,combined,equal_weight,2021-08-23,2021-07-30,0.012042506748717808,1.4724975367866737
combined_equal_weight,combined,equal_weight,2021-08-24,2021-07-30,-0.00947256705076925,1.4585492051373694
combined_equal_weight,combined,equal_weight,2021-08-25,2021-07-30,0.0038713081381516173,1.4641956985451123
combined_equal_weight,combined,equal_weight,2021-08-26,2021-07-30,-0.016122481497608716,1.4405892304864405
combined_equal_weight,combined,equal_weight,2021-08-27,2021-07-30,0.02151123226674198,1.4715780800244014
combined_equal_weight,combined,equal_weight,2021-08-30,2021-07-30,-0.006425248361791524,1.4621228253764764
combined_equal_weight,combined,equal_weight,2021-08-31,2021-07-30,0.005361457888820467,1.4699619353330156
combined_equal_weight,combined,equal_weight,2021-09-01,2021-08-31,0.007531067699489176,1.4810323181836804
combined_equal_weight,combined,equal_weight,2021-09-02,2021-08-31,0.0077355292823603075,1.4924888870491122
combined_equal_weight,combined,equal_weight,2021-09-03,2021-08-31,0.0048668359169259205,1.4997525855702156
combined_equal_weight,combined,equal_weight,2021-09-07,2021-08-31,-0.03628095981293478,1.4453401222837976
combined_equal_weight,combined,equal_weight,2021-09-08,2021-08-31,-0.001571656024866978,1.4430685447726284
combined_equal_weight,combined,equal_weight,2021-09-09,2021-08-31,-0.004756211936891715,1.4362050049342279
combined_equal_weight,combined,equal_weight,2021-09-10,2021-08-31,-0.010110524390361903,1.4216842192022805
combined_equal_weight,combined,equal_weight,2021-09-13,2021-08-31,-0.002580416306756818,1.418015682059992
combined_equal_weight,combined,equal_weight,2021-09-14,2021-08-31,-0.001432419515868749,1.4159844887232014
combined_equal_weight,combined,equal_weight,2021-09-15,2021-08-31,0.012875051537632583,1.4342153619920008
combined_equal_weight,combined,equal_weight,2021-09-16,2021-08-31,-0.0078036873454129805,1.423023193721027
combined_equal_weight,combined,equal_weight,2021-09-17,2021-08-31,-0.014286215712741267,1.4026935774112943
combined_equal_weight,combined,equal_weight,2021-09-20,2021-08-31,-0.03329331545513273,1.3559932576516516
combined_equal_weight,combined,equal_weight,2021-09-21,2021-08-31,-0.010663478479630051,1.3415336527301598
combined_equal_weight,combined,equal_weight,2021-09-22,2021-08-31,0.02564758130751815,1.3759407461653284
combined_equal_weight,combined,equal_weight,2021-09-23,2021-08-31,0.012260223908901547,1.3928100877986964
combined_equal_weight,combined,equal_weight,2021-09-24,2021-08-31,-0.012367511550657524,1.3755844929499736
combined_equal_weight,combined,equal_weight,2021-09-27,2021-08-31,-0.0024383260660474316,1.372230369424763
combined_equal_weight,combined,equal_weight,2021-09-28,2021-08-31,-0.01479113248412489,1.3519335282318619
combined_equal_weight,combined,equal_weight,2021-09-29,2021-08-31,0.00746668734471468,1.3620279931980062
combined_equal_weight,combined,equal_weight,2021-09-30,2021-08-31,-0.0017850033793431162,1.3595967686273878
combined_equal_weight,combined,equal_weight,2021-10-01,2021-09-30,0.024591481632230426,1.3930312675903278
combined_equal_weight,combined,equal_weight,2021-10-04,2021-09-30,-0.004760865119006868,1.3863992336187712
combined_equal_weight,combined,equal_weight,2021-10-05,2021-09-30,0.011263409404533149,1.4020148157851504
combined_equal_weight,combined,equal_weight,2021-10-06,2021-09-30,0.0052996406598413755,1.4094449905085853
combined_equal_weight,combined,equal_weight,2021-10-07,2021-09-30,0.0056381560180195425,1.4173916612638888
combined_equal_weight,combined,equal_weight,2021-10-08,2021-09-30,-0.0023150848948262966,1.414110279238844
combined_equal_weight,combined,equal_weight,2021-10-11,2021-09-30,-0.004783810819609661,1.4073454431849
combined_equal_weight,combined,equal_weight,2021-10-12,2021-09-30,-0.004723113417267522,1.400698391039463
combined_equal_weight,combined,equal_weight,2021-10-13,2021-09-30,0.00804623580702964,1.4119687405882937
combined_equal_weight,combined,equal_weight,2021-10-14,2021-09-30,0.012013720336223652,1.4289317381612112
combined_equal_weight,combined,equal_weight,2021-10-15,2021-09-30,0.007506264442978245,1.4396576776588137
combined_equal_weight,combined,equal_weight,2021-10-18,2021-09-30,-0.0006564281322926671,1.4387126458583273
combined_equal_weight,combined,equal_weight,2021-10-19,2021-09-30,0.01033441122316651,1.4535808939725972
combined_equal_weight,combined,equal_weight,2021-10-20,2021-09-30,0.015919467021704395,1.4767211270775735
combined_equal_weight,combined,equal_weight,2021-10-21,2021-09-30,-0.005106919703657935,1.4691796308568932
combined_equal_weight,combined,equal_weight,2021-10-22,2021-09-30,-0.0005606793506842656,1.4683558921754258
combined_equal_weight,combined,equal_weight,2021-10-25,2021-09-30,0.008201312790865542,1.480398338135467
combined_equal_weight,combined,equal_weight,2021-10-26,2021-09-30,0.002038046120345053,1.4834154582250694
combined_equal_weight,combined,equal_weight,2021-10-27,2021-09-30,-0.028659861087892757,1.440900977256706
combined_equal_weight,combined,equal_weight,2021-10-28,2021-09-30,0.0162696244242114,1.4643438949891516
combined_equal_weight,combined,equal_weight,2021-10-29,2021-09-30,0.0023780289284411485,1.4678261471326222
combined_equal_weight,combined,equal_weight,2021-11-01,2021-10-29,0.005496539455518862,1.4758941114641788
combined_equal_weight,combined,equal_weight,2021-11-02,2021-10-29,0.009294275797061706,1.4896114783833863
combined_equal_weight,combined,equal_weight,2021-11-03,2021-10-29,0.006961779327564758,1.4999818247796988
combined_equal_weight,combined,equal_weight,2021-11-04,2021-10-29,-0.0004541795884501539,1.4993005636518375
combined_equal_weight,combined,equal_weight,2021-11-05,2021-10-29,0.001897790668587881,1.5021459222709446
combined_equal_weight,combined,equal_weight,2021-11-08,2021-10-29,0.013160514517736172,1.5219149354887496
combined_equal_weight,combined,equal_weight,2021-11-09,2021-10-29,0.009076821272139915,1.5357290853495813
combined_equal_weight,combined,equal_weight,2021-11-10,2021-10-29,-0.014626270437855953,1.5132670964279773
combined_equal_weight,combined,equal_weight,2021-11-11,2021-10-29,0.0028182639518571843,1.5175318825353719
combined_equal_weight,combined,equal_weight,2021-11-12,2021-10-29,-0.0017091093745052722,1.51493825456882
combined_equal_weight,combined,equal_weight,2021-11-15,2021-10-29,-0.0031997942733268,1.5100907638174068
combined_equal_weight,combined,equal_weight,2021-11-16,2021-10-29,-0.01426907675268902,1.4885431628049695
combined_equal_weight,combined,equal_weight,2021-11-17,2021-10-29,-0.004503910391576134,1.4818388977857024
combined_equal_weight,combined,equal_weight,2021-11-18,2021-10-29,-0.012178625840402224,1.4637921362938164
combined_equal_weight,combined,equal_weight,2021-11-19,2021-10-29,0.0016083130038162287,1.4661463722215018
combined_equal_weight,combined,equal_weight,2021-11-22,2021-10-29,-0.0043254668527288875,1.459804604687209
combined_equal_weight,combined,equal_weight,2021-11-23,2021-10-29,0.010080833081749263,1.4745206512390296
combined_equal_weight,combined,equal_weight,2021-11-24,2021-10-29,-0.0028379924818224857,1.4703359727165213
combined_equal_weight,combined,equal_weight,2021-11-26,2021-10-29,-0.029338476707881752,1.4271985550282171
combined_equal_weight,combined,equal_weight,2021-11-29,2021-10-29,0.008916650891831267,1.4399243862967297
combined_equal_weight,combined,equal_weight,2021-11-30,2021-10-29,-0.018449366912494755,1.4133586929676925
combined_equal_weight,combined,equal_weight,2021-12-01,2021-11-30,-0.011750985011291234,1.396750336151051
combined_equal_weight,combined,equal_weight,2021-12-02,2021-11-30,0.01842454632077213,1.4224848274180202
combined_equal_weight,combined,equal_weight,2021-12-03,2021-11-30,-0.00989665005268462,1.4084069928758105
combined_equal_weight,combined,equal_weight,2021-12-06,2021-11-30,0.017967098671794038,1.433711980286855
combined_equal_weight,combined,equal_weight,2021-12-07,2021-11-30,0.011524713550818215,1.4502351001740375
combined_equal_weight,combined,equal_weight,2021-12-08,2021-11-30,0.005738811185586795,1.4585577255886466
combined_equal_weight,combined,equal_weight,2021-12-09,2021-11-30,-0.017306547344091622,1.433315127256656
combined_equal_weight,combined,equal_weight,2021-12-10,2021-11-30,-0.0017509506946767066,1.4308054631388953
combined_equal_weight,combined,equal_weight,2021-12-13,2021-11-30,-0.01847500062645433,1.40437133131107
combined_equal_weight,combined,equal_weight,2021-12-14,2021-11-30,0.00037317725438743194,1.404895410748629
combined_equal_weight,combined,equal_weight,2021-12-15,2021-11-30,0.015336483030759818,1.4264415653755675
combined_equal_weight,combined,equal_weight,2021-12-16,2021-11-30,-0.0014557751549373462,1.424364987184724
combined_equal_weight,combined,equal_weight,2021-12-17,2021-11-30,-0.014493090540587993,1.4037215364626123
combined_equal_weight,combined,equal_weight,2021-12-20,2021-11-30,-0.006322349334487458,1.3948467185407523
combined_equal_weight,combined,equal_weight,2021-12-21,2021-11-30,0.01771832215144134,1.4195610620517383
combined_equal_weight,combined,equal_weight,2021-12-22,2021-11-30,0.005884459350951686,1.4279144114175755
combined_equal_weight,combined,equal_weight,2021-12-23,2021-11-30,0.012980871774251779,1.4464499852967931
combined_equal_weight,combined,equal_weight,2021-12-27,2021-11-30,0.011695336888605877,1.4633667051673582
combined_equal_weight,combined,equal_weight,2021-12-28,2021-11-30,-0.009558348712256833,1.4493793359054623
combined_equal_weight,combined,equal_weight,2021-12-29,2021-11-30,-0.004461703030257021,1.442912635730461
combined_equal_weight,combined,equal_weight,2021-12-30,2021-11-30,0.0015601369410051654,1.4451637770361072
combined_equal_weight,combined,equal_weight,2021-12-31,2021-11-30,-0.0034643943065615673,1.4401571598748943
combined_equal_weight,combined,equal_weight,2022-01-03,2021-12-31,0.003123160162046699,1.444655001343702
combined_equal_weight,combined,equal_weight,2022-01-04,2021-12-31,0.00494542447656564,1.4517994335475402
combined_equal_weight,combined,equal_weight,2022-01-05,2021-12-31,-0.018520541664949264,1.4249113216493732
combined_equal_weight,combined,equal_weight,2022-01-06,2021-12-31,0.0003515469813984871,1.4254122449232594
combined_equal_weight,combined,equal_weight,2022-01-07,2021-12-31,-0.005573185878732739,1.4174681575284802
combined_equal_weight,combined,equal_weight,2022-01-10,2021-12-31,-0.010468008645634554,1.4026300886005603
combined_equal_weight,combined,equal_weight,2022-01-11,2021-12-31,0.014117589837793544,1.422431844885571
combined_equal_weight,combined,equal_weight,2022-01-12,2021-12-31,0.011324891190994089,1.438540730755505
combined_equal_weight,combined,equal_weight,2022-01-13,2021-12-31,-0.009911573013603521,1.424282529269579
combined_equal_weight,combined,equal_weight,2022-01-14,2021-12-31,0.005830496410168116,1.4325868034435505
combined_equal_weight,combined,equal_weight,2022-01-18,2021-12-31,-0.01153302363533437,1.416064745979768
combined_equal_weight,combined,equal_weight,2022-01-19,2021-12-31,-0.0104890905791425,1.4012115145932558
combined_equal_weight,combined,equal_weight,2022-01-20,2021-12-31,-0.016972195148548957,1.3774298793231852
combined_equal_weight,combined,equal_weight,2022-01-21,2021-12-31,-0.03006122398201549,1.3360226512013302
combined_equal_weight,combined,equal_weight,2022-01-24,2021-12-31,-0.0028541466834678063,1.332209446582366
combined_equal_weight,combined,equal_weight,2022-01-25,2021-12-31,-0.0027430716109983645,1.328555100669542
combined_equal_weight,combined,equal_weight,2022-01-26,2021-12-31,-0.006530534848476082,1.3198789252864989
combined_equal_weight,combined,equal_weight,2022-01-27,2021-12-31,-0.004293893754328958,1.3142115054127408
combined_equal_weight,combined,equal_weight,2022-01-28,2021-12-31,0.018309617859772698,1.3382742158637646
combined_equal_weight,combined,equal_weight,2022-01-31,2021-12-31,0.014107319571363014,1.35715367790107
combined_equal_weight,combined,equal_weight,2022-02-01,2022-01-31,0.012964162723813271,1.3747480390226012
combined_equal_weight,combined,equal_weight,2022-02-02,2022-01-31,0.0017817301239004548,1.377197469016501
combined_equal_weight,combined,equal_weight,2022-02-03,2022-01-31,-0.00535646553699757,1.3698205582360738
combined_equal_weight,combined,equal_weight,2022-02-04,2022-01-31,0.013733646897065197,1.388633190095229
combined_equal_weight,combined,equal_weight,2022-02-07,2022-01-31,0.013688791888446367,1.4076419008438317
combined_equal_weight,combined,equal_weight,2022-02-08,2022-01-31,0.0029371659880817287,1.4117763787583888
combined_equal_weight,combined,equal_weight,2022-02-09,2022-01-31,0.013799729865727304,1.4312585114160692
combined_equal_weight,combined,equal_weight,2022-02-10,2022-01-31,-0.0184836291489719,1.4048036598747449
combined_equal_weight,combined,equal_weight,2022-02-11,2022-01-31,-0.018485411795621763,1.3788352857299635
combined_equal_weight,combined,equal_weight,2022-02-14,2022-01-31,-0.0060964543324511615,1.3704292793785384
combined_equal_weight,combined,equal_weight,2022-02-15,2022-01-31,0.017944771341906925,1.3950213194372407
combined_equal_weight,combined,equal_weight,2022-02-16,2022-01-31,-0.002943942595038024,1.3909144567539633
combined_equal_weight,combined,equal_weight,2022-02-17,2022-01-31,-0.02566904439235687,1.3552110118175749
combined_equal_weight,combined,equal_weight,2022-02-18,2022-01-31,-0.00830897428468353,1.3439505983700626
combined_equal_weight,combined,equal_weight,2022-02-22,2022-01-31,0.0010145262277304037,1.345314071500883
combined_equal_weight,combined,equal_weight,2022-02-23,2022-01-31,-0.013019673685019413,1.3277985212860766
combined_equal_weight,combined,equal_weight,2022-02-24,2022-01-31,0.005844886592826032,1.3355593530611158
combined_equal_weight,combined,equal_weight,2022-02-25,2022-01-31,0.028299068288828368,1.3733544383971759
combined_equal_weight,combined,equal_weight,2022-02-28,2022-01-31,0.01498101230114734,1.3939286781326392
combined_equal_weight,combined,equal_weight,2022-03-01,2022-02-28,-0.010226922298809879,1.379673077851294
combined_equal_weight,combined,equal_weight,2022-03-02,2022-02-28,0.013323609703012582,1.3980553034583387
combined_equal_weight,combined,equal_weight,2022-03-03,2022-02-28,-0.003943445898772509,1.3925421480056588
combined_equal_weight,combined,equal_weight,2022-03-04,2022-02-28,-0.010092048189367153,1.3784885455422609
combined_equal_weight,combined,equal_weight,2022-03-07,2022-02-28,-0.01776908707754453,1.3539940625411226
combined_equal_weight,combined,equal_weight,2022-03-08,2022-02-28,-0.0005181088985887562,1.3532925461686838
combined_equal_weight,combined,equal_weight,2022-03-09,2022-02-28,0.02275385732553449,1.3840851716839155
combined_equal_weight,combined,equal_weight,2022-03-10,2022-02-28,-0.008283750117282968,1.3726197559806492
combined_equal_weight,combined,equal_weight,2022-03-11,2022-02-28,-0.0057257385408503655,1.3647604941418983
combined_equal_weight,combined,equal_weight,2022-03-14,2022-02-28,-0.0036290624722818093,1.359807693048955
combined_equal_weight,combined,equal_weight,2022-03-15,2022-02-28,0.008665417098065818,1.371590993882383
combined_equal_weight,combined,equal_weight,2022-03-16,2022-02-28,0.02011624343873986,1.399182252213704
combined_equal_weight,combined,equal_weight,2022-03-17,2022-02-28,0.011785017412108271,1.4156716394187556
combined_equal_weight,combined,equal_weight,2022-03-18,2022-02-28,0.007895695606537636,1.4268493517624143
combined_equal_weight,combined,equal_weight,2022-03-21,2022-02-28,0.007010971569600105,1.4368529520017228
combined_equal_weight,combined,equal_weight,2022-03-22,2022-02-28,0.015103216163539686,1.4585540527310248
combined_equal_weight,combined,equal_weight,2022-03-23,2022-02-28,-0.006049250070386994,1.4497308945248784
combined_equal_weight,combined,equal_weight,2022-03-24,2022-02-28,0.013068632416285836,1.4686768946879574
combined_equal_weight,combined,equal_weight,2022-03-25,2022-02-28,0.005595401879406856,1.4768947321447359
combined_equal_weight,combined,equal_weight,2022-03-28,2022-02-28,0.001447418861126204,1.4790324174359402
combined_equal_weight,combined,equal_weight,2022-03-29,2022-02-28,0.012684810195777253,1.4977936629245168
combined_equal_weight,combined,equal_weight,2022-03-30,2022-02-28,-0.0019830263042148024,1.4948234986926512
combined_equal_weight,combined,equal_weight,2022-03-31,2022-02-28,-0.017306133656382422,1.468953883431575
combined_equal_weight,combined,equal_weight,2022-04-01,2022-03-31,0.007345515668125023,1.4797441071980746
combined_equal_weight,combined,equal_weight,2022-04-04,2022-03-31,0.0008953739066797084,1.4810690314602228
combined_equal_weight,combined,equal_weight,2022-04-05,2022-03-31,-0.013658704065118675,1.4608395478594958
combined_equal_weight,combined,equal_weight,2022-04-06,2022-03-31,-0.016328677696710422,1.43698596971589
combined_equal_weight,combined,equal_weight,2022-04-07,2022-03-31,0.007364622930832037,1.4475688295397435
combined_equal_weight,combined,equal_weight,2022-04-08,2022-03-31,-0.004348636173546209,1.441273879363909
combined_equal_weight,combined,equal_weight,2022-04-11,2022-03-31,-0.023264955744011714,1.4077427063455077
combined_equal_weight,combined,equal_weight,2022-04-12,2022-03-31,0.004007312985704973,1.4133839719731776
combined_equal_weight,combined,equal_weight,2022-04-13,2022-03-31,0.013787966587576847,1.4328716629541605
combined_equal_weight,combined,equal_weight,2022-04-14,2022-03-31,-0.005741101907638508,1.4246454007165732
combined_equal_weight,combined,equal_weight,2022-04-18,2022-03-31,0.004428319975481327,1.430954186402544
combined_equal_weight,combined,equal_weight,2022-04-19,2022-03-31,0.014011769138049194,1.4510043861095414
combined_equal_weight,combined,equal_weight,2022-04-20,2022-03-31,-0.000765378509120579,1.4498938185357735
combined_equal_weight,combined,equal_weight,2022-04-21,2022-03-31,-0.013784294691622685,1.4299080548695142
combined_equal_weight,combined,equal_weight,2022-04-22,2022-03-31,-0.021214101715744404,1.39957383994935
combined_equal_weight,combined,equal_weight,2022-04-25,2022-03-31,-0.0004408850273058631,1.3989567887987073
combined_equal_weight,combined,equal_weight,2022-04-26,2022-03-31,-0.028544543537565997,1.3590242058336692
combined_equal_weight,combined,equal_weight,2022-04-27,2022-03-31,0.004447883171157322,1.3650689867279924
combined_equal_weight,combined,equal_weight,2022-04-28,2022-03-31,0.016149437880903197,1.3871140835323037
combined_equal_weight,combined,equal_weight,2022-04-29,2022-03-31,-0.03535914037351933,1.3380669219385994
combined_equal_weight,combined,equal_weight,2022-05-02,2022-04-29,0.0030438634196666243,1.3421398148953543
combined_equal_weight,combined,equal_weight,2022-05-03,2022-04-29,0.0035640299123010422,1.3469232413421315
combined_equal_weight,combined,equal_weight,2022-05-04,2022-04-29,0.04177919186906608,1.4031966058750687
combined_equal_weight,combined,equal_weight,2022-05-05,2022-04-29,-0.03567404621053816,1.3531389053146112
combined_equal_weight,combined,equal_weight,2022-05-06,2022-04-29,-0.0014604223199472912,1.3511627510553008
combined_equal_weight,combined,equal_weight,2022-05-09,2022-04-29,-0.05231015937226137,1.280483212209735
combined_equal_weight,combined,equal_weight,2022-05-10,2022-04-29,0.002289456630839913,1.283414822990608
combined_equal_weight,combined,equal_weight,2022-05-11,2022-04-29,-0.026863850658016598,1.2489373588535035
combined_equal_weight,combined,equal_weight,2022-05-12,2022-04-29,-0.006284836576940929,1.241087991658273
combined_equal_weight,combined,equal_weight,2022-05-13,2022-04-29,0.02971034348845338,1.2779611421898351
combined_equal_weight,combined,equal_weight,2022-05-16,2022-04-29,-0.008837458817569872,1.2666672132252779
combined_equal_weight,combined,equal_weight,2022-05-17,2022-04-29,0.02352217655826354,1.2964619830553266
combined_equal_weight,combined,equal_weight,2022-05-18,2022-04-29,-0.03656835295238527,1.24905250366961
combined_equal_weight,combined,equal_weight,2022-05-19,2022-04-29,0.006398791311356195,1.2570449299775188
combined_equal_weight,combined,equal_weight,2022-05-20,2022-04-29,-0.00472162270689022,1.2511096380925557
combined_equal_weight,combined,equal_weight,2022-05-23,2022-04-29,0.010608109265878497,1.2643815458370353
combined_equal_weight,combined,equal_weight,2022-05-24,2022-04-29,0.005686548913250513,1.271571513342449
combined_equal_weight,combined,equal_weight,2022-05-25,2022-04-29,0.005888223167806835,1.2790588101868352
combined_equal_weight,combined,equal_weight,2022-05-26,2022-04-29,0.004244669034147537,1.2844879915112888
combined_equal_weight,combined,equal_weight,2022-05-27,2022-04-29,0.011565068511086298,1.2993431831347846
combined_equal_weight,combined,equal_weight,2022-05-31,2022-04-29,-0.004450962361167223,1.2935598555324124
combined_equal_weight,combined,equal_weight,2022-06-01,2022-05-31,-0.016220122078898152,1.2725781567593148
combined_equal_weight,combined,equal_weight,2022-06-02,2022-05-31,0.016240133807354812,1.2932449963054031
combined_equal_weight,combined,equal_weight,2022-06-03,2022-05-31,-0.01127140329199553,1.2786683103966896
combined_equal_weight,combined,equal_weight,2022-06-06,2022-05-31,0.004473021448710698,1.2843878211748807
combined_equal_weight,combined,equal_weight,2022-06-07,2022-05-31,0.006515504781820811,1.2927562561654582
combined_equal_weight,combined,equal_weight,2022-06-08,2022-05-31,-0.013009352302863543,1.2759383345872708
combined_equal_weight,combined,equal_weight,2022-06-09,2022-05-31,-0.020680984995779597,1.2495506730341315
combined_equal_weight,combined,equal_weight,2022-06-10,2022-05-31,-0.030169260382236572,1.2118526534185659
combined_equal_weight,combined,equal_weight,2022-06-13,2022-05-31,-0.054737652165409836,1.1455186844000114
combined_equal_weight,combined,equal_weight,2022-06-14,2022-05-31,-0.0034627853951064973,1.1415519990298495
combined_equal_weight,combined,equal_weight,2022-06-15,2022-05-31,0.019983917419261744,1.1643646799082552
combined_equal_weight,combined,equal_weight,2022-06-16,2022-05-31,-0.04189225555299425,1.1155868171806582
combined_equal_weight,combined,equal_weight,2022-06-17,2022-05-31,0.0027328718837826135,1.11863557302725
combined_equal_weight,combined,equal_weight,2022-06-21,2022-05-31,0.018731182956851007,1.1395889406076654
combined_equal_weight,combined,equal_weight,2022-06-22,2022-05-31,-0.008861850562642581,1.1294900737131601
combined_equal_weight,combined,equal_weight,2022-06-23,2022-05-31,0.010001614049097602,1.140786797502726
combined_equal_weight,combined,equal_weight,2022-06-24,2022-05-31,0.030300955456340234,1.175353727439037
combined_equal_weight,combined,equal_weight,2022-06-27,2022-05-31,-0.003708209546084801,1.1709952695269215
combined_equal_weight,combined,equal_weight,2022-06-28,2022-05-31,-0.015119424936045182,1.1532904944488451
combined_equal_weight,combined,equal_weight,2022-06-29,2022-05-31,-0.006696225000566495,1.145567801807001
combined_equal_weight,combined,equal_weight,2022-06-30,2022-05-31,-0.007535848717859893,1.1369349761565322
combined_equal_weight,combined,equal_weight,2022-07-01,2022-06-30,0.00515536001289951,1.1427962852698763
combined_equal_weight,combined,equal_weight,2022-07-05,2022-06-30,-0.008417589662965286,1.1331766950721136
combined_equal_weight,combined,equal_weight,2022-07-06,2022-06-30,0.002744904067572162,1.1362871563916952
combined_equal_weight,combined,equal_weight,2022-07-07,2022-06-30,0.018122510900338784,1.1568795327693189
combined_equal_weight,combined,equal_weight,2022-07-08,2022-06-30,-0.004392454474492609,1.1517979920891572
combined_equal_weight,combined,equal_weight,2022-07-11,2022-06-30,-0.01564164553513321,1.1337819761688204
combined_equal_weight,combined,equal_weight,2022-07-12,2022-06-30,-0.007135968983798228,1.1256913431524902
combined_equal_weight,combined,equal_weight,2022-07-13,2022-06-30,0.004273844927175245,1.1305023733889876
combined_equal_weight,combined,equal_weight,2022-07-14,2022-06-30,0.00039546183623718003,1.1309494439334384
combined_equal_weight,combined,equal_weight,2022-07-15,2022-06-30,0.01772329816929271,1.1509935981426667
combined_equal_weight,combined,equal_weight,2022-07-18,2022-06-30,0.015313114732142499,1.168618895166987
combined_equal_weight,combined,equal_weight,2022-07-19,2022-06-30,0.025868757750962736,1.1988496142692593
combined_equal_weight,combined,equal_weight,2022-07-20,2022-06-30,-0.003828157409285749,1.1942602292357751
combined_equal_weight,combined,equal_weight,2022-07-21,2022-06-30,0.00855275720091389,1.2044744470111364
combined_equal_weight,combined,equal_weight,2022-07-22,2022-06-30,-0.005418183269914842,1.1979483837133007
combined_equal_weight,combined,equal_weight,2022-07-25,2022-06-30,-0.009139212362314904,1.187000079035453
combined_equal_weight,combined,equal_weight,2022-07-26,2022-06-30,-0.0033364259038047364,1.1830397412239406
combined_equal_weight,combined,equal_weight,2022-07-27,2022-06-30,0.02792847365268602,1.216080235466794
combined_equal_weight,combined,equal_weight,2022-07-28,2022-06-30,0.021607122134156637,1.242356229639459
combined_equal_weight,combined,equal_weight,2022-07-29,2022-06-30,0.007116952121869635,1.2511980194441097
combined_equal_weight,combined,equal_weight,2022-08-01,2022-07-29,-0.003463816514591548,1.2468640990813349
combined_equal_weight,combined,equal_weight,2022-08-02,2022-07-29,-0.01125840552766689,1.232826397415988
combined_equal_weight,combined,equal_weight,2022-08-03,2022-07-29,0.0043077639733036166,1.2381371225561144
combined_equal_weight,combined,equal_weight,2022-08-04,2022-07-29,-0.0011084059539739483,1.236764763997637
combined_equal_weight,combined,equal_weight,2022-08-05,2022-07-29,0.00894795495170603,1.247831279391745
combined_equal_weight,combined,equal_weight,2022-08-08,2022-07-29,0.0037225810330289637,1.252476432444829
combined_equal_weight,combined,equal_weight,2022-08-09,2022-07-29,-0.007945398147576594,1.2425250085185986
combined_equal_weight,combined,equal_weight,2022-08-10,2022-07-29,0.022285586386157935,1.2702154069329015
combined_equal_weight,combined,equal_weight,2022-08-11,2022-07-29,0.00711277305876338,1.2792501608581601
combined_equal_weight,combined,equal_weight,2022-08-12,2022-07-29,0.014744085826509507,1.298111535023429
combined_equal_weight,combined,equal_weight,2022-08-15,2022-07-29,0.0008230034027234435,1.2991798852338678
combined_equal_weight,combined,equal_weight,2022-08-16,2022-07-29,0.002814440189481565,1.3028363493162363
combined_equal_weight,combined,equal_weight,2022-08-17,2022-07-29,-0.00779858988911779,1.2926760629352836
combined_equal_weight,combined,equal_weight,2022-08-18,2022-07-29,0.00043693173708676944,1.2932408741329522
combined_equal_weight,combined,equal_weight,2022-08-19,2022-07-29,-0.02535532943799472,1.260450325726631
combined_equal_weight,combined,equal_weight,2022-08-22,2022-07-29,-0.012537475399785884,1.2446474607751814
combined_equal_weight,combined,equal_weight,2022-08-23,2022-07-29,0.004000658103116927,1.2496268697246555
combined_equal_weight,combined,equal_weight,2022-08-24,2022-07-29,0.0006884568862047302,1.2504871839483038
combined_equal_weight,combined,equal_weight,2022-08-25,2022-07-29,0.013369768680934334,1.2672059083361658
combined_equal_weight,combined,equal_weight,2022-08-26,2022-07-29,-0.036080888455400716,1.221483993307464
combined_equal_weight,combined,equal_weight,2022-08-29,2022-07-29,0.005030206035969887,1.2276283094634397
combined_equal_weight,combined,equal_weight,2022-08-30,2022-07-29,-0.015619484591487917,1.2084533879997013
combined_equal_weight,combined,equal_weight,2022-08-31,2022-07-29,-0.0055874896852431315,1.2017011671591558
combined_equal_weight,combined,equal_weight,2022-09-01,2022-08-31,0.003488643667265686,1.2058934743259113
combined_equal_weight,combined,equal_weight,2022-09-02,2022-08-31,-0.00711265066202726,1.1973163753074128
combined_equal_weight,combined,equal_weight,2022-09-06,2022-08-31,-0.01516233427813982,1.179162264188311
combined_equal_weight,combined,equal_weight,2022-09-07,2022-08-31,0.02288835686256835,1.2061513508899273
combined_equal_weight,combined,equal_weight,2022-09-08,2022-08-31,0.006030335202376025,1.2134248478405922
combined_equal_weight,combined,equal_weight,2022-09-09,2022-08-31,0.021971926470323127,1.2400861293746086
combined_equal_weight,combined,equal_weight,2022-09-12,2022-08-31,0.00582841131417971,1.247313861401613
combined_equal_weight,combined,equal_weight,2022-09-13,2022-08-31,-0.045226225201349404,1.1909025638090989
combined_equal_weight,combined,equal_weight,2022-09-14,2022-08-31,0.006167148570890118,1.1982470368535634
combined_equal_weight,combined,equal_weight,2022-09-15,2022-08-31,-0.021520483858726545,1.1724601808381894
combined_equal_weight,combined,equal_weight,2022-09-16,2022-08-31,-0.0038641686411954733,1.1679295969743442
combined_equal_weight,combined,equal_weight,2022-09-19,2022-08-31,0.008872265784185427,1.178291778775917
combined_equal_weight,combined,equal_weight,2022-09-20,2022-08-31,-0.01295688271740614,1.1630247903914337
combined_equal_weight,combined,equal_weight,2022-09-21,2022-08-31,-0.02065051287760758,1.1390077319804786
combined_equal_weight,combined,equal_weight,2022-09-22,2022-08-31,0.0034980863449201507,1.1429920793744779
combined_equal_weight,combined,equal_weight,2022-09-23,2022-08-31,-0.016667819937102528,1.1239408932059296
combined_equal_weight,combined,equal_weight,2022-09-26,2022-08-31,-0.012939298405620532,1.1093978865984584
combined_equal_weight,combined,equal_weight,2022-09-27,2022-08-31,-0.005605479284624964,1.103179179726724
combined_equal_weight,combined,equal_weight,2022-09-28,2022-08-31,0.017534552039938048,1.1225229324630186
combined_equal_weight,combined,equal_weight,2022-09-29,2022-08-31,-0.012207247581198729,1.1088200171108693
combined_equal_weight,combined,equal_weight,2022-09-30,2022-08-31,-0.013137197439580913,1.0942532296211245
combined_equal_weight,combined,equal_weight,2022-10-03,2022-09-30,0.03044961830637254,1.127572822793603
combined_equal_weight,combined,equal_weight,2022-10-04,2022-09-30,0.028809583357177364,1.160057726023163
combined_equal_weight,combined,equal_weight,2022-10-05,2022-09-30,-0.003406590115096623,1.156105884840751
combined_equal_weight,combined,equal_weight,2022-10-06,2022-09-30,-0.010554134887437125,1.1439041873879818
combined_equal_weight,combined,equal_weight,2022-10-07,2022-09-30,-0.020280218445497645,1.120705560587034
combined_equal_weight,combined,equal_weight,2022-10-10,2022-09-30,-0.012045546445742968,1.1072060497049805
combined_equal_weight,combined,equal_weight,2022-10-11,2022-09-30,-0.005794294732439905,1.1007905715234494
combined_equal_weight,combined,equal_weight,2022-10-12,2022-09-30,-0.0043924079566163825,1.0959554502585216
combined_equal_weight,combined,equal_weight,2022-10-13,2022-09-30,0.021919988104568865,1.1199787806913257
combined_equal_weight,combined,equal_weight,2022-10-14,2022-09-30,-0.014943014408954004,1.1032429216337325
combined_equal_weight,combined,equal_weight,2022-10-17,2022-09-30,0.018691664879151734,1.1238643686052066
combined_equal_weight,combined,equal_weight,2022-10-18,2022-09-30,0.007318470900009656,1.1320893372824015
combined_equal_weight,combined,equal_weight,2022-10-19,2022-09-30,-0.010522088707603135,1.1201773928505843
combined_equal_weight,combined,equal_weight,2022-10-20,2022-09-30,-0.003903969660213537,1.1158042542948385
combined_equal_weight,combined,equal_weight,2022-10-21,2022-09-30,0.022006824865926086,1.1403595631037602
combined_equal_weight,combined,equal_weight,2022-10-24,2022-09-30,0.003431330492379288,1.1442725136449143
combined_equal_weight,combined,equal_weight,2022-10-25,2022-09-30,0.02286686395287009,1.1704384375394414
combined_equal_weight,combined,equal_weight,2022-10-26,2022-09-30,0.008034988239200652,1.1798428966197791
combined_equal_weight,combined,equal_weight,2022-10-27,2022-09-30,-0.0036329521156679458,1.1755565838723485
combined_equal_weight,combined,equal_weight,2022-10-28,2022-09-30,0.023573826986520476,1.2032689513934203
combined_equal_weight,combined,equal_weight,2022-10-31,2022-09-30,-0.006095718685837175,1.1959341623623236
combined_equal_weight,combined,equal_weight,2022-11-01,2022-10-31,0.0011665474279613675,1.1973292762834387
combined_equal_weight,combined,equal_weight,2022-11-02,2022-10-31,-0.01673441707622192,1.1772926687965406
combined_equal_weight,combined,equal_weight,2022-11-03,2022-10-31,0.0006162937564336256,1.178018226917815
combined_equal_weight,combined,equal_weight,2022-11-04,2022-10-31,0.026903160842834097,1.2097106407523752
combined_equal_weight,combined,equal_weight,2022-11-07,2022-10-31,0.006391610036462398,1.2174426394250235
combined_equal_weight,combined,equal_weight,2022-11-08,2022-10-31,-0.01370132447681745,1.2007620627903481
combined_equal_weight,combined,equal_weight,2022-11-09,2022-10-31,-0.04206236722983266,1.1502551679496091
combined_equal_weight,combined,equal_weight,2022-11-10,2022-10-31,0.0675006791956451,1.2278981730345087
combined_equal_weight,combined,equal_weight,2022-11-11,2022-10-31,0.0068152555971901785,1.2362666129310615
combined_equal_weight,combined,equal_weight,2022-11-14,2022-10-31,-0.0034026310492899134,1.2320600537687019
combined_equal_weight,combined,equal_weight,2022-11-15,2022-10-31,0.010602315236801461,1.2451227428494283
combined_equal_weight,combined,equal_weight,2022-11-16,2022-10-31,-0.011701976878377256,1.2305523453018625
combined_equal_weight,combined,equal_weight,2022-11-17,2022-10-31,-0.0010528206157177625,1.229256794424009
combined_equal_weight,combined,equal_weight,2022-11-18,2022-10-31,0.004579782972334325,1.2348865237597384
combined_equal_weight,combined,equal_weight,2022-11-21,2022-10-31,-0.0016089717037768825,1.2328996262856335
combined_equal_weight,combined,equal_weight,2022-11-22,2022-10-31,0.018700329196249962,1.2559552551631084
combined_equal_weight,combined,equal_weight,2022-11-23,2022-10-31,0.010489829245412904,1.2691300113296484
combined_equal_weight,combined,equal_weight,2022-11-25,2022-10-31,-0.0004737967332436475,1.268528701676219
combined_equal_weight,combined,equal_weight,2022-11-28,2022-10-31,-0.018339494590531833,1.2452645264138935
combined_equal_weight,combined,equal_weight,2022-11-29,2022-10-31,0.006229594226936349,1.25302201911865
combined_equal_weight,combined,equal_weight,2022-11-30,2022-10-31,0.025515568887532702,1.2849935887650672
combined_equal_weight,combined,equal_weight,2022-12-01,2022-11-30,-0.003572930901665892,1.280402395463326
combined_equal_weight,combined,equal_weight,2022-12-02,2022-11-30,0.002700736387861955,1.2838604248038592
combined_equal_weight,combined,equal_weight,2022-12-05,2022-11-30,-0.01466587036262013,1.2650314942499874
combined_equal_weight,combined,equal_weight,2022-12-06,2022-11-30,-0.009217703200675515,1.253370809396484
combined_equal_weight,combined,equal_weight,2022-12-07,2022-11-30,-0.004218368396410738,1.248083629585142
combined_equal_weight,combined,equal_weight,2022-12-08,2022-11-30,0.009516938329560375,1.2599615645180378
combined_equal_weight,combined,equal_weight,2022-12-09,2022-11-30,-0.00942279328702782,1.2480892071459841
combined_equal_weight,combined,equal_weight,2022-12-12,2022-11-30,0.013429631001319248,1.264850584654684
combined_equal_weight,combined,equal_weight,2022-12-13,2022-11-30,0.01112670271869061,1.2789242010936985
combined_equal_weight,combined,equal_weight,2022-12-14,2022-11-30,-0.009161190736121408,1.2672077325504374
combined_equal_weight,combined,equal_weight,2022-12-15,2022-11-30,-0.021888844095310084,1.2394700200562694
combined_equal_weight,combined,equal_weight,2022-12-16,2022-11-30,-0.021319753226927,1.2130448250964954
combined_equal_weight,combined,equal_weight,2022-12-19,2022-11-30,-0.010728852442311063,1.2000302461621262
combined_equal_weight,combined,equal_weight,2022-12-20,2022-11-30,0.008700123136576692,1.210470657071353
combined_equal_weight,combined,equal_weight,2022-12-21,2022-11-30,0.014259856269343464,1.2277317946594482
combined_equal_weight,combined,equal_weight,2022-12-22,2022-11-30,-0.00862135975038459,1.2171470771807038
combined_equal_weight,combined,equal_weight,2022-12-23,2022-11-30,0.006277644466821741,1.2247878937950756
combined_equal_weight,combined,equal_weight,2022-12-27,2022-11-30,-0.001739137805975965,1.2226578188646748
combined_equal_weight,combined,equal_weight,2022-12-28,2022-11-30,-0.015186776727050943,1.204089587555994
combined_equal_weight,combined,equal_weight,2022-12-29,2022-11-30,0.011231947956177227,1.217613859137998
combined_equal_weight,combined,equal_weight,2022-12-30,2022-11-30,-0.0014994889775808392,1.2157880605772708
combined_equal_weight,combined,equal_weight,2023-01-03,2022-12-30,0.0014249108631881689,1.2175204501921217
combined_equal_weight,combined,equal_weight,2023-01-04,2022-12-30,0.021530127426546655,1.2437338206291846
combined_equal_weight,combined,equal_weight,2023-01-05,2022-12-30,-0.008150576794457375,1.2335966726122825
combined_equal_weight,combined,equal_weight,2023-01-06,2022-12-30,0.023373257614875687,1.262429845434103
combined_equal_weight,combined,equal_weight,2023-01-09,2022-12-30,0.004700037490849589,1.2683633130372107
combined_equal_weight,combined,equal_weight,2023-01-10,2022-12-30,0.00735110865966385,1.2776871895712785
combined_equal_weight,combined,equal_weight,2023-01-11,2022-12-30,0.013105328625998681,1.2944317000718388
combined_equal_weight,combined,equal_weight,2023-01-12,2022-12-30,0.010156315980829736,1.307578357433371
combined_equal_weight,combined,equal_weight,2023-01-13,2022-12-30,0.008511948595626748,1.3187083971965978
combined_equal_weight,combined,equal_weight,2023-01-17,2022-12-30,-0.004194437669876231,1.3131771570198143
combined_equal_weight,combined,equal_weight,2023-01-18,2022-12-30,-0.020443878262173084,1.2863307230850347
combined_equal_weight,combined,equal_weight,2023-01-19,2022-12-30,-0.0022733494822116656,1.2834064438017563
combined_equal_weight,combined,equal_weight,2023-01-20,2022-12-30,0.023514059303050755,1.3135845390312282
combined_equal_weight,combined,equal_weight,2023-01-23,2022-12-30,0.01302064324129035,1.3306882546812284
combined_equal_weight,combined,equal_weight,2023-01-24,2022-12-30,-0.009353205795021241,1.3182420535861774
combined_equal_weight,combined,equal_weight,2023-01-25,2022-12-30,0.006658235723298152,1.3270192199193187
combined_equal_weight,combined,equal_weight,2023-01-26,2022-12-30,0.006728874633475802,1.3359485658863686
combined_equal_weight,combined,equal_weight,2023-01-27,2022-12-30,0.0007719281474348103,1.3369798221879015
combined_equal_weight,combined,equal_weight,2023-01-30,2022-12-30,-0.016294006955992348,1.3151950636651504
combined_equal_weight,combined,equal_weight,2023-01-31,2022-12-30,0.013220029608013516,1.332581981347117
combined_equal_weight,combined,equal_weight,2023-02-01,2023-01-31,0.009731505056982965,1.3455500096374409
combined_equal_weight,combined,equal_weight,2023-02-02,2023-01-31,-0.00055004851248671,1.3448098918561633
combined_equal_weight,combined,equal_weight,2023-02-03,2023-01-31,-0.0083410692489316,1.3335927394215428
combined_equal_weight,combined,equal_weight,2023-02-06,2023-01-31,-0.006746947547876075,1.3245950591584372
combined_equal_weight,combined,equal_weight,2023-02-07,2023-01-31,0.015576413927813292,1.3452275000866256
combined_equal_weight,combined,equal_weight,2023-02-08,2023-01-31,-0.010476762630954598,1.3311338708835856
combined_equal_weight,combined,equal_weight,2023-02-09,2023-01-31,-0.017697535698175303,1.307576081684573
combined_equal_weight,combined,equal_weight,2023-02-10,2023-01-31,0.006180523038854831,1.31565758578248
combined_equal_weight,combined,equal_weight,2023-02-13,2023-01-31,0.00676179159726665,1.324553788190904
combined_equal_weight,combined,equal_weight,2023-02-14,2023-01-31,0.004442089540639552,1.3304375747194415
combined_equal_weight,combined,equal_weight,2023-02-15,2023-01-31,0.011134968990990212,1.3452519558583909
combined_equal_weight,combined,equal_weight,2023-02-16,2023-01-31,-0.01891393728273206,1.3198079447358126
combined_equal_weight,combined,equal_weight,2023-02-17,2023-01-31,0.005827864390259855,1.3274996064589206
combined_equal_weight,combined,equal_weight,2023-02-21,2023-01-31,-0.017782639383102143,1.3038931596760517
combined_equal_weight,combined,equal_weight,2023-02-22,2023-01-31,-0.005864817854914084,1.2962460637922832
combined_equal_weight,combined,equal_weight,2023-02-23,2023-01-31,0.0026098348420776885,1.2996290519334746
combined_equal_weight,combined,equal_weight,2023-02-24,2023-01-31,-0.013726279036938729,1.2817899809221236
combined_equal_weight,combined,equal_weight,2023-02-27,2023-01-31,0.0007106336017079125,1.2827008639528994
combined_equal_weight,combined,equal_weight,2023-02-28,2023-01-31,-0.005696637618743372,1.2753937819577106
combined_equal_weight,combined,equal_weight,2023-03-01,2023-02-28,0.003474361581112662,1.2798249611145343
combined_equal_weight,combined,equal_weight,2023-03-02,2023-02-28,0.008291230851856669,1.2904362853171032
combined_equal_weight,combined,equal_weight,2023-03-03,2023-02-28,0.007100174740261895,1.2995986084340292
combined_equal_weight,combined,equal_weight,2023-03-06,2023-02-28,-0.002160853950657336,1.2967903656467257
combined_equal_weight,combined,equal_weight,2023-03-07,2023-02-28,-0.015787497184841445,1.2763172913997485
combined_equal_weight,combined,equal_weight,2023-03-08,2023-02-28,-0.0018752779680403214,1.2739238417029577
combined_equal_weight,combined,equal_weight,2023-03-09,2023-02-28,-0.0245362038404097,1.2426665866457762
combined_equal_weight,combined,equal_weight,2023-03-10,2023-02-28,-0.011593807963097256,1.2282593488780476
combined_equal_weight,combined,equal_weight,2023-03-13,2023-02-28,0.004382789544936423,1.2336425511107807
combined_equal_weight,combined,equal_weight,2023-03-14,2023-02-28,0.01548183390210416,1.2527416001816458
combined_equal_weight,combined,equal_weight,2023-03-15,2023-02-28,-0.01672843659227346,1.2317851917565041
combined_equal_weight,combined,equal_weight,2023-03-16,2023-02-28,0.014869035327806143,1.2501006492889999
combined_equal_weight,combined,equal_weight,2023-03-17,2023-02-28,0.0007420631691404367,1.2510283029385558
combined_equal_weight,combined,equal_weight,2023-03-20,2023-02-28,0.0037514624390112905,1.25572148862717
combined_equal_weight,combined,equal_weight,2023-03-21,2023-02-28,0.019658805021547758,1.2804074725334593
combined_equal_weight,combined,equal_weight,2023-03-22,2023-02-28,-0.024846038452477917,1.248594419236053
combined_equal_weight,combined,equal_weight,2023-03-23,2023-02-28,0.009246312215876316,1.2601393130673104
combined_equal_weight,combined,equal_weight,2023-03-24,2023-02-28,0.0018179527117647082,1.2624301867487024
combined_equal_weight,combined,equal_weight,2023-03-27,2023-02-28,0.00037268379532808243,1.2629006740220368
combined_equal_weight,combined,equal_weight,2023-03-28,2023-02-28,0.006312994678021649,1.2708733592560078
combined_equal_weight,combined,equal_weight,2023-03-29,2023-02-28,0.0177458448313086,1.2934260806896087
combined_equal_weight,combined,equal_weight,2023-03-30,2023-02-28,0.003797618035491044,1.2983380189012101
combined_equal_weight,combined,equal_weight,2023-03-31,2023-02-28,0.014129093881529388,1.3166823586602243
combined_equal_weight,combined,equal_weight,2023-04-03,2023-03-31,0.005473537217209085,1.3238892685535937
combined_equal_weight,combined,equal_weight,2023-04-04,2023-03-31,-0.0027585180853188047,1.320237296063329
combined_equal_weight,combined,equal_weight,2023-04-05,2023-03-31,0.0038483831842119694,1.3253180750726687
combined_equal_weight,combined,equal_weight,2023-04-06,2023-03-31,-0.001632453040931714,1.3231545555508146
combined_equal_weight,combined,equal_weight,2023-04-10,2023-03-31,0.0068584890585663754,1.332229396592852
combined_equal_weight,combined,equal_weight,2023-04-11,2023-03-31,0.0027781488234734173,1.3359305281235931
combined_equal_weight,combined,equal_weight,2023-04-12,2023-03-31,-0.0026424747146835143,1.3324003654824528
combined_equal_weight,combined,equal_weight,2023-04-13,2023-03-31,0.009702366753600433,1.345327802490995
combined_equal_weight,combined,equal_weight,2023-04-14,2023-03-31,-0.0022719367063586088,1.3422713028744309
combined_equal_weight,combined,equal_weight,2023-04-17,2023-03-31,0.00018522706613806968,1.3425199278498234
combined_equal_weight,combined,equal_weight,2023-04-18,2023-03-31,0.0036803527513123327,1.347460874759977
combined_equal_weight,combined,equal_weight,2023-04-19,2023-03-31,-0.009925908423353688,1.3340861015130574
combined_equal_weight,combined,equal_weight,2023-04-20,2023-03-31,-0.008568364002944074,1.322655166184025
combined_equal_weight,combined,equal_weight,2023-04-21,2023-03-31,-0.006889445400750231,1.31354280563258
combined_equal_weight,combined,equal_weight,2023-04-24,2023-03-31,0.00043050629007484645,1.3141082940726874
combined_equal_weight,combined,equal_weight,2023-04-25,2023-03-31,-0.009650637567961995,1.301426311201539
combined_equal_weight,combined,equal_weight,2023-04-26,2023-03-31,-0.01252399632443319,1.2851272528635302
combined_equal_weight,combined,equal_weight,2023-04-27,2023-03-31,0.014707035570013058,1.3040276650833873
combined_equal_weight,combined,equal_weight,2023-04-28,2023-03-31,0.00852458587815826,1.3151439609018847
combined_equal_weight,combined,equal_weight,2023-05-01,2023-04-28,-0.005701460638165661,1.3076457193752813
combined_equal_weight,combined,equal_weight,2023-05-02,2023-04-28,-0.01172861762071874,1.292308842749359
combined_equal_weight,combined,equal_weight,2023-05-03,2023-04-28,-0.009008965374414556,1.2806664771319802
combined_equal_weight,combined,equal_weight,2023-05-04,2023-04-28,-0.006213969164150282,1.272708455133521
combined_equal_weight,combined,equal_weight,2023-05-05,2023-04-28,0.01804464903028992,1.295674032524288
combined_equal_weight,combined,equal_weight,2023-05-08,2023-04-28,-0.006554959489218448,1.287180941729859
combined_equal_weight,combined,equal_weight,2023-05-09,2023-04-28,-0.0008714536635478385,1.2860592231825396
combined_equal_weight,combined,equal_weight,2023-05-10,2023-04-28,-0.0017549888693666974,1.283802203560508
combined_equal_weight,combined,equal_weight,2023-05-11,2023-04-28,-0.010958382402106736,1.2697338080852245
combined_equal_weight,combined,equal_weight,2023-05-12,2023-04-28,0.0004064625232982085,1.270249907292776
combined_equal_weight,combined,equal_weight,2023-05-15,2023-04-28,0.005193171560470089,1.2768465329860186
combined_equal_weight,combined,equal_weight,2023-05-16,2023-04-28,-0.011904080387034558,1.2616468492154467
combined_equal_weight,combined,equal_weight,2023-05-17,2023-04-28,0.012751658329153509,1.2777349387686951
combined_equal_weight,combined,equal_weight,2023-05-18,2023-04-28,0.002966872803571791,1.2815258158087015
combined_equal_weight,combined,equal_weight,2023-05-19,2023-04-28,-0.0015144502784157742,1.279585008680153
combined_equal_weight,combined,equal_weight,2023-05-22,2023-04-28,0.0019826777328277086,1.2821220133841233
combined_equal_weight,combined,equal_weight,2023-05-23,2023-04-28,-0.004541268641508336,1.2762995528901544
combined_equal_weight,combined,equal_weight,2023-05-24,2023-04-28,-0.012587796060454327,1.260233754406324
combined_equal_weight,combined,equal_weight,2023-05-25,2023-04-28,0.00017962156988919316,1.260460119571718
combined_equal_weight,combined,equal_weight,2023-05-26,2023-04-28,0.009530105655791186,1.2724724376861478
combined_equal_weight,combined,equal_weight,2023-05-30,2023-04-28,7.578433379529412e-05,1.2725688711621108
combined_equal_weight,combined,equal_weight,2023-05-31,2023-04-28,-0.00571396640174779,1.2652974553883805
combined_equal_weight,combined,equal_weight,2023-06-01,2023-05-31,0.0031227568803515178,1.269248671722886
combined_equal_weight,combined,equal_weight,2023-06-02,2023-05-31,0.02132852041270767,1.2963198679265295
combined_equal_weight,combined,equal_weight,2023-06-05,2023-05-31,-0.014175361105293511,1.2779440656907046
combined_equal_weight,combined,equal_weight,2023-06-06,2023-05-31,0.009414201121807915,1.289974888147538
combined_equal_weight,combined,equal_weight,2023-06-07,2023-05-31,0.0012151655515494283,1.2915424211939786
combined_equal_weight,combined,equal_weight,2023-06-08,2023-05-31,0.004640053398329461,1.2975352469945265
combined_equal_weight,combined,equal_weight,2023-06-09,2023-05-31,-0.004253699654141784,1.292015921763149
combined_equal_weight,combined,equal_weight,2023-06-12,2023-05-31,0.00443853694167972,1.2977505821611333
combined_equal_weight,combined,equal_weight,2023-06-13,2023-05-31,0.00648216286749041,1.3061628127960823
combined_equal_weight,combined,equal_weight,2023-06-14,2023-05-31,-0.0070893547692674475,1.2969029612297467
combined_equal_weight,combined,equal_weight,2023-06-15,2023-05-31,0.009301110782040432,1.3089655993457008
combined_equal_weight,combined,equal_weight,2023-06-16,2023-05-31,0.0023198408494336555,1.3120021912135662
combined_equal_weight,combined,equal_weight,2023-06-20,2023-05-31,-0.005993356231431425,1.3041388947052048
combined_equal_weight,combined,equal_weight,2023-06-21,2023-05-31,0.00888656915466569,1.315728215180292
combined_equal_weight,combined,equal_weight,2023-06-22,2023-05-31,-0.005267702939070903,1.3087973497941683
combined_equal_weight,combined,equal_weight,2023-06-23,2023-05-31,0.006400617430051085,1.3171744609236655
combined_equal_weight,combined,equal_weight,2023-06-26,2023-05-31,0.006565141694990467,1.3258218978966523
combined_equal_weight,combined,equal_weight,2023-06-27,2023-05-31,0.009790980390278443,1.3388029940999602
combined_equal_weight,combined,equal_weight,2023-06-28,2023-05-31,-0.00808080814049297,1.327984383966721
combined_equal_weight,combined,equal_weight,2023-06-29,2023-05-31,0.010228184796819905,1.3415672536532237
combined_equal_weight,combined,equal_weight,2023-06-30,2023-05-31,0.022603202991231905,1.371890970613937
combined_equal_weight,combined,equal_weight,2023-07-03,2023-06-30,0.003877257598172459,1.377210145303614
combined_equal_weight,combined,equal_weight,2023-07-05,2023-06-30,-0.006060561334685034,1.3688634787472511
combined_equal_weight,combined,equal_weight,2023-07-06,2023-06-30,-0.014258838320504313,1.3493450757209509
combined_equal_weight,combined,equal_weight,2023-07-07,2023-06-30,0.003562092659664423,1.354151567910531
combined_equal_weight,combined,equal_weight,2023-07-10,2023-06-30,0.006097554230657368,1.362408580532395
combined_equal_weight,combined,equal_weight,2023-07-11,2023-06-30,0.01189302313810753,1.3786117373042233
combined_equal_weight,combined,equal_weight,2023-07-12,2023-06-30,0.006143557144120819,1.3870813172919074
combined_equal_weight,combined,equal_weight,2023-07-13,2023-06-30,0.037260963080475606,1.4387653030451388
combined_equal_weight,combined,equal_weight,2023-07-14,2023-06-30,-0.015765993628187,1.4160817384448727
combined_equal_weight,combined,equal_weight,2023-07-17,2023-06-30,-0.0036493398954162443,1.4109139748615955
combined_equal_weight,combined,equal_weight,2023-07-18,2023-06-30,0.005054130851559698,1.4180449187108402
combined_equal_weight,combined,equal_weight,2023-07-19,2023-06-30,0.009944158028720694,1.4321461814743253
combined_equal_weight,combined,equal_weight,2023-07-20,2023-06-30,0.0014145962126503103,1.4341720900386006
combined_equal_weight,combined,equal_weight,2023-07-21,2023-06-30,0.003490923216112244,1.4391786746836166
combined_equal_weight,combined,equal_weight,2023-07-24,2023-06-30,-0.001964363174995167,1.4363516050928298
combined_equal_weight,combined,equal_weight,2023-07-25,2023-06-30,0.002921939450274056,1.440548537512215
combined_equal_weight,combined,equal_weight,2023-07-26,2023-06-30,0.004385740905184213,1.4468664101590856
combined_equal_weight,combined,equal_weight,2023-07-27,2023-06-30,-0.0034876241260207164,1.441820283959886
combined_equal_weight,combined,equal_weight,2023-07-28,2023-06-30,0.0047782376959451065,1.4487096439914813
combined_equal_weight,combined,equal_weight,2023-07-31,2023-06-30,0.0007234954733570981,1.4497577788611178
combined_equal_weight,combined,equal_weight,2023-08-01,2023-07-31,-0.0016767673196569448,1.447326872396105
combined_equal_weight,combined,equal_weight,2023-08-02,2023-07-31,-0.017607225545439344,1.4218434617158515
combined_equal_weight,combined,equal_weight,2023-08-03,2023-07-31,-0.007005576565142809,1.4118826284811534
combined_equal_weight,combined,equal_weight,2023-08-04,2023-07-31,-0.0030479980515795663,1.4075792129804838
combined_equal_weight,combined,equal_weight,2023-08-07,2023-07-31,0.007853063301314753,1.4186330216416343
combined_equal_weight,combined,equal_weight,2023-08-08,2023-07-31,-0.0004139619684981686,1.418045761523419
combined_equal_weight,combined,equal_weight,2023-08-09,2023-07-31,-0.0020039056710249004,1.4152041315801294
combined_equal_weight,combined,equal_weight,2023-08-10,2023-07-31,-0.0009152087186206451,1.4139089244202794
combined_equal_weight,combined,equal_weight,2023-08-11,2023-07-31,0.0009789535037611967,1.41529307551584
combined_equal_weight,combined,equal_weight,2023-08-14,2023-07-31,0.0017471645415393197,1.4177658253932672
combined_equal_weight,combined,equal_weight,2023-08-15,2023-07-31,-0.01576839806135726,1.3954099295006774
combined_equal_weight,combined,equal_weight,2023-08-16,2023-07-31,-0.013305220169425744,1.3768436931620682
combined_equal_weight,combined,equal_weight,2023-08-17,2023-07-31,-0.018618058375637507,1.3512095369086485
combined_equal_weight,combined,equal_weight,2023-08-18,2023-07-31,0.002471885241369139,1.3545495718209304
combined_equal_weight,combined,equal_weight,2023-08-21,2023-07-31,-0.0020742084303499277,1.3517399536797325
combined_equal_weight,combined,equal_weight,2023-08-22,2023-07-31,-0.0064817016705362865,1.342978378563836
combined_equal_weight,combined,equal_weight,2023-08-23,2023-07-31,0.011351836612056927,1.3582236496908178
combined_equal_weight,combined,equal_weight,2023-08-24,2023-07-31,-0.012212596412256194,1.3416362124195622
combined_equal_weight,combined,equal_weight,2023-08-25,2023-07-31,0.003910768741890752,1.3468830413820811
combined_equal_weight,combined,equal_weight,2023-08-28,2023-07-31,0.005986453806978165,1.3549460944927174
combined_equal_weight,combined,equal_weight,2023-08-29,2023-07-31,0.019163789948962444,1.380911996839743
combined_equal_weight,combined,equal_weight,2023-08-30,2023-07-31,-0.002387208164079165,1.3776154724470124
combined_equal_weight,combined,equal_weight,2023-08-31,2023-07-31,-0.008881755663568983,1.365379828422386
combined_equal_weight,combined,equal_weight,2023-09-01,2023-08-31,0.0012194401811214362,1.3670448274476568
combined_equal_weight,combined,equal_weight,2023-09-05,2023-08-31,-0.007538113444384513,1.3567398884547972
combined_equal_weight,combined,equal_weight,2023-09-06,2023-08-31,-0.003237180952029944,1.3523478759310321
combined_equal_weight,combined,equal_weight,2023-09-07,2023-08-31,0.0011196778357605056,1.3538620698739499
combined_equal_weight,combined,equal_weight,2023-09-08,2023-08-31,0.0013551750133678692,1.3556967899225894
combined_equal_weight,combined,equal_weight,2023-09-11,2023-08-31,-0.0031409107050021793,1.3514386673623844
combined_equal_weight,combined,equal_weight,2023-09-12,2023-08-31,0.005296249437674424,1.358596223644454
combined_equal_weight,combined,equal_weight,2023-09-13,2023-08-31,0.0010123337048559909,1.3599715763929394
combined_equal_weight,combined,equal_weight,2023-09-14,2023-08-31,0.012813333441212053,1.3773973456718331
combined_equal_weight,combined,equal_weight,2023-09-15,2023-08-31,-0.005808530218916478,1.369396691566043
combined_equal_weight,combined,equal_weight,2023-09-18,2023-08-31,0.0030732217754222803,1.373605151297755
combined_equal_weight,combined,equal_weight,2023-09-19,2023-08-31,-0.00151198052084307,1.371528287065663
combined_equal_weight,combined,equal_weight,2023-09-20,2023-08-31,-0.006164775560719363,1.3630731230007254
combined_equal_weight,combined,equal_weight,2023-09-21,2023-08-31,-0.018790123872734134,1.3374608101719472
combined_equal_weight,combined,equal_weight,2023-09-22,2023-08-31,-0.0025746824554939386,1.3340172732890867
combined_equal_weight,combined,equal_weight,2023-09-25,2023-08-31,0.003190848654452439,1.3382739205105776
combined_equal_weight,combined,equal_weight,2023-09-26,2023-08-31,-0.010548755017963485,1.324156796776182
combined_equal_weight,combined,equal_weight,2023-09-27,2023-08-31,0.0003782404796926355,1.324657646478183
combined_equal_weight,combined,equal_weight,2023-09-28,2023-08-31,0.007554892729120601,1.334665292900135
combined_equal_weight,combined,equal_weight,2023-09-29,2023-08-31,1.85177271384803e-05,1.3346900078678503
combined_equal_weight,combined,equal_weight,2023-10-02,2023-09-29,-0.015670879792627778,1.3137742411941318
combined_equal_weight,combined,equal_weight,2023-10-03,2023-09-29,-0.007155150739297567,1.3043739884609815
combined_equal_weight,combined,equal_weight,2023-10-04,2023-09-29,0.00016981327522040028,1.3045954884800743
combined_equal_weight,combined,equal_weight,2023-10-05,2023-09-29,-0.003383397491625158,1.3001815233767653
combined_equal_weight,combined,equal_weight,2023-10-06,2023-09-29,0.01044603449604338,1.313763264421077
combined_equal_weight,combined,equal_weight,2023-10-09,2023-09-29,0.002148672978453954,1.316586112047424
combined_equal_weight,combined,equal_weight,2023-10-10,2023-09-29,0.005664866368411877,1.3240443964346795
combined_equal_weight,combined,equal_weight,2023-10-11,2023-09-29,0.001310471855917437,1.3257795193521922
combined_equal_weight,combined,equal_weight,2023-10-12,2023-09-29,-0.008315333978963656,1.3147552198663088
combined_equal_weight,combined,equal_weight,2023-10-13,2023-09-29,0.0021009296326924033,1.3175174280674629
combined_equal_weight,combined,equal_weight,2023-10-16,2023-09-29,0.013352363471423599,1.335109399646955
combined_equal_weight,combined,equal_weight,2023-10-17,2023-09-29,-0.0008165491795922446,1.3340192171620073
combined_equal_weight,combined,equal_weight,2023-10-18,2023-09-29,-0.013069182735187833,1.3165846762406648
combined_equal_weight,combined,equal_weight,2023-10-19,2023-09-29,-0.004911795990365634,1.3101178809069292
combined_equal_weight,combined,equal_weight,2023-10-20,2023-09-29,-0.0038914319414627696,1.3050196463380863
combined_equal_weight,combined,equal_weight,2023-10-23,2023-09-29,0.004044908075954012,1.3102983308448377
combined_equal_weight,combined,equal_weight,2023-10-24,2023-09-29,0.009045168664367689,1.3221502002479688
combined_equal_weight,combined,equal_weight,2023-10-25,2023-09-29,-0.009453075722180177,1.309651814288929
combined_equal_weight,combined,equal_weight,2023-10-26,2023-09-29,-0.0018253131376461285,1.3072612896265654
combined_equal_weight,combined,equal_weight,2023-10-27,2023-09-29,-0.010215886757690747,1.2939064563290277
combined_equal_weight,combined,equal_weight,2023-10-30,2023-09-29,0.010352945548555042,1.307302199416326
combined_equal_weight,combined,equal_weight,2023-10-31,2023-09-29,0.006494664734265533,1.3157926889079032
combined_equal_weight,combined,equal_weight,2023-11-01,2023-10-31,0.007473146689076638,1.3256258006845267
combined_equal_weight,combined,equal_weight,2023-11-02,2023-10-31,0.019716930895427788,1.3517630729898196
combined_equal_weight,combined,equal_weight,2023-11-03,2023-10-31,0.011609533501200538,1.3674564116713808
combined_equal_weight,combined,equal_weight,2023-11-06,2023-10-31,0.001265056046620679,1.369186320673456
combined_equal_weight,combined,equal_weight,2023-11-07,2023-10-31,-0.00565682063775113,1.361441079237744
combined_equal_weight,combined,equal_weight,2023-11-08,2023-10-31,0.0005373236373398128,1.362172613710464
combined_equal_weight,combined,equal_weight,2023-11-09,2023-10-31,-0.004262813716021547,1.35636592560915
combined_equal_weight,combined,equal_weight,2023-11-10,2023-10-31,0.011558798455876484,1.3720438859756845
combined_equal_weight,combined,equal_weight,2023-11-13,2023-10-31,-0.00346295064002965,1.3672925657225963
combined_equal_weight,combined,equal_weight,2023-11-14,2023-10-31,0.015143199718425286,1.3879977501188516
combined_equal_weight,combined,equal_weight,2023-11-15,2023-10-31,0.011433957330833112,1.403868057169003
combined_equal_weight,combined,equal_weight,2023-11-16,2023-10-31,-0.0049298375794798255,1.3969472156641398
combined_equal_weight,combined,equal_weight,2023-11-17,2023-10-31,0.002415082157565657,1.4003209579597513
combined_equal_weight,combined,equal_weight,2023-11-20,2023-10-31,0.0016107362148039153,1.402576505639086
combined_equal_weight,combined,equal_weight,2023-11-21,2023-10-31,-0.010749734228255233,1.387499180968671
combined_equal_weight,combined,equal_weight,2023-11-22,2023-10-31,0.009313950446122765,1.4004222795842491
combined_equal_weight,combined,equal_weight,2023-11-24,2023-10-31,0.0038162340401079907,1.4057666187581241
combined_equal_weight,combined,equal_weight,2023-11-27,2023-10-31,-0.003595268554405201,1.4007125102388707
combined_equal_weight,combined,equal_weight,2023-11-28,2023-10-31,0.003514773041476225,1.4056356968087167
combined_equal_weight,combined,equal_weight,2023-11-29,2023-10-31,0.003637797671323189,1.410749115073296
combined_equal_weight,combined,equal_weight,2023-11-30,2023-10-31,0.004697903801838479,1.417376678704439
combined_equal_weight,combined,equal_weight,2023-12-01,2023-11-30,0.01043124393858339,1.4321616805928643
combined_equal_weight,combined,equal_weight,2023-12-04,2023-11-30,0.0025456703170938823,1.4358074920724289
combined_equal_weight,combined,equal_weight,2023-12-05,2023-11-30,-0.0013196565186203008,1.4339127193560315
combined_equal_weight,combined,equal_weight,2023-12-06,2023-11-30,-0.00037605267178299835,1.433373492646814
combined_equal_weight,combined,equal_weight,2023-12-07,2023-11-30,0.008122624623117193,1.4450162474723105
combined_equal_weight,combined,equal_weight,2023-12-08,2023-11-30,0.010514856207447795,1.4602103855319075
combined_equal_weight,combined,equal_weight,2023-12-11,2023-11-30,-0.005327950092337125,1.4524304574734812
combined_equal_weight,combined,equal_weight,2023-12-12,2023-11-30,0.0017231795737992586,1.4549332559701635
combined_equal_weight,combined,equal_weight,2023-12-13,2023-11-30,0.022446754372463174,1.4875917853952538
combined_equal_weight,combined,equal_weight,2023-12-14,2023-11-30,0.013057907022419525,1.50701662061626
combined_equal_weight,combined,equal_weight,2023-12-15,2023-11-30,-0.009188801625396455,1.4931689438432418
combined_equal_weight,combined,equal_weight,2023-12-18,2023-11-30,-0.0007028288814304654,1.4921195015846538
combined_equal_weight,combined,equal_weight,2023-12-19,2023-11-30,0.004482053154236632,1.4988072605032294
combined_equal_weight,combined,equal_weight,2023-12-20,2023-11-30,-0.009095040046854578,1.4851755484464362
combined_equal_weight,combined,equal_weight,2023-12-21,2023-11-30,0.011473601741572397,1.502215861205632
combined_equal_weight,combined,equal_weight,2023-12-22,2023-11-30,0.004576504945732434,1.5090907595239973
combined_equal_weight,combined,equal_weight,2023-12-26,2023-11-30,0.001675451280544129,1.5116191675694992
combined_equal_weight,combined,equal_weight,2023-12-27,2023-11-30,0.009970524194693393,1.5266908030529134
combined_equal_weight,combined,equal_weight,2023-12-28,2023-11-30,-0.00038119645650203093,1.5261088339286153
combined_equal_weight,combined,equal_weight,2023-12-29,2023-11-30,-0.005624265916081816,1.5175255920297193
combined_growth_sector_allocation,combined,growth_sector_sentiment_risk_budget,2021-01-04,2020-12-31,-0.010402575564331999,0.989597424435668
combined_growth_sector_allocation,combined,growth_sector_sentiment_risk_budget,2021-01-05,2020-12-31,0.011625923482910082,1.001102408371042
combined_growth_sector_allocation,combined,growth_sector_sentiment_risk_budget,2021-01-06,2020-12-31,0.01999522433939812,1.0211196756131329
combined_growth_sector_allocation,combined,growth_sector_sentiment_risk_budget,2021-01-07,2020-12-31,0.008680985933223211,1.029984001153268
combined_growth_sector_allocation,combined,growth_sector_sentiment_risk_budget,2021-01-08,2020-12-31,0.0029861059137845153,1.0330596424702152
combined_growth_sector_allocation,combined,growth_sector_sentiment_risk_budget,2021-01-11,2020-12-31,-0.006702831044032999,1.026135218228328
combined_growth_sector_allocation,combined,growth_sector_sentiment_risk_budget,2021-01-12,2020-12-31,-0.00116692914236604,1.0249377911381694
combined_growth_sector_allocation,combined,growth_sector_sentiment_risk_budget,2021-01-13,2020-12-31,0.003624464798313003,1.0286526420826103
combined_growth_sector_allocation,combined,growth_sector_sentiment_risk_budget,2021-01-14,2020-12-31,0.0013299421227388386,1.0300206905609826
combined_growth_sector_allocation,combined,growth_sector_sentiment_risk_budget,2021-01-15,2020-12-31,-0.008607773326277896,1.0211545059352574
combined_growth_sector_allocation,combined,growth_sector_sentiment_risk_budget,2021-01-19,2020-12-31,0.007036781384310539,1.0283401469531275
combined_growth_sector_allocation,combined,growth_sector_sentiment_risk_budget,2021-01-20,2020-12-31,0.00859927413427451,1.0371831257800574
combined_growth_sector_allocation,combined,growth_sector_sentiment_risk_budget,2021-01-21,2020-12-31,-0.013217815151836391,1.0234738309448927
combined_growth_sector_allocation,combined,growth_sector_sentiment_risk_budget,2021-01-22,2020-12-31,0.0009648436803186484,1.0244613232026514
combined_growth_sector_allocation,combined,growth_sector_sentiment_risk_budget,2021-01-25,2020-12-31,0.0014538778420929695,1.0259507648205368
combined_growth_sector_allocation,combined,growth_sector_sentiment_risk_budget,2021-01-26,2020-12-31,-0.00439543565859567,1.0214412642448811
combined_growth_sector_allocation,combined,growth_sector_sentiment_risk_budget,2021-01-27,2020-12-31,-0.029168323988997436,0.9916475345136553
combined_growth_sector_allocation,combined,growth_sector_sentiment_risk_budget,2021-01-28,2020-12-31,0.01503202289065941,1.0065540029519304
combined_growth_sector_allocation,combined,growth_sector_sentiment_risk_budget,2021-01-29,2020-12-31,-0.011660288708350154,0.9948172926769654
combined_growth_sector_allocation,combined,growth_sector_sentiment_risk_budget,2021-02-01,2021-01-29,0.007747348762743607,1.002524489198542
combined_growth_sector_allocation,combined,growth_sector_sentiment_risk_budget,2021-02-02,2021-01-29,0.016832401536942758,1.0193993839513504
combined_growth_sector_allocation,combined,growth_sector_sentiment_risk_budget,2021-02-03,2021-01-29,0.0004354949154567163,1.019843327199881
combined_growth_sector_allocation,combined,growth_sector_sentiment_risk_budget,2021-02-04,2021-01-29,0.006674053033768435,1.0266498156517478
combined_growth_sector_allocation,combined,growth_sector_sentiment_risk_budget,2021-02-05,2021-01-29,0.010592529395637259,1.0375246340030646
combined_growth_sector_allocation,combined,growth_sector_sentiment_risk_budget,2021-02-08,2021-01-29,0.01220410628868695,1.050186694913569
combined_growth_sector_allocation,combined,growth_sector_sentiment_risk_budget,2021-02-09,2021-01-29,0.00036258277430642255,1.0505674745189504
combined_growth_sector_allocation,combined,growth_sector_sentiment_risk_budget,2021-02-10,2021-01-29,0.0024056047823280443,1.0530947246598115
combined_growth_sector_allocation,combined,growth_sector_sentiment_risk_budget,2021-02-11,2021-01-29,0.0034034029889445433,1.0566788303933603
combined_growth_sector_allocation,combined,growth_sector_sentiment_risk_budget,2021-02-12,2021-01-29,0.005641336394937568,1.0626399111370184
combined_growth_sector_allocation,combined,growth_sector_sentiment_risk_budget,2021-02-16,2021-01-29,-0.0032589693181128343,1.0591768002704207
combined_growth_sector_allocation,combined,growth_sector_sentiment_risk_budget,2021-02-17,2021-01-29,0.004916655554868877,1.0643844077690587
combined_growth_sector_allocation,combined,growth_sector_sentiment_risk_budget,2021-02-18,2021-01-29,-0.0034534276388589707,1.0607086332368987
combined_growth_sector_allocation,combined,growth_sector_sentiment_risk_budget,2021-02-19,2021-01-29,-0.00017476619227146462,1.0605232572279584
combined_growth_sector_allocation,combined,growth_sector_sentiment_risk_budget,2021-02-22,2021-01-29,-0.0037818222221629684,1.056512546806653
combined_growth_sector_allocation,combined,growth_sector_sentiment_risk_budget,2021-02-23,2021-01-29,-0.008270528150773365,1.0477746300466433
combined_growth_sector_allocation,combined,growth_sector_sentiment_risk_budget,2021-02-24,2021-01-29,0.010613684196764912,1.0588953790793407
combined_growth_sector_allocation,combined,growth_sector_sentiment_risk_budget,2021-02-25,2021-01-29,-0.017514451654246775,1.0403494071555504
combined_growth_sector_allocation,combined,growth_sector_sentiment_risk_budget,2021-02-26,2021-01-29,-0.011885482480993345,1.0279843525026913
combined_growth_sector_allocation,combined,growth_sector_sentiment_risk_budget,2021-03-01,2021-02-26,0.02187689534800663,1.050473458601781
combined_growth_sector_allocation,combined,growth_sector_sentiment_risk_budget,2021-03-02,2021-02-26,-0.0027970722669116593,1.0475352084235992
combined_growth_sector_allocation,combined,growth_sector_sentiment_risk_budget,2021-03-03,2021-02-26,-0.004740456234189209,1.042569413614295
combined_growth_sector_allocation,combined,growth_sector_sentiment_risk_budget,2021-03-04,2021-02-26,-0.00948645357739702,1.032679127270829
combined_growth_sector_allocation,combined,growth_sector_sentiment_risk_budget,2021-03-05,2021-02-26,0.015029043030103263,1.0481993063108717
combined_growth_sector_allocation,combined,growth_sector_sentiment_risk_budget,2021-03-08,2021-02-26,0.004071321691131024,1.0524668628832836
combined_growth_sector_allocation,combined,growth_sector_sentiment_risk_budget,2021-03-09,2021-02-26,0.008069538026392709,1.0609597842548384
combined_growth_sector_allocation,combined,growth_sector_sentiment_risk_budget,2021-03-10,2021-02-26,0.007628305324255589,1.0690531094258906
combined_growth_sector_allocation,combined,growth_sector_sentiment_risk_budget,2021-03-11,2021-02-26,0.003572785482672489,1.0728726068554535
combined_growth_sector_allocation,combined,growth_sector_sentiment_risk_budget,2021-03-12,2021-02-26,0.00663142457559275,1.079987280627035
combined_growth_sector_allocation,combined,growth_sector_sentiment_risk_budget,2021-03-15,2021-02-26,0.005136078140369315,1.0855341796909403
combined_growth_sector_allocation,combined,growth_sector_sentiment_risk_budget,2021-03-16,2021-02-26,0.002986322838891885,1.088775935204149
combined_growth_sector_allocation,combined,growth_sector_sentiment_risk_budget,2021-03-17,2021-02-26,0.0033096640016170072,1.092379417722721
combined_growth_sector_allocation,combined,growth_sector_sentiment_risk_budget,2021-03-18,2021-02-26,-0.010727389679089507,1.0806610380313926
combined_growth_sector_allocation,combined,growth_sector_sentiment_risk_budget,2021-03-19,2021-02-26,-0.004066388357994331,1.0762666505674037
combined_growth_sector_allocation,combined,growth_sector_sentiment_risk_budget,2021-03-22,2021-02-26,0.004168006871627904,1.0807525373626725
combined_growth_sector_allocation,combined,growth_sector_sentiment_risk_budget,2021-03-23,2021-02-26,-0.007949906437381908,1.0721606558086763
combined_growth_sector_allocation,combined,growth_sector_sentiment_risk_budget,2021-03-24,2021-02-26,-0.0076501012872754875,1.0639585181955082
combined_growth_sector_allocation,combined,growth_sector_sentiment_risk_budget,2021-03-25,2021-02-26,0.007489968651728131,1.071927534143532
combined_growth_sector_allocation,combined,growth_sector_sentiment_risk_budget,2021-03-26,2021-02-26,0.02167601737703647,1.095162654000551
combined_growth_sector_allocation,combined,growth_sector_sentiment_risk_budget,2021-03-29,2021-02-26,0.004018562599922246,1.0995636336827492
combined_growth_sector_allocation,combined,growth_sector_sentiment_risk_budget,2021-03-30,2021-02-26,-0.0018544559412715547,1.09752454136946
combined_growth_sector_allocation,combined,growth_sector_sentiment_risk_budget,2021-03-31,2021-02-26,0.0021179582905750376,1.0998490525709632
combined_growth_sector_allocation,combined,growth_sector_sentiment_risk_budget,2021-04-01,2021-03-31,0.01272497667222971,1.1138446061079026
combined_growth_sector_allocation,combined,growth_sector_sentiment_risk_budget,2021-04-05,2021-03-31,0.011329645970929583,1.1264640711617346
combined_growth_sector_allocation,combined,growth_sector_sentiment_risk_budget,2021-04-06,2021-03-31,0.001548835998169895,1.1282087792657949
combined_growth_sector_allocation,combined,growth_sector_sentiment_risk_budget,2021-04-07,2021-03-31,-0.004612968332481881,1.1230043878946137
combined_growth_sector_allocation,combined,growth_sector_sentiment_risk_budget,2021-04-08,2021-03-31,0.0022429193160502427,1.1255231961282317
combined_growth_sector_allocation,combined,growth_sector_sentiment_risk_budget,2021-04-09,2021-03-31,0.0010904562049607902,1.126750529881277
combined_growth_sector_allocation,combined,growth_sector_sentiment_risk_budget,2021-04-12,2021-03-31,-0.0005914350770012801,1.1260841300948754
combined_growth_sector_allocation,combined,growth_sector_sentiment_risk_budget,2021-04-13,2021-03-31,0.007741371821534642,1.1348015660482693
combined_growth_sector_allocation,combined,growth_sector_sentiment_risk_budget,2021-04-14,2021-03-31,0.003131848240395515,1.1383555923360955
combined_growth_sector_allocation,combined,growth_sector_sentiment_risk_budget,2021-04-15,2021-03-31,0.012504997100746398,1.152590725717877
combined_growth_sector_allocation,combined,growth_sector_sentiment_risk_budget,2021-04-16,2021-03-31,0.004719364454664822,1.158030221419606
combined_growth_sector_allocation,combined,growth_sector_sentiment_risk_budget,2021-04-19,2021-03-31,-0.007208054938404305,1.1496830759632812
combined_growth_sector_allocation,combined,growth_sector_sentiment_risk_budget,2021-04-20,2021-03-31,-0.006251094218590677,1.1424962987339156
combined_growth_sector_allocation,combined,growth_sector_sentiment_risk_budget,2021-04-21,2021-03-31,0.007781890808273779,1.1513870801795199
combined_growth_sector_allocation,combined,growth_sector_sentiment_risk_budget,2021-04-22,2021-03-31,-0.011080682390371088,1.1386289256356739
combined_growth_sector_allocation,combined,growth_sector_sentiment_risk_budget,2021-04-23,2021-03-31,0.0069244414156993065,1.1465132949254586
combined_growth_sector_allocation,combined,growth_sector_sentiment_risk_budget,2021-04-26,2021-03-31,0.0082759033274701,1.1560017281179211
combined_growth_sector_allocation,combined,growth_sector_sentiment_risk_budget,2021-04-27,2021-03-31,0.002955382522075185,1.1594181554206895
combined_growth_sector_allocation,combined,growth_sector_sentiment_risk_budget,2021-04-28,2021-03-31,-0.0003703684816501676,1.1589887434788686
combined_growth_sector_allocation,combined,growth_sector_sentiment_risk_budget,2021-04-29,2021-03-31,0.007551719586485612,1.1677411014735144
combined_growth_sector_allocation,combined,growth_sector_sentiment_risk_budget,2021-04-30,2021-03-31,-0.002460060449352597,1.164868387774696
combined_growth_sector_allocation,combined,growth_sector_sentiment_risk_budget,2021-05-03,2021-04-30,0.00922579027048936,1.1756152192130283
combined_growth_sector_allocation,combined,growth_sector_sentiment_risk_budget,2021-05-04,2021-04-30,-0.0036596582715201216,1.1713128692519104
combined_growth_sector_allocation,combined,growth_sector_sentiment_risk_budget,2021-05-05,2021-04-30,0.017400059719818867,1.191693783127486
combined_growth_sector_allocation,combined,growth_sector_sentiment_risk_budget,2021-05-06,2021-04-30,0.013287585085378781,1.2075285156665096
combined_growth_sector_allocation,combined,growth_sector_sentiment_risk_budget,2021-05-07,2021-04-30,0.0065297432331848666,1.2154133668205607
combined_growth_sector_allocation,combined,growth_sector_sentiment_risk_budget,2021-05-10,2021-04-30,-0.006612278008336214,1.2073767157440953
combined_growth_sector_allocation,combined,growth_sector_sentiment_risk_budget,2021-05-11,2021-04-30,-0.002302137646646688,1.2045971683530963
combined_growth_sector_allocation,combined,growth_sector_sentiment_risk_budget,2021-05-12,2021-04-30,-0.023173457709380074,1.1766824868154269
combined_growth_sector_allocation,combined,growth_sector_sentiment_risk_budget,2021-05-13,2021-04-30,0.011152694244474187,1.189805666813707
combined_growth_sector_allocation,combined,growth_sector_sentiment_risk_budget,2021-05-14,2021-04-30,0.015107190321154845,1.2077802874674501
combined_growth_sector_allocation,combined,growth_sector_sentiment_risk_budget,2021-05-17,2021-04-30,-0.0018127103677870072,1.205590931618349
combined_growth_sector_allocation,combined,growth_sector_sentiment_risk_budget,2021-05-18,2021-04-30,-0.007812157022339072,1.1961726659558385
combined_growth_sector_allocation,combined,growth_sector_sentiment_risk_budget,2021-05-19,2021-04-30,-0.02001409613198651,1.1722323512289439
combined_growth_sector_allocation,combined,growth_sector_sentiment_risk_budget,2021-05-20,2021-04-30,0.01604176126573237,1.1910370227553269
combined_growth_sector_allocation,combined,growth_sector_sentiment_risk_budget,2021-05-21,2021-04-30,-0.00511686094645218,1.1849426519278115
combined_growth_sector_allocation,combined,growth_sector_sentiment_risk_budget,2021-05-24,2021-04-30,0.01784758766891751,1.2060910197907326
combined_growth_sector_allocation,combined,growth_sector_sentiment_risk_budget,2021-05-25,2021-04-30,-0.005195309613558988,1.1998250035207867
combined_growth_sector_allocation,combined,growth_sector_sentiment_risk_budget,2021-05-26,2021-04-30,0.0071965275334127665,1.208459577193901
combined_growth_sector_allocation,combined,growth_sector_sentiment_risk_budget,2021-05-27,2021-04-30,-1.748030291161707e-05,1.2084384529544352
combined_growth_sector_allocation,combined,growth_sector_sentiment_risk_budget,2021-05-28,2021-04-30,-0.001815382579795422,1.2062446748381868
combined_growth_sector_allocation,combined,growth_sector_sentiment_risk_budget,2021-06-01,2021-05-28,0.0011465656607255043,1.2076277135607891
combined_growth_sector_allocation,combined,growth_sector_sentiment_risk_budget,2021-06-02,2021-05-28,0.0020627426948900203,1.2101187388050834
combined_growth_sector_allocation,combined,growth_sector_sentiment_risk_budget,2021-06-03,2021-05-28,0.003621770588275277,1.2145015112616084
combined_growth_sector_allocation,combined,growth_sector_sentiment_risk_budget,2021-06-04,2021-05-28,0.0021451504009640148,1.2171067996654625
combined_growth_sector_allocation,combined,growth_sector_sentiment_risk_budget,2021-06-07,2021-05-28,-0.005892708682242289,1.2099347438598578
combined_growth_sector_allocation,combined,growth_sector_sentiment_risk_budget,2021-06-08,2021-05-28,-0.003785938776598703,1.2053540049959246
combined_growth_sector_allocation,combined,growth_sector_sentiment_risk_budget,2021-06-09,2021-05-28,0.0019036064164246777,1.207648524613898
combined_growth_sector_allocation,combined,growth_sector_sentiment_risk_budget,2021-06-10,2021-05-28,0.0017546410436591264,1.2097675142814999
combined_growth_sector_allocation,combined,growth_sector_sentiment_risk_budget,2021-06-11,2021-05-28,-0.001928755465916351,1.2074341685758414
combined_growth_sector_allocation,combined,growth_sector_sentiment_risk_budget,2021-06-14,2021-05-28,-0.0007767327409415766,1.2064963149245769
combined_growth_sector_allocation,combined,growth_sector_sentiment_risk_budget,2021-06-15,2021-05-28,-0.0021540778526269147,1.2038974279333219
combined_growth_sector_allocation,combined,growth_sector_sentiment_risk_budget,2021-06-16,2021-05-28,-0.012560873116823352,1.1887754250953815
combined_growth_sector_allocation,combined,growth_sector_sentiment_risk_budget,2021-06-17,2021-05-28,-0.005253492451599772,1.1825302023729956
combined_growth_sector_allocation,combined,growth_sector_sentiment_risk_budget,2021-06-18,2021-05-28,-0.017229408298655526,1.1621559066908196
combined_growth_sector_allocation,combined,growth_sector_sentiment_risk_budget,2021-06-21,2021-05-28,0.004602996961685785,1.1675053067983228
combined_growth_sector_allocation,combined,growth_sector_sentiment_risk_budget,2021-06-22,2021-05-28,-0.0013159564163389105,1.1659689206987318
combined_growth_sector_allocation,combined,growth_sector_sentiment_risk_budget,2021-06-23,2021-05-28,-0.0002848279530481457,1.1656368201577314
combined_growth_sector_allocation,combined,growth_sector_sentiment_risk_budget,2021-06-24,2021-05-28,0.00890522524023292,1.1760170785895447
combined_growth_sector_allocation,combined,growth_sector_sentiment_risk_budget,2021-06-25,2021-05-28,0.0053991544041796374,1.1823665763788018
combined_growth_sector_allocation,combined,growth_sector_sentiment_risk_budget,2021-06-28,2021-05-28,0.0008369447336660848,1.1833561518581648
combined_growth_sector_allocation,combined,growth_sector_sentiment_risk_budget,2021-06-29,2021-05-28,0.002296844321057629,1.1860741367153487
combined_growth_sector_allocation,combined,growth_sector_sentiment_risk_budget,2021-06-30,2021-05-28,0.003855251339776993,1.1906467506199954
combined_growth_sector_allocation,combined,growth_sector_sentiment_risk_budget,2021-07-01,2021-06-30,0.003425364328416974,1.1947251495273148
combined_growth_sector_allocation,combined,growth_sector_sentiment_risk_budget,2021-07-02,2021-06-30,0.004116183066256136,1.1996428569566295
combined_growth_sector_allocation,combined,growth_sector_sentiment_risk_budget,2021-07-06,2021-06-30,-0.006663236594933534,1.1916493527713055
combined_growth_sector_allocation,combined,growth_sector_sentiment_risk_budget,2021-07-07,2021-06-30,-0.0005561734550938199,1.1909865890335143
combined_growth_sector_allocation,combined,growth_sector_sentiment_risk_budget,2021-07-08,2021-06-30,-0.00839551388345408,1.1809876445902758
combined_growth_sector_allocation,combined,growth_sector_sentiment_risk_budget,2021-07-09,2021-06-30,0.012252575717551959,1.1954577851271115
combined_growth_sector_allocation,combined,growth_sector_sentiment_risk_budget,2021-07-12,2021-06-30,0.00268349800593716,1.198665793709682
combined_growth_sector_allocation,combined,growth_sector_sentiment_risk_budget,2021-07-13,2021-06-30,-0.0062892315838621255,1.191127106941388
combined_growth_sector_allocation,combined,growth_sector_sentiment_risk_budget,2021-07-14,2021-06-30,-0.0011068601073379396,1.1898086958639458
combined_growth_sector_allocation,combined,growth_sector_sentiment_risk_budget,2021-07-15,2021-06-30,-0.0032693721622348033,1.1859187684353034
combined_growth_sector_allocation,combined,growth_sector_sentiment_risk_budget,2021-07-16,2021-06-30,-0.009549710782504224,1.1745935871852027
combined_growth_sector_allocation,combined,growth_sector_sentiment_risk_budget,2021-07-19,2021-06-30,-0.018021054912469362,1.1534261716507037
combined_growth_sector_allocation,combined,growth_sector_sentiment_risk_budget,2021-07-20,2021-06-30,0.00870088613077482,1.1634620014304922
combined_growth_sector_allocation,combined,growth_sector_sentiment_risk_budget,2021-07-21,2021-06-30,0.013450670214727073,1.1791113451191
combined_growth_sector_allocation,combined,growth_sector_sentiment_risk_budget,2021-07-22,2021-06-30,0.0007170561446373059,1.1799568341543292
combined_growth_sector_allocation,combined,growth_sector_sentiment_risk_budget,2021-07-23,2021-06-30,0.00664091454655217,1.1877928266585684
combined_growth_sector_allocation,combined,growth_sector_sentiment_risk_budget,2021-07-26,2021-06-30,0.00597413909166019,1.1948888662171029
combined_growth_sector_allocation,combined,growth_sector_sentiment_risk_budget,2021-07-27,2021-06-30,-0.0012258010877154396,1.1934241701451949
combined_growth_sector_allocation,combined,growth_sector_sentiment_risk_budget,2021-07-28,2021-06-30,0.0039018324453812966,1.1980807112933696
combined_growth_sector_allocation,combined,growth_sector_sentiment_risk_budget,2021-07-29,2021-06-30,0.006520686253752139,1.205893019718386
combined_growth_sector_allocation,combined,growth_sector_sentiment_risk_budget,2021-07-30,2021-06-30,-0.0038382639846540547,1.2012644839714552
combined_growth_sector_allocation,combined,growth_sector_sentiment_risk_budget,2021-08-02,2021-07-30,-0.0020059099393577827,1.1988548556032594
combined_growth_sector_allocation,combined,growth_sector_sentiment_risk_budget,2021-08-03,2021-07-30,0.004348508618288284,1.2040680862749271
combined_growth_sector_allocation,combined,growth_sector_sentiment_risk_budget,2021-08-04,2021-07-30,-0.005417048625389815,1.1975455909032957
combined_growth_sector_allocation,combined,growth_sector_sentiment_risk_budget,2021-08-05,2021-07-30,0.005676851792107054,1.204343879737145
combined_growth_sector_allocation,combined,growth_sector_sentiment_risk_budget,2021-08-06,2021-07-30,0.004499008757542219,1.2097622333991749
combined_growth_sector_allocation,combined,growth_sector_sentiment_risk_budget,2021-08-09,2021-07-30,0.0014927674889570182,1.2115681271305614
combined_growth_sector_allocation,combined,growth_sector_sentiment_risk_budget,2021-08-10,2021-07-30,0.0069728248701989345,1.2200161794993578
combined_growth_sector_allocation,combined,growth_sector_sentiment_risk_budget,2021-08-11,2021-07-30,0.011133189912993068,1.2335988513226486
combined_growth_sector_allocation,combined,growth_sector_sentiment_risk_budget,2021-08-12,2021-07-30,0.0009298419867311685,1.2347459033293917
combined_growth_sector_allocation,combined,growth_sector_sentiment_risk_budget,2021-08-13,2021-07-30,0.007058637083070965,1.2434615265508024
combined_growth_sector_allocation,combined,growth_sector_sentiment_risk_budget,2021-08-16,2021-07-30,-0.0017437289634644531,1.2412932666720022
combined_growth_sector_allocation,combined,growth_sector_sentiment_risk_budget,2021-08-17,2021-07-30,-0.007657964663354306,1.2317874866989684
combined_growth_sector_allocation,combined,growth_sector_sentiment_risk_budget,2021-08-18,2021-07-30,-0.010580976205664727,1.218753972611771
combined_growth_sector_allocation,combined,growth_sector_sentiment_risk_budget,2021-08-19,2021-07-30,-0.0004199320574032201,1.218242178748584
combined_growth_sector_allocation,combined,growth_sector_sentiment_risk_budget,2021-08-20,2021-07-30,0.006863140446683794,1.2266031459194098
combined_growth_sector_allocation,combined,growth_sector_sentiment_risk_budget,2021-08-23,2021-07-30,0.007748580782520848,1.2361075794836605
combined_growth_sector_allocation,combined,growth_sector_sentiment_risk_budget,2021-08-24,2021-07-30,-0.0023726002856950257,1.2331747902874277
combined_growth_sector_allocation,combined,growth_sector_sentiment_risk_budget,2021-08-25,2021-07-30,0.0006703359210095591,1.2340014316462409
combined_growth_sector_allocation,combined,growth_sector_sentiment_risk_budget,2021-08-26,2021-07-30,-0.009277489273048375,1.2225529966012165
combined_growth_sector_allocation,combined,growth_sector_sentiment_risk_budget,2021-08-27,2021-07-30,0.01238976314024515,1.2377001386555027
combined_growth_sector_allocation,combined,growth_sector_sentiment_risk_budget,2021-08-30,2021-07-30,-0.0019341237123797245,1.2353062734685134
combined_growth_sector_allocation,combined,growth_sector_sentiment_risk_budget,2021-08-31,2021-07-30,0.0014998587563424819,1.2371590583995398
combined_growth_sector_allocation,combined,growth_sector_sentiment_risk_budget,2021-09-01,2021-08-31,0.0021349256522300007,1.2398003010092058
combined_growth_sector_allocation,combined,growth_sector_sentiment_risk_budget,2021-09-02,2021-08-31,0.005508511052679739,1.2466297546704308
combined_growth_sector_allocation,combined,growth_sector_sentiment_risk_budget,2021-09-03,2021-08-31,-0.0002680925573867787,1.2462955425113866
combined_growth_sector_allocation,combined,growth_sector_sentiment_risk_budget,2021-09-07,2021-08-31,-0.018665883442627408,1.223032335179803
combined_growth_sector_allocation,combined,growth_sector_sentiment_risk_budget,2021-09-08,2021-08-31,0.0010645849562414308,1.2243343570048322
combined_growth_sector_allocation,combined,growth_sector_sentiment_risk_budget,2021-09-09,2021-08-31,-0.00713268143738305,1.2156015700634735
combined_growth_sector_allocation,combined,growth_sector_sentiment_risk_budget,2021-09-10,2021-08-31,-0.0063781697915744374,1.207848256850704
combined_growth_sector_allocation,combined,growth_sector_sentiment_risk_budget,2021-09-13,2021-08-31,-0.00010058080257820638,1.2077267705036372
combined_growth_sector_allocation,combined,growth_sector_sentiment_risk_budget,2021-09-14,2021-08-31,-0.005733109607433319,1.2008027405525084
combined_growth_sector_allocation,combined,growth_sector_sentiment_risk_budget,2021-09-15,2021-08-31,0.006873927061564606,1.2090569710063932
combined_growth_sector_allocation,combined,growth_sector_sentiment_risk_budget,2021-09-16,2021-08-31,-0.005235739289563541,1.2027266639199743
combined_growth_sector_allocation,combined,growth_sector_sentiment_risk_budget,2021-09-17,2021-08-31,-0.012100068565700152,1.1881735888207468
combined_growth_sector_allocation,combined,growth_sector_sentiment_risk_budget,2021-09-20,2021-08-31,-0.019345161282381944,1.1651881791135428
combined_growth_sector_allocation,combined,growth_sector_sentiment_risk_budget,2021-09-21,2021-08-31,-0.004742259785937243,1.1596625540686831
combined_growth_sector_allocation,combined,growth_sector_sentiment_risk_budget,2021-09-22,2021-08-31,0.010718644209897666,1.1720925643892866
combined_growth_sector_allocation,combined,growth_sector_sentiment_risk_budget,2021-09-23,2021-08-31,0.00846486668914492,1.1820141716941799
combined_growth_sector_allocation,combined,growth_sector_sentiment_risk_budget,2021-09-24,2021-08-31,-0.006427699665511876,1.174416539598151
combined_growth_sector_allocation,combined,growth_sector_sentiment_risk_budget,2021-09-27,2021-08-31,-0.0028449836664529906,1.171075343725382
combined_growth_sector_allocation,combined,growth_sector_sentiment_risk_budget,2021-09-28,2021-08-31,-0.013051616250833616,1.1557909177382653
combined_growth_sector_allocation,combined,growth_sector_sentiment_risk_budget,2021-09-29,2021-08-31,0.006803066355962057,1.1636538400452567
combined_growth_sector_allocation,combined,growth_sector_sentiment_risk_budget,2021-09-30,2021-08-31,-0.006398934314726438,1.1562076955577278
combined_growth_sector_allocation,combined,growth_sector_sentiment_risk_budget,2021-10-01,2021-09-30,0.015234296454391148,1.1738217063547027
combined_growth_sector_allocation,combined,growth_sector_sentiment_risk_budget,2021-10-04,2021-09-30,-0.0038746559667264978,1.1692735510763024
combined_growth_sector_allocation,combined,growth_sector_sentiment_risk_budget,2021-10-05,2021-09-30,0.005908641835414948,1.176182369697236
combined_growth_sector_allocation,combined,growth_sector_sentiment_risk_budget,2021-10-06,2021-09-30,0.00320049902430169,1.1799467402238528
combined_growth_sector_allocation,combined,growth_sector_sentiment_risk_budget,2021-10-07,2021-09-30,0.007133409934302717,1.1883637840225139
combined_growth_sector_allocation,combined,growth_sector_sentiment_risk_budget,2021-10-08,2021-09-30,-0.003090834287838706,1.1846907484924314
combined_growth_sector_allocation,combined,growth_sector_sentiment_risk_budget,2021-10-11,2021-09-30,-0.007825565202720357,1.1754198737950443
combined_growth_sector_allocation,combined,growth_sector_sentiment_risk_budget,2021-10-12,2021-09-30,-0.002236805814532522,1.1727906877868224
combined_growth_sector_allocation,combined,growth_sector_sentiment_risk_budget,2021-10-13,2021-09-30,0.004514935517830129,1.1780857621180916
combined_growth_sector_allocation,combined,growth_sector_sentiment_risk_budget,2021-10-14,2021-09-30,0.011730245578636667,1.191904997420432
combined_growth_sector_allocation,combined,growth_sector_sentiment_risk_budget,2021-10-15,2021-09-30,0.004534355318279672,1.1973095181843696
combined_growth_sector_allocation,combined,growth_sector_sentiment_risk_budget,2021-10-18,2021-09-30,-0.0024973472247404624,1.1943194205819765
combined_growth_sector_allocation,combined,growth_sector_sentiment_risk_budget,2021-10-19,2021-09-30,0.009859209995807893,1.2060944665515658
combined_growth_sector_allocation,combined,growth_sector_sentiment_risk_budget,2021-10-20,2021-09-30,0.011826612205882846,1.2203584780911323
combined_growth_sector_allocation,combined,growth_sector_sentiment_risk_budget,2021-10-21,2021-09-30,3.3139493633171186e-05,1.2203989201531473
combined_growth_sector_allocation,combined,growth_sector_sentiment_risk_budget,2021-10-22,2021-09-30,0.0010473525303543417,1.2216771080502113
combined_growth_sector_allocation,combined,growth_sector_sentiment_risk_budget,2021-10-25,2021-09-30,0.005355737127491756,1.2282200894956026
combined_growth_sector_allocation,combined,growth_sector_sentiment_risk_budget,2021-10-26,2021-09-30,0.003869749949220483,1.2329729941245597
combined_growth_sector_allocation,combined,growth_sector_sentiment_risk_budget,2021-10-27,2021-09-30,-0.01753728064232664,1.2113500007021876
combined_growth_sector_allocation,combined,growth_sector_sentiment_risk_budget,2021-10-28,2021-09-30,0.011163389930096076,1.2248727731018483
combined_growth_sector_allocation,combined,growth_sector_sentiment_risk_budget,2021-10-29,2021-09-30,-0.0014033138363101197,1.223153892191635
combined_growth_sector_allocation,combined,growth_sector_sentiment_risk_budget,2021-11-01,2021-10-29,0.006480282741197452,1.2310802752490329
combined_growth_sector_allocation,combined,growth_sector_sentiment_risk_budget,2021-11-02,2021-10-29,0.006409685258716897,1.2389711123415938
combined_growth_sector_allocation,combined,growth_sector_sentiment_risk_budget,2021-11-03,2021-10-29,0.006134756302804636,1.2465718981820244
combined_growth_sector_allocation,combined,growth_sector_sentiment_risk_budget,2021-11-04,2021-10-29,0.003235580978916564,1.250605282504634
combined_growth_sector_allocation,combined,growth_sector_sentiment_risk_budget,2021-11-05,2021-10-29,0.0032972651436341304,1.2547288597110813
combined_growth_sector_allocation,combined,growth_sector_sentiment_risk_budget,2021-11-08,2021-10-29,0.006112463507756086,1.2623983440781936
combined_growth_sector_allocation,combined,growth_sector_sentiment_risk_budget,2021-11-09,2021-10-29,0.0019316853651963127,1.2648369004844975
combined_growth_sector_allocation,combined,growth_sector_sentiment_risk_budget,2021-11-10,2021-10-29,-0.007877644900921205,1.2548729645248988
combined_growth_sector_allocation,combined,growth_sector_sentiment_risk_budget,2021-11-11,2021-10-29,0.0012437306464970306,1.256433688488339
combined_growth_sector_allocation,combined,growth_sector_sentiment_risk_budget,2021-11-12,2021-10-29,0.001426618053126342,1.2582261394708925
combined_growth_sector_allocation,combined,growth_sector_sentiment_risk_budget,2021-11-15,2021-10-29,-0.0017013970538245185,1.2560853972241517
combined_growth_sector_allocation,combined,growth_sector_sentiment_risk_budget,2021-11-16,2021-10-29,-0.004517557527050012,1.2504109591833041
combined_growth_sector_allocation,combined,growth_sector_sentiment_risk_budget,2021-11-17,2021-10-29,-0.005589532336948277,1.2434217466924746
combined_growth_sector_allocation,combined,growth_sector_sentiment_risk_budget,2021-11-18,2021-10-29,-0.004470002188526419,1.237863648763498
combined_growth_sector_allocation,combined,growth_sector_sentiment_risk_budget,2021-11-19,2021-10-29,-0.0032273000039549533,1.2338686914049477
combined_growth_sector_allocation,combined,growth_sector_sentiment_risk_budget,2021-11-22,2021-10-29,-0.0011969840145970461,1.2323917703052243
combined_growth_sector_allocation,combined,growth_sector_sentiment_risk_budget,2021-11-23,2021-10-29,0.006976362486902686,1.2409893820207492
combined_growth_sector_allocation,combined,growth_sector_sentiment_risk_budget,2021-11-24,2021-10-29,0.0001280186492474216,1.2411482518051657
combined_growth_sector_allocation,combined,growth_sector_sentiment_risk_budget,2021-11-26,2021-10-29,-0.023303972210409408,1.2122245674361
combined_growth_sector_allocation,combined,growth_sector_sentiment_risk_budget,2021-11-29,2021-10-29,0.007627912298211652,1.2214713101222403
combined_growth_sector_allocation,combined,growth_sector_sentiment_risk_budget,2021-11-30,2021-10-29,-0.021186020786596073,1.1955931935557598
combined_growth_sector_allocation,combined,growth_sector_sentiment_risk_budget,2021-12-01,2021-11-30,-0.011517256596511934,1.1818232399605348
combined_growth_sector_allocation,combined,growth_sector_sentiment_risk_budget,2021-12-02,2021-11-30,0.01849721582963252,1.2036836795025605
combined_growth_sector_allocation,combined,growth_sector_sentiment_risk_budget,2021-12-03,2021-11-30,-0.0023674655789605874,1.2008339998233815
combined_growth_sector_allocation,combined,growth_sector_sentiment_risk_budget,2021-12-06,2021-11-30,0.014295708558804647,1.2180007727123603
combined_growth_sector_allocation,combined,growth_sector_sentiment_risk_budget,2021-12-07,2021-11-30,0.012096782661765091,1.2327346633417235
combined_growth_sector_allocation,combined,growth_sector_sentiment_risk_budget,2021-12-08,2021-11-30,0.0016584784236915796,1.2347791271830124
combined_growth_sector_allocation,combined,growth_sector_sentiment_risk_budget,2021-12-09,2021-11-30,-0.009522191290563947,1.2230213241323802
combined_growth_sector_allocation,combined,growth_sector_sentiment_risk_budget,2021-12-10,2021-11-30,0.0032035740462673166,1.2269393635044021
combined_growth_sector_allocation,combined,growth_sector_sentiment_risk_budget,2021-12-13,2021-11-30,-0.006101218970882783,1.2194535377836662
combined_growth_sector_allocation,combined,growth_sector_sentiment_risk_budget,2021-12-14,2021-11-30,-0.0012613295883268896,1.2179154049548697
combined_growth_sector_allocation,combined,growth_sector_sentiment_risk_budget,2021-12-15,2021-11-30,0.013724535194958993,1.2346307277946558
combined_growth_sector_allocation,combined,growth_sector_sentiment_risk_budget,2021-12-16,2021-11-30,0.001694168769056304,1.2367224006150028
combined_growth_sector_allocation,combined,growth_sector_sentiment_risk_budget,2021-12-17,2021-11-30,-0.011731401659570604,1.2222139133919998
combined_growth_sector_allocation,combined,growth_sector_sentiment_risk_budget,2021-12-20,2021-11-30,-0.00539771085826277,1.215616756080564
combined_growth_sector_allocation,combined,growth_sector_sentiment_risk_budget,2021-12-21,2021-11-30,0.012570724284975684,1.2308979391574493
combined_growth_sector_allocation,combined,growth_sector_sentiment_risk_budget,2021-12-22,2021-11-30,0.005948546104295578,1.2382199922982098
combined_growth_sector_allocation,combined,growth_sector_sentiment_risk_budget,2021-12-23,2021-11-30,0.0069605748351718524,1.2468387152170073
combined_growth_sector_allocation,combined,growth_sector_sentiment_risk_budget,2021-12-27,2021-11-30,0.011616891195882993,1.2613231049104978
combined_growth_sector_allocation,combined,growth_sector_sentiment_risk_budget,2021-12-28,2021-11-30,-0.0012081251676280085,1.2597992687229447
combined_growth_sector_allocation,combined,growth_sector_sentiment_risk_budget,2021-12-29,2021-11-30,-0.0001330553630682715,1.2596316456738517
combined_growth_sector_allocation,combined,growth_sector_sentiment_risk_budget,2021-12-30,2021-11-30,-0.0001994220551569981,1.2593804473423307
combined_growth_sector_allocation,combined,growth_sector_sentiment_risk_budget,2021-12-31,2021-11-30,-0.0021307255707996263,1.2566970532198134
combined_growth_sector_allocation,combined,growth_sector_sentiment_risk_budget,2022-01-03,2021-12-31,0.002782432406289828,1.260193727825581
combined_growth_sector_allocation,combined,growth_sector_sentiment_risk_budget,2022-01-04,2021-12-31,0.0046743423928772496,1.2660843047907941
combined_growth_sector_allocation,combined,growth_sector_sentiment_risk_budget,2022-01-05,2021-12-31,-0.012377218302141514,1.2504137029614835
combined_growth_sector_allocation,combined,growth_sector_sentiment_risk_budget,2022-01-06,2021-12-31,-0.0005854441627285007,1.249681655558089
combined_growth_sector_allocation,combined,growth_sector_sentiment_risk_budget,2022-01-07,2021-12-31,-0.0004455294087419195,1.2491248856289725
combined_growth_sector_allocation,combined,growth_sector_sentiment_risk_budget,2022-01-10,2021-12-31,-0.00801253763518415,1.2391162254718253
combined_growth_sector_allocation,combined,growth_sector_sentiment_risk_budget,2022-01-11,2021-12-31,0.007409462438575668,1.2482974106014884
combined_growth_sector_allocation,combined,growth_sector_sentiment_risk_budget,2022-01-12,2021-12-31,0.005126139752730472,1.2546963575812031
combined_growth_sector_allocation,combined,growth_sector_sentiment_risk_budget,2022-01-13,2021-12-31,-0.005150019986592487,1.248234646262555
combined_growth_sector_allocation,combined,growth_sector_sentiment_risk_budget,2022-01-14,2021-12-31,-0.00019645241191539053,1.2479894275556604
combined_growth_sector_allocation,combined,growth_sector_sentiment_risk_budget,2022-01-18,2021-12-31,-0.01142695781884372,1.233728705008619
combined_growth_sector_allocation,combined,growth_sector_sentiment_risk_budget,2022-01-19,2021-12-31,-0.0068934512668814285,1.2252240563040893
combined_growth_sector_allocation,combined,growth_sector_sentiment_risk_budget,2022-01-20,2021-12-31,-0.011059898977498062,1.2116732020165657
combined_growth_sector_allocation,combined,growth_sector_sentiment_risk_budget,2022-01-21,2021-12-31,-0.015595633814731384,1.1927763904547923
combined_growth_sector_allocation,combined,growth_sector_sentiment_risk_budget,2022-01-24,2021-12-31,-0.0005246906601998006,1.192150551823014
combined_growth_sector_allocation,combined,growth_sector_sentiment_risk_budget,2022-01-25,2021-12-31,-0.004973605428239997,1.1862212653671877
combined_growth_sector_allocation,combined,growth_sector_sentiment_risk_budget,2022-01-26,2021-12-31,-0.009603995103139619,1.1748288021433613
combined_growth_sector_allocation,combined,growth_sector_sentiment_risk_budget,2022-01-27,2021-12-31,-0.0023804564705929877,1.17203217331946
combined_growth_sector_allocation,combined,growth_sector_sentiment_risk_budget,2022-01-28,2021-12-31,0.019688342843411408,1.1951075445712822
combined_growth_sector_allocation,combined,growth_sector_sentiment_risk_budget,2022-01-31,2021-12-31,0.012801477899916213,1.2104066873911346
combined_growth_sector_allocation,combined,growth_sector_sentiment_risk_budget,2022-02-01,2022-01-31,0.011785971810105742,1.22467250648749
combined_growth_sector_allocation,combined,growth_sector_sentiment_risk_budget,2022-02-02,2022-01-31,0.006970885745307815,1.2332095586056342
combined_growth_sector_allocation,combined,growth_sector_sentiment_risk_budget,2022-02-03,2022-01-31,-0.008370308859405474,1.222887213711734
combined_growth_sector_allocation,combined,growth_sector_sentiment_risk_budget,2022-02-04,2022-01-31,0.003023168416488584,1.2265842077131548
combined_growth_sector_allocation,combined,growth_sector_sentiment_risk_budget,2022-02-07,2022-01-31,0.005799067052704755,1.2336972517794722
combined_growth_sector_allocation,combined,growth_sector_sentiment_risk_budget,2022-02-08,2022-01-31,0.0033024290363739715,1.2377714494058434
combined_growth_sector_allocation,combined,growth_sector_sentiment_risk_budget,2022-02-09,2022-01-31,0.0124955408291336,1.25323807308903
combined_growth_sector_allocation,combined,growth_sector_sentiment_risk_budget,2022-02-10,2022-01-31,-0.017169164720906224,1.2317210221776533
combined_growth_sector_allocation,combined,growth_sector_sentiment_risk_budget,2022-02-11,2022-01-31,-0.01319653704809557,1.2154665700755678
combined_growth_sector_allocation,combined,growth_sector_sentiment_risk_budget,2022-02-14,2022-01-31,-0.006067625818274809,1.2080915737337274
combined_growth_sector_allocation,combined,growth_sector_sentiment_risk_budget,2022-02-15,2022-01-31,0.013160217617867592,1.2239903217463755
combined_growth_sector_allocation,combined,growth_sector_sentiment_risk_budget,2022-02-16,2022-01-31,-0.001177376002934178,1.2225492249137275
combined_growth_sector_allocation,combined,growth_sector_sentiment_risk_budget,2022-02-17,2022-01-31,-0.01842563089354632,1.200022984146276
combined_growth_sector_allocation,combined,growth_sector_sentiment_risk_budget,2022-02-18,2022-01-31,-0.008885182099986108,1.1893605614079674
combined_growth_sector_allocation,combined,growth_sector_sentiment_risk_budget,2022-02-22,2022-01-31,-0.004285598114344074,1.1842634400287222
combined_growth_sector_allocation,combined,growth_sector_sentiment_risk_budget,2022-02-23,2022-01-31,-0.012042885477927623,1.1700014910447596
combined_growth_sector_allocation,combined,growth_sector_sentiment_risk_budget,2022-02-24,2022-01-31,0.00690757501253399,1.1780833641089279
combined_growth_sector_allocation,combined,growth_sector_sentiment_risk_budget,2022-02-25,2022-01-31,0.025952440608990792,1.208657502648405
combined_growth_sector_allocation,combined,growth_sector_sentiment_risk_budget,2022-02-28,2022-01-31,0.0036512139518319565,1.2130705697850612
combined_growth_sector_allocation,combined,growth_sector_sentiment_risk_budget,2022-03-01,2022-02-28,-0.0097251309137561,1.2012732996862767
combined_growth_sector_allocation,combined,growth_sector_sentiment_risk_budget,2022-03-02,2022-02-28,0.01598670941398185,1.2204777068551362
combined_growth_sector_allocation,combined,growth_sector_sentiment_risk_budget,2022-03-03,2022-02-28,-0.0002995969304024993,1.2201120554805378
combined_growth_sector_allocation,combined,growth_sector_sentiment_risk_budget,2022-03-04,2022-02-28,-0.0003630885429861501,1.2196690467720335
combined_growth_sector_allocation,combined,growth_sector_sentiment_risk_budget,2022-03-07,2022-02-28,-0.015622020693424193,1.2006153516842317
combined_growth_sector_allocation,combined,growth_sector_sentiment_risk_budget,2022-03-08,2022-02-28,-0.00608492203429989,1.1933097008760496
combined_growth_sector_allocation,combined,growth_sector_sentiment_risk_budget,2022-03-09,2022-02-28,0.015284673957895092,1.2115490505847333
combined_growth_sector_allocation,combined,growth_sector_sentiment_risk_budget,2022-03-10,2022-02-28,-0.002068324990483216,1.2090431734062126
combined_growth_sector_allocation,combined,growth_sector_sentiment_risk_budget,2022-03-11,2022-02-28,-0.007442133393267104,1.2000453128315045
combined_growth_sector_allocation,combined,growth_sector_sentiment_risk_budget,2022-03-14,2022-02-28,-0.008024101245720058,1.1904160277418927
combined_growth_sector_allocation,combined,growth_sector_sentiment_risk_budget,2022-03-15,2022-02-28,0.009038645016882806,1.2011757756390595
combined_growth_sector_allocation,combined,growth_sector_sentiment_risk_budget,2022-03-16,2022-02-28,0.01525296326914722,1.2194972656246714
combined_growth_sector_allocation,combined,growth_sector_sentiment_risk_budget,2022-03-17,2022-02-28,0.013615221477086529,1.2361009909868528
combined_growth_sector_allocation,combined,growth_sector_sentiment_risk_budget,2022-03-18,2022-02-28,0.0051126423007595515,1.2424207332013828
combined_growth_sector_allocation,combined,growth_sector_sentiment_risk_budget,2022-03-21,2022-02-28,0.0036668364627346177,1.2469764868479432
combined_growth_sector_allocation,combined,growth_sector_sentiment_risk_budget,2022-03-22,2022-02-28,0.008120583400965659,1.257102663408435
combined_growth_sector_allocation,combined,growth_sector_sentiment_risk_budget,2022-03-23,2022-02-28,-0.007555775182255561,1.2476042783027061
combined_growth_sector_allocation,combined,growth_sector_sentiment_risk_budget,2022-03-24,2022-02-28,0.008996943331305357,1.2588289032944897
combined_growth_sector_allocation,combined,growth_sector_sentiment_risk_budget,2022-03-25,2022-02-28,0.008678993668898443,1.269754271376409
combined_growth_sector_allocation,combined,growth_sector_sentiment_risk_budget,2022-03-28,2022-02-28,0.0016222449007936583,1.2718141237684102
combined_growth_sector_allocation,combined,growth_sector_sentiment_risk_budget,2022-03-29,2022-02-28,0.012229988206912082,1.287368395503482
combined_growth_sector_allocation,combined,growth_sector_sentiment_risk_budget,2022-03-30,2022-02-28,-0.0016195624691235306,1.2852834219661888
combined_growth_sector_allocation,combined,growth_sector_sentiment_risk_budget,2022-03-31,2022-02-28,-0.014116755998508142,1.2671393895093646
combined_growth_sector_allocation,combined,growth_sector_sentiment_risk_budget,2022-04-01,2022-03-31,0.007655018825648148,1.276839365390779
combined_growth_sector_allocation,combined,growth_sector_sentiment_risk_budget,2022-04-04,2022-03-31,0.00012865334968082363,1.277003635052141
combined_growth_sector_allocation,combined,growth_sector_sentiment_risk_budget,2022-04-05,2022-03-31,-0.009638311984311528,1.2646954756124085
combined_growth_sector_allocation,combined,growth_sector_sentiment_risk_budget,2022-04-06,2022-03-31,-0.002098707493633129,1.2620412497405769
combined_growth_sector_allocation,combined,growth_sector_sentiment_risk_budget,2022-04-07,2022-03-31,0.003258421987658031,1.2661535126980632
combined_growth_sector_allocation,combined,growth_sector_sentiment_risk_budget,2022-04-08,2022-03-31,0.0017905474348914852,1.2684206206224033
combined_growth_sector_allocation,combined,growth_sector_sentiment_risk_budget,2022-04-11,2022-03-31,-0.01507393271021457,1.2493005335388925
combined_growth_sector_allocation,combined,growth_sector_sentiment_risk_budget,2022-04-12,2022-03-31,0.0013546934601248361,1.2509929528014079
combined_growth_sector_allocation,combined,growth_sector_sentiment_risk_budget,2022-04-13,2022-03-31,0.009201955166072358,1.2625045338661587
combined_growth_sector_allocation,combined,growth_sector_sentiment_risk_budget,2022-04-14,2022-03-31,-0.0013967049836430094,1.260741187491836
combined_growth_sector_allocation,combined,growth_sector_sentiment_risk_budget,2022-04-18,2022-03-31,-5.895889663558003e-06,1.2607337543009
combined_growth_sector_allocation,combined,growth_sector_sentiment_risk_budget,2022-04-19,2022-03-31,0.012181165858378796,1.276090961265296
combined_growth_sector_allocation,combined,growth_sector_sentiment_risk_budget,2022-04-20,2022-03-31,0.0013601056562215104,1.277826579799566
combined_growth_sector_allocation,combined,growth_sector_sentiment_risk_budget,2022-04-21,2022-03-31,-0.011543410745097326,1.2630761027279367
combined_growth_sector_allocation,combined,growth_sector_sentiment_risk_budget,2022-04-22,2022-03-31,-0.02162531405496238,1.235761685331127
combined_growth_sector_allocation,combined,growth_sector_sentiment_risk_budget,2022-04-25,2022-03-31,-0.0027922208927103967,1.2323111657349346
combined_growth_sector_allocation,combined,growth_sector_sentiment_risk_budget,2022-04-26,2022-03-31,-0.022454564786283673,1.2046401548270786
combined_growth_sector_allocation,combined,growth_sector_sentiment_risk_budget,2022-04-27,2022-03-31,0.0008355791397723617,1.2056467270113842
combined_growth_sector_allocation,combined,growth_sector_sentiment_risk_budget,2022-04-28,2022-03-31,0.014506562178565566,1.223136516222159
combined_growth_sector_allocation,combined,growth_sector_sentiment_risk_budget,2022-04-29,2022-03-31,-0.033992206202560285,1.1815594075488542
combined_growth_sector_allocation,combined,growth_sector_sentiment_risk_budget,2022-05-02,2022-04-29,0.0005798334360886148,1.1822445152000762
combined_growth_sector_allocation,combined,growth_sector_sentiment_risk_budget,2022-05-03,2022-04-29,0.004506488236005911,1.1875722861999078
combined_growth_sector_allocation,combined,growth_sector_sentiment_risk_budget,2022-05-04,2022-04-29,0.03222482105466152,1.2258415906121753
combined_growth_sector_allocation,combined,growth_sector_sentiment_risk_budget,2022-05-05,2022-04-29,-0.026400830458058754,1.1934783546099863
combined_growth_sector_allocation,combined,growth_sector_sentiment_risk_budget,2022-05-06,2022-04-29,-0.0036003333597322278,1.1891814346757656
combined_growth_sector_allocation,combined,growth_sector_sentiment_risk_budget,2022-05-09,2022-04-29,-0.038830361228082526,1.1430050900015762
combined_growth_sector_allocation,combined,growth_sector_sentiment_risk_budget,2022-05-10,2022-04-29,-0.004874298616466535,1.1374337418727674
combined_growth_sector_allocation,combined,growth_sector_sentiment_risk_budget,2022-05-11,2022-04-29,-0.009086549608634864,1.1270983937507053
combined_growth_sector_allocation,combined,growth_sector_sentiment_risk_budget,2022-05-12,2022-04-29,0.0007532620844385349,1.1279473942361493
combined_growth_sector_allocation,combined,growth_sector_sentiment_risk_budget,2022-05-13,2022-04-29,0.024171938062436837,1.1552120687873124
combined_growth_sector_allocation,combined,growth_sector_sentiment_risk_budget,2022-05-16,2022-04-29,-0.0015183774773095404,1.1534580208005496
combined_growth_sector_allocation,combined,growth_sector_sentiment_risk_budget,2022-05-17,2022-04-29,0.01639685125073756,1.1723711003915864
combined_growth_sector_allocation,combined,growth_sector_sentiment_risk_budget,2022-05-18,2022-04-29,-0.030092816111938286,1.1370911524525518
combined_growth_sector_allocation,combined,growth_sector_sentiment_risk_budget,2022-05-19,2022-04-29,7.920920965887187e-05,1.1371812205440477
combined_growth_sector_allocation,combined,growth_sector_sentiment_risk_budget,2022-05-20,2022-04-29,0.001519300793058806,1.1389089408742719
combined_growth_sector_allocation,combined,growth_sector_sentiment_risk_budget,2022-05-23,2022-04-29,0.015932082094904095,1.157054131618901
combined_growth_sector_allocation,combined,growth_sector_sentiment_risk_budget,2022-05-24,2022-04-29,0.0046009649026479,1.1623776970689432
combined_growth_sector_allocation,combined,growth_sector_sentiment_risk_budget,2022-05-25,2022-04-29,0.006545468343719086,1.1699860034885532
combined_growth_sector_allocation,combined,growth_sector_sentiment_risk_budget,2022-05-26,2022-04-29,0.009417518862973467,1.1810043687458216
combined_growth_sector_allocation,combined,growth_sector_sentiment_risk_budget,2022-05-27,2022-04-29,0.016715485955053164,1.2007454306844487
combined_growth_sector_allocation,combined,growth_sector_sentiment_risk_budget,2022-05-31,2022-04-29,-0.006392709957284481,1.1930694134135484
combined_growth_sector_allocation,combined,growth_sector_sentiment_risk_budget,2022-06-01,2022-05-31,-0.00796632962120321,1.1835650292053206
combined_growth_sector_allocation,combined,growth_sector_sentiment_risk_budget,2022-06-02,2022-05-31,0.012843038754418393,1.198765600743779
combined_growth_sector_allocation,combined,growth_sector_sentiment_risk_budget,2022-06-03,2022-05-31,-0.0071813455810862655,1.1901568506941194
combined_growth_sector_allocation,combined,growth_sector_sentiment_risk_budget,2022-06-06,2022-05-31,0.0009946072260831871,1.191340589297992
combined_growth_sector_allocation,combined,growth_sector_sentiment_risk_budget,2022-06-07,2022-05-31,0.009011466387755091,1.2020763149748193
combined_growth_sector_allocation,combined,growth_sector_sentiment_risk_budget,2022-06-08,2022-05-31,-0.012055259353075675,1.1875849732356083
combined_growth_sector_allocation,combined,growth_sector_sentiment_risk_budget,2022-06-09,2022-05-31,-0.022312022827797512,1.1610875502028262
combined_growth_sector_allocation,combined,growth_sector_sentiment_risk_budget,2022-06-10,2022-05-31,-0.024569141364270436,1.1325606260455985
combined_growth_sector_allocation,combined,growth_sector_sentiment_risk_budget,2022-06-13,2022-05-31,-0.04391321354764863,1.0828262494183996
combined_growth_sector_allocation,combined,growth_sector_sentiment_risk_budget,2022-06-14,2022-05-31,-0.006352548578641053,1.0759475430667413
combined_growth_sector_allocation,combined,growth_sector_sentiment_risk_budget,2022-06-15,2022-05-31,0.012687169184051437,1.0895982715787935
combined_growth_sector_allocation,combined,growth_sector_sentiment_risk_budget,2022-06-16,2022-05-31,-0.030647052107862567,1.0562052965730813
combined_growth_sector_allocation,combined,growth_sector_sentiment_risk_budget,2022-06-17,2022-05-31,-0.002514231188416724,1.0535497522750663
combined_growth_sector_allocation,combined,growth_sector_sentiment_risk_budget,2022-06-21,2022-05-31,0.020499708999190694,1.0751472156128747
combined_growth_sector_allocation,combined,growth_sector_sentiment_risk_budget,2022-06-22,2022-05-31,-0.00394611216616043,1.0709045641049313
combined_growth_sector_allocation,combined,growth_sector_sentiment_risk_budget,2022-06-23,2022-05-31,0.0062198456746371195,1.0775654252259286
combined_growth_sector_allocation,combined,growth_sector_sentiment_risk_budget,2022-06-24,2022-05-31,0.026783082568079573,1.1064259489822623
combined_growth_sector_allocation,combined,growth_sector_sentiment_risk_budget,2022-06-27,2022-05-31,-0.0021477628271727475,1.104049608458019
combined_growth_sector_allocation,combined,growth_sector_sentiment_risk_budget,2022-06-28,2022-05-31,-0.009686274743828178,1.0933554806196786
combined_growth_sector_allocation,combined,growth_sector_sentiment_risk_budget,2022-06-29,2022-05-31,-0.004777214954993676,1.088132286466538
combined_growth_sector_allocation,combined,growth_sector_sentiment_risk_budget,2022-06-30,2022-05-31,-0.0060277586128016656,1.0815732877049216
combined_growth_sector_allocation,combined,growth_sector_sentiment_risk_budget,2022-07-01,2022-06-30,0.010692665368635527,1.093138188942005
combined_growth_sector_allocation,combined,growth_sector_sentiment_risk_budget,2022-07-05,2022-06-30,-0.008686279701513162,1.0836428848804494
combined_growth_sector_allocation,combined,growth_sector_sentiment_risk_budget,2022-07-06,2022-06-30,0.00014808891441886837,1.0838033603788892
combined_growth_sector_allocation,combined,growth_sector_sentiment_risk_budget,2022-07-07,2022-06-30,0.013568250761085214,1.0985086761482168
combined_growth_sector_allocation,combined,growth_sector_sentiment_risk_budget,2022-07-08,2022-06-30,-0.0035591945898605414,1.0945988700111553
combined_growth_sector_allocation,combined,growth_sector_sentiment_risk_budget,2022-07-11,2022-06-30,-0.008655021113017039,1.085125093680924
combined_growth_sector_allocation,combined,growth_sector_sentiment_risk_budget,2022-07-12,2022-06-30,-0.00445975917000085,1.0802856970937824
combined_growth_sector_allocation,combined,growth_sector_sentiment_risk_budget,2022-07-13,2022-06-30,-0.0018818735820055653,1.0782527359794032
combined_growth_sector_allocation,combined,growth_sector_sentiment_risk_budget,2022-07-14,2022-06-30,-0.003414688982173243,1.0745708382418562
combined_growth_sector_allocation,combined,growth_sector_sentiment_risk_budget,2022-07-15,2022-06-30,0.0173103153571184,1.0931719983253858
combined_growth_sector_allocation,combined,growth_sector_sentiment_risk_budget,2022-07-18,2022-06-30,0.0008833255184270803,1.0941376250475365
combined_growth_sector_allocation,combined,growth_sector_sentiment_risk_budget,2022-07-19,2022-06-30,0.02528224260708501,1.1217998779295282
combined_growth_sector_allocation,combined,growth_sector_sentiment_risk_budget,2022-07-20,2022-06-30,-0.0014035078075132683,1.1202254230423867
combined_growth_sector_allocation,combined,growth_sector_sentiment_risk_budget,2022-07-21,2022-06-30,0.005178304806054735,1.1260262917343917
combined_growth_sector_allocation,combined,growth_sector_sentiment_risk_budget,2022-07-22,2022-06-30,-0.003472055937099305,1.1221166654628454
combined_growth_sector_allocation,combined,growth_sector_sentiment_risk_budget,2022-07-25,2022-06-30,0.000975591525932821,1.123211392972779
combined_growth_sector_allocation,combined,growth_sector_sentiment_risk_budget,2022-07-26,2022-06-30,-0.002388417100973141,1.120528695673795
combined_growth_sector_allocation,combined,growth_sector_sentiment_risk_budget,2022-07-27,2022-06-30,0.01445804289705103,1.1367293476232234
combined_growth_sector_allocation,combined,growth_sector_sentiment_risk_budget,2022-07-28,2022-06-30,0.013721839773469576,1.1523273655971098
combined_growth_sector_allocation,combined,growth_sector_sentiment_risk_budget,2022-07-29,2022-06-30,0.008903493889233362,1.1625871052551
combined_growth_sector_allocation,combined,growth_sector_sentiment_risk_budget,2022-08-01,2022-07-29,-0.003834094343510966,1.1581296366110025
combined_growth_sector_allocation,combined,growth_sector_sentiment_risk_budget,2022-08-02,2022-07-29,-0.010016322111173034,1.146529437124211
combined_growth_sector_allocation,combined,growth_sector_sentiment_risk_budget,2022-08-03,2022-07-29,0.004754438699393706,1.1519805410500683
combined_growth_sector_allocation,combined,growth_sector_sentiment_risk_budget,2022-08-04,2022-07-29,-0.0025014447787671526,1.1490989253404174
combined_growth_sector_allocation,combined,growth_sector_sentiment_risk_budget,2022-08-05,2022-07-29,0.003600200232991084,1.1532359115591577
combined_growth_sector_allocation,combined,growth_sector_sentiment_risk_budget,2022-08-08,2022-07-29,0.0027404469367670464,1.1563962933803598
combined_growth_sector_allocation,combined,growth_sector_sentiment_risk_budget,2022-08-09,2022-07-29,-0.0010871504645514323,1.1551391166128058
combined_growth_sector_allocation,combined,growth_sector_sentiment_risk_budget,2022-08-10,2022-07-29,0.01722854804368694,1.1750404863805115
combined_growth_sector_allocation,combined,growth_sector_sentiment_risk_budget,2022-08-11,2022-07-29,0.006290395661187759,1.1824319559577594
combined_growth_sector_allocation,combined,growth_sector_sentiment_risk_budget,2022-08-12,2022-07-29,0.014130865362224604,1.1991407427273904
combined_growth_sector_allocation,combined,growth_sector_sentiment_risk_budget,2022-08-15,2022-07-29,0.003116398262396113,1.2028777428543944
combined_growth_sector_allocation,combined,growth_sector_sentiment_risk_budget,2022-08-16,2022-07-29,0.0034648429298658424,1.2070455252972163
combined_growth_sector_allocation,combined,growth_sector_sentiment_risk_budget,2022-08-17,2022-07-29,-0.007535588132451105,1.1979497273614583
combined_growth_sector_allocation,combined,growth_sector_sentiment_risk_budget,2022-08-18,2022-07-29,0.0021628633009621516,1.200540728863166
combined_growth_sector_allocation,combined,growth_sector_sentiment_risk_budget,2022-08-19,2022-07-29,-0.01184852248954357,1.1863160950376177
combined_growth_sector_allocation,combined,growth_sector_sentiment_risk_budget,2022-08-22,2022-07-29,-0.01579080415524753,1.1675832099146608
combined_growth_sector_allocation,combined,growth_sector_sentiment_risk_budget,2022-08-23,2022-07-29,0.002749858405424461,1.1707938984184771
combined_growth_sector_allocation,combined,growth_sector_sentiment_risk_budget,2022-08-24,2022-07-29,0.0016146396927983163,1.1726843087189496
combined_growth_sector_allocation,combined,growth_sector_sentiment_risk_budget,2022-08-25,2022-07-29,0.012534863850894676,1.1873837468688222
combined_growth_sector_allocation,combined,growth_sector_sentiment_risk_budget,2022-08-26,2022-07-29,-0.027940836852796143,1.1542072513158987
combined_growth_sector_allocation,combined,growth_sector_sentiment_risk_budget,2022-08-29,2022-07-29,-0.0003800990233881504,1.153768538266886
combined_growth_sector_allocation,combined,growth_sector_sentiment_risk_budget,2022-08-30,2022-07-29,-0.013674969086893494,1.1379907891726562
combined_growth_sector_allocation,combined,growth_sector_sentiment_risk_budget,2022-08-31,2022-07-29,-0.006540467126613175,1.130547797825684
combined_growth_sector_allocation,combined,growth_sector_sentiment_risk_budget,2022-09-01,2022-08-31,0.004245548211900408,1.1353475930072108
combined_growth_sector_allocation,combined,growth_sector_sentiment_risk_budget,2022-09-02,2022-08-31,-0.010760025017019014,1.1231312245034408
combined_growth_sector_allocation,combined,growth_sector_sentiment_risk_budget,2022-09-06,2022-08-31,-0.005415110886250905,1.117049344382944
combined_growth_sector_allocation,combined,growth_sector_sentiment_risk_budget,2022-09-07,2022-08-31,0.019841230561856583,1.1392129779738165
combined_growth_sector_allocation,combined,growth_sector_sentiment_risk_budget,2022-09-08,2022-08-31,0.004520269722514143,1.1443625279056469
combined_growth_sector_allocation,combined,growth_sector_sentiment_risk_budget,2022-09-09,2022-08-31,0.014726850786041017,1.1612153840992498
combined_growth_sector_allocation,combined,growth_sector_sentiment_risk_budget,2022-09-12,2022-08-31,0.0076976651174329915,1.1701540312552572
combined_growth_sector_allocation,combined,growth_sector_sentiment_risk_budget,2022-09-13,2022-08-31,-0.03976209675173683,1.1236262534500507
combined_growth_sector_allocation,combined,growth_sector_sentiment_risk_budget,2022-09-14,2022-08-31,0.0028714082985346096,1.1268526431986585
combined_growth_sector_allocation,combined,growth_sector_sentiment_risk_budget,2022-09-15,2022-08-31,-0.01671777127444008,1.108014178449665
combined_growth_sector_allocation,combined,growth_sector_sentiment_risk_budget,2022-09-16,2022-08-31,-0.005978694994138954,1.1013896996275332
combined_growth_sector_allocation,combined,growth_sector_sentiment_risk_budget,2022-09-19,2022-08-31,0.006941245801878514,1.109034716256305
combined_growth_sector_allocation,combined,growth_sector_sentiment_risk_budget,2022-09-20,2022-08-31,-0.014861597347651375,1.0925526888587371
combined_growth_sector_allocation,combined,growth_sector_sentiment_risk_budget,2022-09-21,2022-08-31,-0.018336910155607247,1.0725186483628673
combined_growth_sector_allocation,combined,growth_sector_sentiment_risk_budget,2022-09-22,2022-08-31,-0.004345398368066176,1.0678581275785508
combined_growth_sector_allocation,combined,growth_sector_sentiment_risk_budget,2022-09-23,2022-08-31,-0.017840566506047078,1.0488069336344628
combined_growth_sector_allocation,combined,growth_sector_sentiment_risk_budget,2022-09-26,2022-08-31,-0.014050480025393651,1.0340706927629373
combined_growth_sector_allocation,combined,growth_sector_sentiment_risk_budget,2022-09-27,2022-08-31,-0.005925245266734957,1.0279435702851742
combined_growth_sector_allocation,combined,growth_sector_sentiment_risk_budget,2022-09-28,2022-08-31,0.019238996484480974,1.0477201730201355
combined_growth_sector_allocation,combined,growth_sector_sentiment_risk_budget,2022-09-29,2022-08-31,-0.018537782915667135,1.028297763896323
combined_growth_sector_allocation,combined,growth_sector_sentiment_risk_budget,2022-09-30,2022-08-31,-0.015717034782996256,1.0121359721738874
combined_growth_sector_allocation,combined,growth_sector_sentiment_risk_budget,2022-10-03,2022-09-30,0.030913843992308003,1.043424985716674
combined_growth_sector_allocation,combined,growth_sector_sentiment_risk_budget,2022-10-04,2022-09-30,0.02789266927460589,1.0725288937561297
combined_growth_sector_allocation,combined,growth_sector_sentiment_risk_budget,2022-10-05,2022-09-30,-0.004222275529749799,1.0680003812530736
combined_growth_sector_allocation,combined,growth_sector_sentiment_risk_budget,2022-10-06,2022-09-30,-0.01254608093784984,1.054601162028218
combined_growth_sector_allocation,combined,growth_sector_sentiment_risk_budget,2022-10-07,2022-09-30,-0.019284507178983376,1.0342636983481208
combined_growth_sector_allocation,combined,growth_sector_sentiment_risk_budget,2022-10-10,2022-09-30,-0.0058055761716605024,1.0282592016657774
combined_growth_sector_allocation,combined,growth_sector_sentiment_risk_budget,2022-10-11,2022-09-30,-0.0018227012409706299,1.0263849923428618
combined_growth_sector_allocation,combined,growth_sector_sentiment_risk_budget,2022-10-12,2022-09-30,-0.007508319798633624,1.0186785655838335
combined_growth_sector_allocation,combined,growth_sector_sentiment_risk_budget,2022-10-13,2022-09-30,0.026829421038346304,1.046009121722621
combined_growth_sector_allocation,combined,growth_sector_sentiment_risk_budget,2022-10-14,2022-09-30,-0.015834406556204696,1.0294461880277666
combined_growth_sector_allocation,combined,growth_sector_sentiment_risk_budget,2022-10-17,2022-09-30,0.01870252818404775,1.0486994343733165
combined_growth_sector_allocation,combined,growth_sector_sentiment_risk_budget,2022-10-18,2022-09-30,0.01095707190963591,1.0601901094873394
combined_growth_sector_allocation,combined,growth_sector_sentiment_risk_budget,2022-10-19,2022-09-30,-0.009774859730638102,1.0498268998792908
combined_growth_sector_allocation,combined,growth_sector_sentiment_risk_budget,2022-10-20,2022-09-30,-0.005605342551989375,1.0439422604851742
combined_growth_sector_allocation,combined,growth_sector_sentiment_risk_budget,2022-10-21,2022-09-30,0.02247786400755434,1.0674078526480988
combined_growth_sector_allocation,combined,growth_sector_sentiment_risk_budget,2022-10-24,2022-09-30,0.00775146417610304,1.0756818263791914
combined_growth_sector_allocation,combined,growth_sector_sentiment_risk_budget,2022-10-25,2022-09-30,0.016959862536205256,1.0939252422872767
combined_growth_sector_allocation,combined,growth_sector_sentiment_risk_budget,2022-10-26,2022-09-30,0.007124320940632988,1.101718716798391
combined_growth_sector_allocation,combined,growth_sector_sentiment_risk_budget,2022-10-27,2022-09-30,-0.0009763978712213309,1.1006430009886246
combined_growth_sector_allocation,combined,growth_sector_sentiment_risk_budget,2022-10-28,2022-09-30,0.02335710462188205,1.126350834714058
combined_growth_sector_allocation,combined,growth_sector_sentiment_risk_budget,2022-10-31,2022-09-30,-0.006442319956172808,1.1190945222539277
combined_growth_sector_allocation,combined,growth_sector_sentiment_risk_budget,2022-11-01,2022-10-31,0.0019960442503238513,1.1213282844406416
combined_growth_sector_allocation,combined,growth_sector_sentiment_risk_budget,2022-11-02,2022-10-31,-0.015338197339309599,1.1041291299317415
combined_growth_sector_allocation,combined,growth_sector_sentiment_risk_budget,2022-11-03,2022-10-31,-0.00014848200484747845,1.1039651866249187
combined_growth_sector_allocation,combined,growth_sector_sentiment_risk_budget,2022-11-04,2022-10-31,0.019363335999436244,1.1253416354652175
combined_growth_sector_allocation,combined,growth_sector_sentiment_risk_budget,2022-11-07,2022-10-31,0.0072668294591607535,1.1335193012134361
combined_growth_sector_allocation,combined,growth_sector_sentiment_risk_budget,2022-11-08,2022-10-31,-0.0014046317221030878,1.1319271240453357
combined_growth_sector_allocation,combined,growth_sector_sentiment_risk_budget,2022-11-09,2022-10-31,-0.0260713460733079,1.1024162602645857
combined_growth_sector_allocation,combined,growth_sector_sentiment_risk_budget,2022-11-10,2022-10-31,0.049370794894427215,1.15684342733839
combined_growth_sector_allocation,combined,growth_sector_sentiment_risk_budget,2022-11-11,2022-10-31,0.009273132683138535,1.1675709899337157
combined_growth_sector_allocation,combined,growth_sector_sentiment_risk_budget,2022-11-14,2022-10-31,-0.0070664912100404705,1.159320359796251
combined_growth_sector_allocation,combined,growth_sector_sentiment_risk_budget,2022-11-15,2022-10-31,0.008699164705367872,1.1694054785524048
combined_growth_sector_allocation,combined,growth_sector_sentiment_risk_budget,2022-11-16,2022-10-31,-0.009216808982679799,1.158627291633288
combined_growth_sector_allocation,combined,growth_sector_sentiment_risk_budget,2022-11-17,2022-10-31,-0.0016837068836501024,1.1566765028867803
combined_growth_sector_allocation,combined,growth_sector_sentiment_risk_budget,2022-11-18,2022-10-31,0.005392621466368142,1.1629140214258913
combined_growth_sector_allocation,combined,growth_sector_sentiment_risk_budget,2022-11-21,2022-10-31,0.0006359976393029737,1.1636536319982305
combined_growth_sector_allocation,combined,growth_sector_sentiment_risk_budget,2022-11-22,2022-10-31,0.015197209324600393,1.181337919825039
combined_growth_sector_allocation,combined,growth_sector_sentiment_risk_budget,2022-11-23,2022-10-31,0.00498861391212268,1.1872311586067963
combined_growth_sector_allocation,combined,growth_sector_sentiment_risk_budget,2022-11-25,2022-10-31,0.0010069056100165618,1.188426588320784
combined_growth_sector_allocation,combined,growth_sector_sentiment_risk_budget,2022-11-28,2022-10-31,-0.017614441488416087,1.1674931177175296
combined_growth_sector_allocation,combined,growth_sector_sentiment_risk_budget,2022-11-29,2022-10-31,0.00505653537061574,1.1733965879622188
combined_growth_sector_allocation,combined,growth_sector_sentiment_risk_budget,2022-11-30,2022-10-31,0.022027263111708405,1.1992433033396435
combined_growth_sector_allocation,combined,growth_sector_sentiment_risk_budget,2022-12-01,2022-11-30,-0.0014839673613138097,1.1974636654192132
combined_growth_sector_allocation,combined,growth_sector_sentiment_risk_budget,2022-12-02,2022-11-30,0.002053732823339945,1.1999229358536416
combined_growth_sector_allocation,combined,growth_sector_sentiment_risk_budget,2022-12-05,2022-11-30,-0.016162923788489277,1.180528672889379
combined_growth_sector_allocation,combined,growth_sector_sentiment_risk_budget,2022-12-06,2022-11-30,-0.010041539729728042,1.168674347318477
combined_growth_sector_allocation,combined,growth_sector_sentiment_risk_budget,2022-12-07,2022-11-30,-0.0013130782440921975,1.1671397864585846
combined_growth_sector_allocation,combined,growth_sector_sentiment_risk_budget,2022-12-08,2022-11-30,0.00689569753201363,1.175188029403582
combined_growth_sector_allocation,combined,growth_sector_sentiment_risk_budget,2022-12-09,2022-11-30,-0.008073730349124755,1.1656998781446581
combined_growth_sector_allocation,combined,growth_sector_sentiment_risk_budget,2022-12-12,2022-11-30,0.014270260573275205,1.1823347191560176
combined_growth_sector_allocation,combined,growth_sector_sentiment_risk_budget,2022-12-13,2022-11-30,0.008704599875002411,1.192626469804594
combined_growth_sector_allocation,combined,growth_sector_sentiment_risk_budget,2022-12-14,2022-11-30,-0.00846695985939702,1.1825285493575042
combined_growth_sector_allocation,combined,growth_sector_sentiment_risk_budget,2022-12-15,2022-11-30,-0.02056923609758377,1.1582048404336365
combined_growth_sector_allocation,combined,growth_sector_sentiment_risk_budget,2022-12-16,2022-11-30,-0.013367674706746897,1.1427223348829398
combined_growth_sector_allocation,combined,growth_sector_sentiment_risk_budget,2022-12-19,2022-11-30,-0.00815963311962792,1.1333981398726904
combined_growth_sector_allocation,combined,growth_sector_sentiment_risk_budget,2022-12-20,2022-11-30,0.003384084673961737,1.1372336551473303
combined_growth_sector_allocation,combined,growth_sector_sentiment_risk_budget,2022-12-21,2022-11-30,0.015307063590514203,1.1546413630239434
combined_growth_sector_allocation,combined,growth_sector_sentiment_risk_budget,2022-12-22,2022-11-30,-0.007682228342873658,1.1457711444190666
combined_growth_sector_allocation,combined,growth_sector_sentiment_risk_budget,2022-12-23,2022-11-30,0.006186377299024824,1.1528593170167782
combined_growth_sector_allocation,combined,growth_sector_sentiment_risk_budget,2022-12-27,2022-11-30,0.00015773041685028063,1.1530411579974211
combined_growth_sector_allocation,combined,growth_sector_sentiment_risk_budget,2022-12-28,2022-11-30,-0.01238711781327435,1.1387583013297526
combined_growth_sector_allocation,combined,growth_sector_sentiment_risk_budget,2022-12-29,2022-11-30,0.012442501972557408,1.1529273037403143
combined_growth_sector_allocation,combined,growth_sector_sentiment_risk_budget,2022-12-30,2022-11-30,-0.002275361919367092,1.1503039768575851
combined_growth_sector_allocation,combined,growth_sector_sentiment_risk_budget,2023-01-03,2022-12-30,0.0031891168637545606,1.1539724306686256
combined_growth_sector_allocation,combined,growth_sector_sentiment_risk_budget,2023-01-04,2022-12-30,0.019111491341952384,1.1760265647862007
combined_growth_sector_allocation,combined,growth_sector_sentiment_risk_budget,2023-01-05,2022-12-30,-0.007368358234984043,1.1673611797629984
combined_growth_sector_allocation,combined,growth_sector_sentiment_risk_budget,2023-01-06,2022-12-30,0.023107965217874313,1.1943365213016583
combined_growth_sector_allocation,combined,growth_sector_sentiment_risk_budget,2023-01-09,2022-12-30,-2.830158401350997e-05,1.1943027196862603
combined_growth_sector_allocation,combined,growth_sector_sentiment_risk_budget,2023-01-10,2022-12-30,0.007336465417234166,1.2030646802869471
combined_growth_sector_allocation,combined,growth_sector_sentiment_risk_budget,2023-01-11,2022-12-30,0.009689016107211072,1.2147211933522641
combined_growth_sector_allocation,combined,growth_sector_sentiment_risk_budget,2023-01-12,2022-12-30,0.006103553924791396,1.2221353096594765
combined_growth_sector_allocation,combined,growth_sector_sentiment_risk_budget,2023-01-13,2022-12-30,0.005195369467080876,1.2284847541319226
combined_growth_sector_allocation,combined,growth_sector_sentiment_risk_budget,2023-01-17,2022-12-30,-0.004143351999326792,1.2233947093697477
combined_growth_sector_allocation,combined,growth_sector_sentiment_risk_budget,2023-01-18,2022-12-30,-0.017590445896238205,1.2018746509248353
combined_growth_sector_allocation,combined,growth_sector_sentiment_risk_budget,2023-01-19,2022-12-30,-0.006056235338140051,1.1945958151918896
combined_growth_sector_allocation,combined,growth_sector_sentiment_risk_budget,2023-01-20,2022-12-30,0.017392949555899317,1.2153733599452106
combined_growth_sector_allocation,combined,growth_sector_sentiment_risk_budget,2023-01-23,2022-12-30,0.012295674393120208,1.2303171950451692
combined_growth_sector_allocation,combined,growth_sector_sentiment_risk_budget,2023-01-24,2022-12-30,-0.004594896902194821,1.2246640143769392
combined_growth_sector_allocation,combined,growth_sector_sentiment_risk_budget,2023-01-25,2022-12-30,0.0028466985480029494,1.2281502636484574
combined_growth_sector_allocation,combined,growth_sector_sentiment_risk_budget,2023-01-26,2022-12-30,0.006055927495449437,1.2355878525986297
combined_growth_sector_allocation,combined,growth_sector_sentiment_risk_budget,2023-01-27,2022-12-30,-0.0006179216064955681,1.2348243561677856
combined_growth_sector_allocation,combined,growth_sector_sentiment_risk_budget,2023-01-30,2022-12-30,-0.01097581021558652,1.2212711583849043
combined_growth_sector_allocation,combined,growth_sector_sentiment_risk_budget,2023-01-31,2022-12-30,0.01192723930916293,1.2358375517523397
combined_growth_sector_allocation,combined,growth_sector_sentiment_risk_budget,2023-02-01,2023-01-31,0.005999347478053175,1.2432517706517283
combined_growth_sector_allocation,combined,growth_sector_sentiment_risk_budget,2023-02-02,2023-01-31,0.00017235540725091107,1.2434660518169742
combined_growth_sector_allocation,combined,growth_sector_sentiment_risk_budget,2023-02-03,2023-01-31,-0.010881083257783222,1.2299357941789266
combined_growth_sector_allocation,combined,growth_sector_sentiment_risk_budget,2023-02-06,2023-01-31,-0.004924097115816745,1.2238794708821703
combined_growth_sector_allocation,combined,growth_sector_sentiment_risk_budget,2023-02-07,2023-01-31,0.009979875741529795,1.2360936359241834
combined_growth_sector_allocation,combined,growth_sector_sentiment_risk_budget,2023-02-08,2023-01-31,-0.009125491506363034,1.2248136739484878
combined_growth_sector_allocation,combined,growth_sector_sentiment_risk_budget,2023-02-09,2023-01-31,-0.012284779896093728,1.2097671075503047
combined_growth_sector_allocation,combined,growth_sector_sentiment_risk_budget,2023-02-10,2023-01-31,0.006962458850854607,1.218190061255741
combined_growth_sector_allocation,combined,growth_sector_sentiment_risk_budget,2023-02-13,2023-01-31,0.00803677092272637,1.2279803757183956
combined_growth_sector_allocation,combined,growth_sector_sentiment_risk_budget,2023-02-14,2023-01-31,-0.0010413455867124247,1.2267016237735717
combined_growth_sector_allocation,combined,growth_sector_sentiment_risk_budget,2023-02-15,2023-01-31,0.004071965556598424,1.231696710533801
combined_growth_sector_allocation,combined,growth_sector_sentiment_risk_budget,2023-02-16,2023-01-31,-0.014338163122996798,1.2140364421801089
combined_growth_sector_allocation,combined,growth_sector_sentiment_risk_budget,2023-02-17,2023-01-31,0.002355303759293749,1.2168958667762955
combined_growth_sector_allocation,combined,growth_sector_sentiment_risk_budget,2023-02-21,2023-01-31,-0.017114752338463678,1.196068995394719
combined_growth_sector_allocation,combined,growth_sector_sentiment_risk_budget,2023-02-22,2023-01-31,-0.005691732296549743,1.189261290864729
combined_growth_sector_allocation,combined,growth_sector_sentiment_risk_budget,2023-02-23,2023-01-31,0.00260392190333465,1.1923580343887998
combined_growth_sector_allocation,combined,growth_sector_sentiment_risk_budget,2023-02-24,2023-01-31,-0.01008330571632785,1.1803351238047377
combined_growth_sector_allocation,combined,growth_sector_sentiment_risk_budget,2023-02-27,2023-01-31,0.0013068392080131431,1.1818776320231208
combined_growth_sector_allocation,combined,growth_sector_sentiment_risk_budget,2023-02-28,2023-01-31,-0.0041800912199657005,1.176937275710427
combined_growth_sector_allocation,combined,growth_sector_sentiment_risk_budget,2023-03-01,2023-02-28,-0.0012817656507663352,1.1754287179373148
combined_growth_sector_allocation,combined,growth_sector_sentiment_risk_budget,2023-03-02,2023-02-28,0.011263918551867263,1.1886686512796865
combined_growth_sector_allocation,combined,growth_sector_sentiment_risk_budget,2023-03-03,2023-02-28,0.010837808455323004,1.2015512144391027
combined_growth_sector_allocation,combined,growth_sector_sentiment_risk_budget,2023-03-06,2023-02-28,-0.0018924326755280284,1.1992773596595778
combined_growth_sector_allocation,combined,growth_sector_sentiment_risk_budget,2023-03-07,2023-02-28,-0.01650746415576633,1.1794803316321754
combined_growth_sector_allocation,combined,growth_sector_sentiment_risk_budget,2023-03-08,2023-02-28,0.0006228931473007946,1.1802150218481249
combined_growth_sector_allocation,combined,growth_sector_sentiment_risk_budget,2023-03-09,2023-02-28,-0.01873215808005898,1.1581070474904056
combined_growth_sector_allocation,combined,growth_sector_sentiment_risk_budget,2023-03-10,2023-02-28,-0.01191913576503636,1.1443034123609221
combined_growth_sector_allocation,combined,growth_sector_sentiment_risk_budget,2023-03-13,2023-02-28,0.0017158777665073719,1.1462668971443308
combined_growth_sector_allocation,combined,growth_sector_sentiment_risk_budget,2023-03-14,2023-02-28,0.01305455796319984,1.1612309047943987
combined_growth_sector_allocation,combined,growth_sector_sentiment_risk_budget,2023-03-15,2023-02-28,-0.008450349284218839,1.1514180980492565
combined_growth_sector_allocation,combined,growth_sector_sentiment_risk_budget,2023-03-16,2023-02-28,0.010978498594544944,1.164058940020424
combined_growth_sector_allocation,combined,growth_sector_sentiment_risk_budget,2023-03-17,2023-02-28,-0.0077044070910751265,1.1550905560685012
combined_growth_sector_allocation,combined,growth_sector_sentiment_risk_budget,2023-03-20,2023-02-28,0.00940232098821282,1.1659510882471105
combined_growth_sector_allocation,combined,growth_sector_sentiment_risk_budget,2023-03-21,2023-02-28,0.008737946098395498,1.1761391060095792
combined_growth_sector_allocation,combined,growth_sector_sentiment_risk_budget,2023-03-22,2023-02-28,-0.021425583959252394,1.150939638846011
combined_growth_sector_allocation,combined,growth_sector_sentiment_risk_budget,2023-03-23,2023-02-28,0.0037477781750160383,1.155253105305239
combined_growth_sector_allocation,combined,growth_sector_sentiment_risk_budget,2023-03-24,2023-02-28,0.0083833666251431,1.164938015631848
combined_growth_sector_allocation,combined,growth_sector_sentiment_risk_budget,2023-03-27,2023-02-28,0.0025686961035244786,1.1679303873734492
combined_growth_sector_allocation,combined,growth_sector_sentiment_risk_budget,2023-03-28,2023-02-28,0.002483884580292004,1.1708313916535005
combined_growth_sector_allocation,combined,growth_sector_sentiment_risk_budget,2023-03-29,2023-02-28,0.014681195686762155,1.1880205964305695
combined_growth_sector_allocation,combined,growth_sector_sentiment_risk_budget,2023-03-30,2023-02-28,0.003964964772304718,1.1927310562441893
combined_growth_sector_allocation,combined,growth_sector_sentiment_risk_budget,2023-03-31,2023-02-28,0.013146714777007797,1.208411551246311
combined_growth_sector_allocation,combined,growth_sector_sentiment_risk_budget,2023-04-03,2023-03-31,0.005057415668197895,1.2145229907592154
combined_growth_sector_allocation,combined,growth_sector_sentiment_risk_budget,2023-04-04,2023-03-31,-0.003934603528745771,1.2097443243140313
combined_growth_sector_allocation,combined,growth_sector_sentiment_risk_budget,2023-04-05,2023-03-31,0.0043138763779986804,1.2149630117781076
combined_growth_sector_allocation,combined,growth_sector_sentiment_risk_budget,2023-04-06,2023-03-31,-0.00018682271007481303,1.2147360290956064
combined_growth_sector_allocation,combined,growth_sector_sentiment_risk_budget,2023-04-10,2023-03-31,0.004530314269070585,1.2202391650613724
combined_growth_sector_allocation,combined,growth_sector_sentiment_risk_budget,2023-04-11,2023-03-31,0.003381367179515561,1.2243652417252704
combined_growth_sector_allocation,combined,growth_sector_sentiment_risk_budget,2023-04-12,2023-03-31,-0.002047109002482045,1.2218588326166084
combined_growth_sector_allocation,combined,growth_sector_sentiment_risk_budget,2023-04-13,2023-03-31,0.008525217479438187,1.2322754448938373
combined_growth_sector_allocation,combined,growth_sector_sentiment_risk_budget,2023-04-14,2023-03-31,-0.004126457633444055,1.2271905124777494
combined_growth_sector_allocation,combined,growth_sector_sentiment_risk_budget,2023-04-17,2023-03-31,0.004932328815257457,1.2332434196042539
combined_growth_sector_allocation,combined,growth_sector_sentiment_risk_budget,2023-04-18,2023-03-31,0.0013307969307524503,1.234884616161934
combined_growth_sector_allocation,combined,growth_sector_sentiment_risk_budget,2023-04-19,2023-03-31,-0.0009728218809523755,1.2336832933868802
combined_growth_sector_allocation,combined,growth_sector_sentiment_risk_budget,2023-04-20,2023-03-31,-0.008185057894785677,1.2235855242066789
combined_growth_sector_allocation,combined,growth_sector_sentiment_risk_budget,2023-04-21,2023-03-31,-0.0014925965543742263,1.2217592046692658
combined_growth_sector_allocation,combined,growth_sector_sentiment_risk_budget,2023-04-24,2023-03-31,0.0007825634626282237,1.2227153087829696
combined_growth_sector_allocation,combined,growth_sector_sentiment_risk_budget,2023-04-25,2023-03-31,-0.012229873497558535,1.2077616552330257
combined_growth_sector_allocation,combined,growth_sector_sentiment_risk_budget,2023-04-26,2023-03-31,-0.013837422338503342,1.1910493471253165
combined_growth_sector_allocation,combined,growth_sector_sentiment_risk_budget,2023-04-27,2023-03-31,0.015224752196860883,1.2091827782895324
combined_growth_sector_allocation,combined,growth_sector_sentiment_risk_budget,2023-04-28,2023-03-31,0.00787749532433456,1.218708109971774
combined_growth_sector_allocation,combined,growth_sector_sentiment_risk_budget,2023-05-01,2023-04-28,-0.004119558979220972,1.2136875700342904
combined_growth_sector_allocation,combined,growth_sector_sentiment_risk_budget,2023-05-02,2023-04-28,-0.015926020587132984,1.1943583568075768
combined_growth_sector_allocation,combined,growth_sector_sentiment_risk_budget,2023-05-03,2023-04-28,-0.010517240084740514,1.1817970032218155
combined_growth_sector_allocation,combined,growth_sector_sentiment_risk_budget,2023-05-04,2023-04-28,-0.0065786025062674796,1.174022430494521
combined_growth_sector_allocation,combined,growth_sector_sentiment_risk_budget,2023-05-05,2023-04-28,0.01770363250306799,1.1948068921543546
combined_growth_sector_allocation,combined,growth_sector_sentiment_risk_budget,2023-05-08,2023-04-28,-0.0031468719735951744,1.1910469878315757
combined_growth_sector_allocation,combined,growth_sector_sentiment_risk_budget,2023-05-09,2023-04-28,-0.0025061105784857643,1.1880620923758975
combined_growth_sector_allocation,combined,growth_sector_sentiment_risk_budget,2023-05-10,2023-04-28,-0.0026948698542563327,1.184860419658169
combined_growth_sector_allocation,combined,growth_sector_sentiment_risk_budget,2023-05-11,2023-04-28,-0.008636242002779711,1.1746276783344858
combined_growth_sector_allocation,combined,growth_sector_sentiment_risk_budget,2023-05-12,2023-04-28,-0.00018957861557091762,1.174404994045416
combined_growth_sector_allocation,combined,growth_sector_sentiment_risk_budget,2023-05-15,2023-04-28,0.0038844381034836475,1.1789668975532075
combined_growth_sector_allocation,combined,growth_sector_sentiment_risk_budget,2023-05-16,2023-04-28,-0.01495132723465535,1.161339777669063
combined_growth_sector_allocation,combined,growth_sector_sentiment_risk_budget,2023-05-17,2023-04-28,0.012238325287284735,1.1755526316372398
combined_growth_sector_allocation,combined,growth_sector_sentiment_risk_budget,2023-05-18,2023-04-28,0.0034307869263096925,1.1795857022370497
combined_growth_sector_allocation,combined,growth_sector_sentiment_risk_budget,2023-05-19,2023-04-28,-0.0018742965484403991,1.1773748088267573
combined_growth_sector_allocation,combined,growth_sector_sentiment_risk_budget,2023-05-22,2023-04-28,0.0008079182242763655,1.1783260313916124
combined_growth_sector_allocation,combined,growth_sector_sentiment_risk_budget,2023-05-23,2023-04-28,-0.005742951007537915,1.1715589627224237
combined_growth_sector_allocation,combined,growth_sector_sentiment_risk_budget,2023-05-24,2023-04-28,-0.009794106287960793,1.1600845897189072
combined_growth_sector_allocation,combined,growth_sector_sentiment_risk_budget,2023-05-25,2023-04-28,-0.0041840981254026135,1.1552306819617557
combined_growth_sector_allocation,combined,growth_sector_sentiment_risk_budget,2023-05-26,2023-04-28,0.006328814842360169,1.162541923048105
combined_growth_sector_allocation,combined,growth_sector_sentiment_risk_budget,2023-05-30,2023-04-28,-0.0027918089312512643,1.1592963281243853
combined_growth_sector_allocation,combined,growth_sector_sentiment_risk_budget,2023-05-31,2023-04-28,-0.00438346617089953,1.154214591888004
combined_growth_sector_allocation,combined,growth_sector_sentiment_risk_budget,2023-06-01,2023-05-31,0.003608694341400009,1.1583797995545115
combined_growth_sector_allocation,combined,growth_sector_sentiment_risk_budget,2023-06-02,2023-05-31,0.021111799990709258,1.1828352821959844
combined_growth_sector_allocation,combined,growth_sector_sentiment_risk_budget,2023-06-05,2023-05-31,-0.007042380357391652,1.1745053062386175
combined_growth_sector_allocation,combined,growth_sector_sentiment_risk_budget,2023-06-06,2023-05-31,0.003947458431562101,1.1791416171126436
combined_growth_sector_allocation,combined,growth_sector_sentiment_risk_budget,2023-06-07,2023-05-31,0.006675382937941711,1.1870128389449344
combined_growth_sector_allocation,combined,growth_sector_sentiment_risk_budget,2023-06-08,2023-05-31,0.003391816620673341,1.1910389688210206
combined_growth_sector_allocation,combined,growth_sector_sentiment_risk_budget,2023-06-09,2023-05-31,-0.004083464475776036,1.186175403502575
combined_growth_sector_allocation,combined,growth_sector_sentiment_risk_budget,2023-06-12,2023-05-31,0.003157768609054393,1.1899210709565882
combined_growth_sector_allocation,combined,growth_sector_sentiment_risk_budget,2023-06-13,2023-05-31,0.00726171866649431,1.1985619430092085
combined_growth_sector_allocation,combined,growth_sector_sentiment_risk_budget,2023-06-14,2023-05-31,-0.0034180927753900974,1.1944651470909513
combined_growth_sector_allocation,combined,growth_sector_sentiment_risk_budget,2023-06-15,2023-05-31,0.01020934197437234,1.2066598502540717
combined_growth_sector_allocation,combined,growth_sector_sentiment_risk_budget,2023-06-16,2023-05-31,0.00164515407915883,1.2086449916288744
combined_growth_sector_allocation,combined,growth_sector_sentiment_risk_budget,2023-06-20,2023-05-31,-0.010027394144256137,1.1965254319173306
combined_growth_sector_allocation,combined,growth_sector_sentiment_risk_budget,2023-06-21,2023-05-31,0.0022371921654991875,1.1992022892394365
combined_growth_sector_allocation,combined,growth_sector_sentiment_risk_budget,2023-06-22,2023-05-31,-0.004228136433591047,1.1941318983490574
combined_growth_sector_allocation,combined,growth_sector_sentiment_risk_budget,2023-06-23,2023-05-31,-0.0028879488363981218,1.1906833065227145
combined_growth_sector_allocation,combined,growth_sector_sentiment_risk_budget,2023-06-26,2023-05-31,0.006818927348979181,1.1988024894855351
combined_growth_sector_allocation,combined,growth_sector_sentiment_risk_budget,2023-06-27,2023-05-31,0.006764537795799027,1.206911834235358
combined_growth_sector_allocation,combined,growth_sector_sentiment_risk_budget,2023-06-28,2023-05-31,-0.0032083395471480536,1.2030396512676598
combined_growth_sector_allocation,combined,growth_sector_sentiment_risk_budget,2023-06-29,2023-05-31,0.007703788380007122,1.2123076141537834
combined_growth_sector_allocation,combined,growth_sector_sentiment_risk_budget,2023-06-30,2023-05-31,0.012380084944260917,1.2273160853955816
combined_growth_sector_allocation,combined,growth_sector_sentiment_risk_budget,2023-07-03,2023-06-30,0.004915405123792133,1.2333488411702473
combined_growth_sector_allocation,combined,growth_sector_sentiment_risk_budget,2023-07-05,2023-06-30,-0.0023595130599607865,1.2304387384720188
combined_growth_sector_allocation,combined,growth_sector_sentiment_risk_budget,2023-07-06,2023-06-30,-0.012192638243352684,1.2154364440532222
combined_growth_sector_allocation,combined,growth_sector_sentiment_risk_budget,2023-07-07,2023-06-30,-0.0015059889499194382,1.2136060101991486
combined_growth_sector_allocation,combined,growth_sector_sentiment_risk_budget,2023-07-10,2023-06-30,0.004307883308094944,1.2188340832730893
combined_growth_sector_allocation,combined,growth_sector_sentiment_risk_budget,2023-07-11,2023-06-30,0.012426473779013852,1.2339798930498507
combined_growth_sector_allocation,combined,growth_sector_sentiment_risk_budget,2023-07-12,2023-06-30,0.006415969734731391,1.2418970706969257
combined_growth_sector_allocation,combined,growth_sector_sentiment_risk_budget,2023-07-13,2023-06-30,0.014356451580343477,1.2597263058601564
combined_growth_sector_allocation,combined,growth_sector_sentiment_risk_budget,2023-07-14,2023-06-30,-0.007442689157960395,1.2503505545415334
combined_growth_sector_allocation,combined,growth_sector_sentiment_risk_budget,2023-07-17,2023-06-30,-0.006095492310651306,1.2427290523507069
combined_growth_sector_allocation,combined,growth_sector_sentiment_risk_budget,2023-07-18,2023-06-30,0.003886282518652721,1.2475586485422794
combined_growth_sector_allocation,combined,growth_sector_sentiment_risk_budget,2023-07-19,2023-06-30,0.007865777962250558,1.2573716678665985
combined_growth_sector_allocation,combined,growth_sector_sentiment_risk_budget,2023-07-20,2023-06-30,0.004449352157037078,1.262966157209218
combined_growth_sector_allocation,combined,growth_sector_sentiment_risk_budget,2023-07-21,2023-06-30,0.005587672508086408,1.2700231984844994
combined_growth_sector_allocation,combined,growth_sector_sentiment_risk_budget,2023-07-24,2023-06-30,0.002389720216365373,1.273058198597171
combined_growth_sector_allocation,combined,growth_sector_sentiment_risk_budget,2023-07-25,2023-06-30,0.0011131711660602702,1.2744753302765661
combined_growth_sector_allocation,combined,growth_sector_sentiment_risk_budget,2023-07-26,2023-06-30,0.0036808439287364042,1.279166475058339
combined_growth_sector_allocation,combined,growth_sector_sentiment_risk_budget,2023-07-27,2023-06-30,-0.0052381785281318816,1.2724659726947822
combined_growth_sector_allocation,combined,growth_sector_sentiment_risk_budget,2023-07-28,2023-06-30,0.002302197277970152,1.2753954403934298
combined_growth_sector_allocation,combined,growth_sector_sentiment_risk_budget,2023-07-31,2023-06-30,0.001425926605912732,1.2772140606849465
combined_growth_sector_allocation,combined,growth_sector_sentiment_risk_budget,2023-08-01,2023-07-31,-0.003360077898756948,1.2729225219476574
combined_growth_sector_allocation,combined,growth_sector_sentiment_risk_budget,2023-08-02,2023-07-31,-0.015161088944021388,1.253623630373561
combined_growth_sector_allocation,combined,growth_sector_sentiment_risk_budget,2023-08-03,2023-07-31,-0.0051861388841167085,1.2471221641180332
combined_growth_sector_allocation,combined,growth_sector_sentiment_risk_budget,2023-08-04,2023-07-31,-0.0018420970541824376,1.2448248440533056
combined_growth_sector_allocation,combined,growth_sector_sentiment_risk_budget,2023-08-07,2023-07-31,0.008023788870058531,1.2548130557821928
combined_growth_sector_allocation,combined,growth_sector_sentiment_risk_budget,2023-08-08,2023-07-31,-0.0024709485508674378,1.2517124772803983
combined_growth_sector_allocation,combined,growth_sector_sentiment_risk_budget,2023-08-09,2023-07-31,-0.001887019277999887,1.2493504717052573
combined_growth_sector_allocation,combined,growth_sector_sentiment_risk_budget,2023-08-10,2023-07-31,0.0003172529377522622,1.2497468318126879
combined_growth_sector_allocation,combined,growth_sector_sentiment_risk_budget,2023-08-11,2023-07-31,0.001784295740506032,1.2519767497614023
combined_growth_sector_allocation,combined,growth_sector_sentiment_risk_budget,2023-08-14,2023-07-31,0.0023215900307529892,1.2548833265023829
combined_growth_sector_allocation,combined,growth_sector_sentiment_risk_budget,2023-08-15,2023-07-31,-0.013941755670851673,1.2373880497688612
combined_growth_sector_allocation,combined,growth_sector_sentiment_risk_budget,2023-08-16,2023-07-31,-0.00961864267823867,1.225486056263812
combined_growth_sector_allocation,combined,growth_sector_sentiment_risk_budget,2023-08-17,2023-07-31,-0.00840971569241014,1.2151800669456203
combined_growth_sector_allocation,combined,growth_sector_sentiment_risk_budget,2023-08-18,2023-07-31,0.0019231552363116037,1.2175170468544283
combined_growth_sector_allocation,combined,growth_sector_sentiment_risk_budget,2023-08-21,2023-07-31,-0.0006337570864056083,1.2167454367981647
combined_growth_sector_allocation,combined,growth_sector_sentiment_risk_budget,2023-08-22,2023-07-31,-0.005373802357832607,1.2102068873010168
combined_growth_sector_allocation,combined,growth_sector_sentiment_risk_budget,2023-08-23,2023-07-31,0.008343870135124085,1.2203046964052893
combined_growth_sector_allocation,combined,growth_sector_sentiment_risk_budget,2023-08-24,2023-07-31,-0.012149594252167805,1.2054784894799502
combined_growth_sector_allocation,combined,growth_sector_sentiment_risk_budget,2023-08-25,2023-07-31,0.004366838745662353,1.2107426196548738
combined_growth_sector_allocation,combined,growth_sector_sentiment_risk_budget,2023-08-28,2023-07-31,0.007437000545537969,1.2197469131777532
combined_growth_sector_allocation,combined,growth_sector_sentiment_risk_budget,2023-08-29,2023-07-31,0.01430790558989495,1.2371989368550662
combined_growth_sector_allocation,combined,growth_sector_sentiment_risk_budget,2023-08-30,2023-07-31,0.0005450411663271422,1.2378732612065884
combined_growth_sector_allocation,combined,growth_sector_sentiment_risk_budget,2023-08-31,2023-07-31,-0.004574490634603887,1.2322106215663722
combined_growth_sector_allocation,combined,growth_sector_sentiment_risk_budget,2023-09-01,2023-08-31,0.003019712039137661,1.2359315428150697
combined_growth_sector_allocation,combined,growth_sector_sentiment_risk_budget,2023-09-05,2023-08-31,-0.00913995201951157,1.224635187814339
combined_growth_sector_allocation,combined,growth_sector_sentiment_risk_budget,2023-09-06,2023-08-31,-0.003357202628309604,1.2205238393430884
combined_growth_sector_allocation,combined,growth_sector_sentiment_risk_budget,2023-09-07,2023-08-31,0.0015069899815580096,1.2223631565412312
combined_growth_sector_allocation,combined,growth_sector_sentiment_risk_budget,2023-09-08,2023-08-31,0.002240209260669124,1.2251015058044155
combined_growth_sector_allocation,combined,growth_sector_sentiment_risk_budget,2023-09-11,2023-08-31,0.0003979955962684716,1.2255890908087075
combined_growth_sector_allocation,combined,growth_sector_sentiment_risk_budget,2023-09-12,2023-08-31,0.0032962742196446376,1.229628968532618
combined_growth_sector_allocation,combined,growth_sector_sentiment_risk_budget,2023-09-13,2023-08-31,-0.001261519085488959,1.228077768120744
combined_growth_sector_allocation,combined,growth_sector_sentiment_risk_budget,2023-09-14,2023-08-31,0.01328550404957727,1.2443934002823078
combined_growth_sector_allocation,combined,growth_sector_sentiment_risk_budget,2023-09-15,2023-08-31,-0.008393038154139752,1.2339491589949787
combined_growth_sector_allocation,combined,growth_sector_sentiment_risk_budget,2023-09-18,2023-08-31,0.0003781157934979113,1.2344157346603681
combined_growth_sector_allocation,combined,growth_sector_sentiment_risk_budget,2023-09-19,2023-08-31,-0.002722952361583379,1.231054479420499
combined_growth_sector_allocation,combined,growth_sector_sentiment_risk_budget,2023-09-20,2023-08-31,-0.0045051302812445845,1.2255084186074
combined_growth_sector_allocation,combined,growth_sector_sentiment_risk_budget,2023-09-21,2023-08-31,-0.01892485821015498,1.2023158455499037
combined_growth_sector_allocation,combined,growth_sector_sentiment_risk_budget,2023-09-22,2023-08-31,-0.0029946854684617294,1.1987152877587341
combined_growth_sector_allocation,combined,growth_sector_sentiment_risk_budget,2023-09-25,2023-08-31,0.0022327862928814054,1.2013917628223094
combined_growth_sector_allocation,combined,growth_sector_sentiment_risk_budget,2023-09-26,2023-08-31,-0.011202285553758736,1.1879334292332404
combined_growth_sector_allocation,combined,growth_sector_sentiment_risk_budget,2023-09-27,2023-08-31,-0.0010391666297303495,1.18669896845524
combined_growth_sector_allocation,combined,growth_sector_sentiment_risk_budget,2023-09-28,2023-08-31,0.004864655873885978,1.1924718505626704
combined_growth_sector_allocation,combined,growth_sector_sentiment_risk_budget,2023-09-29,2023-08-31,-0.0014344829738288357,1.190761269996268
combined_growth_sector_allocation,combined,growth_sector_sentiment_risk_budget,2023-10-02,2023-09-29,-0.015306702260659943,1.17253464177291
combined_growth_sector_allocation,combined,growth_sector_sentiment_risk_budget,2023-10-03,2023-09-29,-0.009115344903201086,1.1618465841021985
combined_growth_sector_allocation,combined,growth_sector_sentiment_risk_budget,2023-10-04,2023-09-29,0.0026444823858151442,1.1649190669288763
combined_growth_sector_allocation,combined,growth_sector_sentiment_risk_budget,2023-10-05,2023-09-29,-0.0013543490371870285,1.1633413599121802
combined_growth_sector_allocation,combined,growth_sector_sentiment_risk_budget,2023-10-06,2023-09-29,0.01004617292156668,1.1750284883806685
combined_growth_sector_allocation,combined,growth_sector_sentiment_risk_budget,2023-10-09,2023-09-29,0.005697833137696277,1.181723604639501
combined_growth_sector_allocation,combined,growth_sector_sentiment_risk_budget,2023-10-10,2023-09-29,0.0072820104444949,1.190328928270992
combined_growth_sector_allocation,combined,growth_sector_sentiment_risk_budget,2023-10-11,2023-09-29,0.003126838770914904,1.1940508949140511
combined_growth_sector_allocation,combined,growth_sector_sentiment_risk_budget,2023-10-12,2023-09-29,-0.009323642517477242,1.1829179912221988
combined_growth_sector_allocation,combined,growth_sector_sentiment_risk_budget,2023-10-13,2023-09-29,0.002238112719339347,1.1855654950242887
combined_growth_sector_allocation,combined,growth_sector_sentiment_risk_budget,2023-10-16,2023-09-29,0.011117023345804528,1.1987454543104539
combined_growth_sector_allocation,combined,growth_sector_sentiment_risk_budget,2023-10-17,2023-09-29,0.002241651777792796,1.20143262418923
combined_growth_sector_allocation,combined,growth_sector_sentiment_risk_budget,2023-10-18,2023-09-29,-0.015405006908112187,1.1829245463139635
combined_growth_sector_allocation,combined,growth_sector_sentiment_risk_budget,2023-10-19,2023-09-29,-0.009409698589165247,1.171793582879424
combined_growth_sector_allocation,combined,growth_sector_sentiment_risk_budget,2023-10-20,2023-09-29,-0.006507264146170791,1.1641684125108396
combined_growth_sector_allocation,combined,growth_sector_sentiment_risk_budget,2023-10-23,2023-09-29,-0.003260615881549282,1.1603725064962087
combined_growth_sector_allocation,combined,growth_sector_sentiment_risk_budget,2023-10-24,2023-09-29,0.010326516164811114,1.1723551119417444
combined_growth_sector_allocation,combined,growth_sector_sentiment_risk_budget,2023-10-25,2023-09-29,-0.010280834005864511,1.1603023236399446
combined_growth_sector_allocation,combined,growth_sector_sentiment_risk_budget,2023-10-26,2023-09-29,0.0005049493884831939,1.1608882175887223
combined_growth_sector_allocation,combined,growth_sector_sentiment_risk_budget,2023-10-27,2023-09-29,-0.011485016928860562,1.147555396757201
combined_growth_sector_allocation,combined,growth_sector_sentiment_risk_budget,2023-10-30,2023-09-29,0.009572606666107156,1.1585404931979264
combined_growth_sector_allocation,combined,growth_sector_sentiment_risk_budget,2023-10-31,2023-09-29,0.006319402455275271,1.1658617768351773
combined_growth_sector_allocation,combined,growth_sector_sentiment_risk_budget,2023-11-01,2023-10-31,0.0037446499655862733,1.1702275210976814
combined_growth_sector_allocation,combined,growth_sector_sentiment_risk_budget,2023-11-02,2023-10-31,0.02307213892038112,1.1972271730329003
combined_growth_sector_allocation,combined,growth_sector_sentiment_risk_budget,2023-11-03,2023-10-31,0.0125070522847579,1.2122009558827556
combined_growth_sector_allocation,combined,growth_sector_sentiment_risk_budget,2023-11-06,2023-10-31,-0.00309412273570306,1.2084502573449176
combined_growth_sector_allocation,combined,growth_sector_sentiment_risk_budget,2023-11-07,2023-10-31,-0.004732872990451475,1.2027308157616257
combined_growth_sector_allocation,combined,growth_sector_sentiment_risk_budget,2023-11-08,2023-10-31,-0.00031270543901821255,1.2023547152938623
combined_growth_sector_allocation,combined,growth_sector_sentiment_risk_budget,2023-11-09,2023-10-31,-0.008230167677860584,1.1924591343787274
combined_growth_sector_allocation,combined,growth_sector_sentiment_risk_budget,2023-11-10,2023-10-31,0.009721150190097226,1.2040512087195763
combined_growth_sector_allocation,combined,growth_sector_sentiment_risk_budget,2023-11-13,2023-10-31,-0.0012859501838850072,1.2025028588463165
combined_growth_sector_allocation,combined,growth_sector_sentiment_risk_budget,2023-11-14,2023-10-31,0.022744582160044588,1.2298532839170349
combined_growth_sector_allocation,combined,growth_sector_sentiment_risk_budget,2023-11-15,2023-10-31,0.008079022362757371,1.239789296100711
combined_growth_sector_allocation,combined,growth_sector_sentiment_risk_budget,2023-11-16,2023-10-31,-0.0010132159061527566,1.238533121865624
combined_growth_sector_allocation,combined,growth_sector_sentiment_risk_budget,2023-11-17,2023-10-31,0.0021460576143861225,1.241191085302473
combined_growth_sector_allocation,combined,growth_sector_sentiment_risk_budget,2023-11-20,2023-10-31,0.0037698550661991494,1.2458701958035217
combined_growth_sector_allocation,combined,growth_sector_sentiment_risk_budget,2023-11-21,2023-10-31,-0.004076063586133074,1.2407919496653583
combined_growth_sector_allocation,combined,growth_sector_sentiment_risk_budget,2023-11-22,2023-10-31,0.004009172302276618,1.2457664983828445
combined_growth_sector_allocation,combined,growth_sector_sentiment_risk_budget,2023-11-24,2023-10-31,0.003124224531819867,1.2496585526380115
combined_growth_sector_allocation,combined,growth_sector_sentiment_risk_budget,2023-11-27,2023-10-31,-0.0003071905839196032,1.2492746692975265
combined_growth_sector_allocation,combined,growth_sector_sentiment_risk_budget,2023-11-28,2023-10-31,0.0032883699763067023,1.253382746612205
combined_growth_sector_allocation,combined,growth_sector_sentiment_risk_budget,2023-11-29,2023-10-31,0.004914007069722593,1.2595418782901258
combined_growth_sector_allocation,combined,growth_sector_sentiment_risk_budget,2023-11-30,2023-10-31,0.007646346414414234,1.269172771814994
combined_growth_sector_allocation,combined,growth_sector_sentiment_risk_budget,2023-12-01,2023-11-30,0.009634823822252423,1.2814010278714312
combined_growth_sector_allocation,combined,growth_sector_sentiment_risk_budget,2023-12-04,2023-11-30,-0.0004474969947177109,1.2808276047624305
combined_growth_sector_allocation,combined,growth_sector_sentiment_risk_budget,2023-12-05,2023-11-30,-0.0037377512682056024,1.2760401897583769
combined_growth_sector_allocation,combined,growth_sector_sentiment_risk_budget,2023-12-06,2023-11-30,-0.0001654031623209155,1.2758291286757422
combined_growth_sector_allocation,combined,growth_sector_sentiment_risk_budget,2023-12-07,2023-11-30,0.00596786710777375,1.2834431073679056
combined_growth_sector_allocation,combined,growth_sector_sentiment_risk_budget,2023-12-08,2023-11-30,0.005130149621591205,1.290027362539503
combined_growth_sector_allocation,combined,growth_sector_sentiment_risk_budget,2023-12-11,2023-11-30,0.003387553188539254,1.2943973988447763
combined_growth_sector_allocation,combined,growth_sector_sentiment_risk_budget,2023-12-12,2023-11-30,0.0014762211513681183,1.2963082156632268
combined_growth_sector_allocation,combined,growth_sector_sentiment_risk_budget,2023-12-13,2023-11-30,0.02061592223941886,1.3230328050356597
combined_growth_sector_allocation,combined,growth_sector_sentiment_risk_budget,2023-12-14,2023-11-30,0.012964493292375137,1.3401852549621367
combined_growth_sector_allocation,combined,growth_sector_sentiment_risk_budget,2023-12-15,2023-11-30,-0.003949194975481376,1.334892602087026
combined_growth_sector_allocation,combined,growth_sector_sentiment_risk_budget,2023-12-18,2023-11-30,-0.0009515258433555787,1.333622417278036
combined_growth_sector_allocation,combined,growth_sector_sentiment_risk_budget,2023-12-19,2023-11-30,0.006949754866505377,1.3428907661625946
combined_growth_sector_allocation,combined,growth_sector_sentiment_risk_budget,2023-12-20,2023-11-30,-0.01338418027018536,1.3249172740651072
combined_growth_sector_allocation,combined,growth_sector_sentiment_risk_budget,2023-12-21,2023-11-30,0.009603009788263332,1.3376404676165936
combined_growth_sector_allocation,combined,growth_sector_sentiment_risk_budget,2023-12-22,2023-11-30,0.002960950030633074,1.3416011542001591
combined_growth_sector_allocation,combined,growth_sector_sentiment_risk_budget,2023-12-26,2023-11-30,0.004918058045485171,1.3481992265504052
combined_growth_sector_allocation,combined,growth_sector_sentiment_risk_budget,2023-12-27,2023-11-30,0.004332984165099637,1.3540409524504478
combined_growth_sector_allocation,combined,growth_sector_sentiment_risk_budget,2023-12-28,2023-11-30,0.0008473665687305278,1.3551883214862464
combined_growth_sector_allocation,combined,growth_sector_sentiment_risk_budget,2023-12-29,2023-11-30,-0.0036152549331397816,1.3502889702216598
combined_min_variance,combined,min_variance,2021-01-04,2020-12-31,0.0036586127522931344,1.003658612752293
combined_min_variance,combined,min_variance,2021-01-05,2020-12-31,0.0011483002420624542,1.0048111141802647
combined_min_variance,combined,min_variance,2021-01-06,2020-12-31,0.006011248967924347,1.0108512839533397
combined_min_variance,combined,min_variance,2021-01-07,2020-12-31,0.0063657883628419325,1.0172861492932936
combined_min_variance,combined,min_variance,2021-01-08,2020-12-31,-0.002333220995736424,1.0149125958910907
combined_min_variance,combined,min_variance,2021-01-11,2020-12-31,0.00034418212146290045,1.015261910661444
combined_min_variance,combined,min_variance,2021-01-12,2020-12-31,0.0014032088485179863,1.0166865351580474
combined_min_variance,combined,min_variance,2021-01-13,2020-12-31,-0.0016743106345985066,1.0149842860801792
combined_min_variance,combined,min_variance,2021-01-14,2020-12-31,0.0038539923446633765,1.0188960277486858
combined_min_variance,combined,min_variance,2021-01-15,2020-12-31,-0.005257283313037486,1.0135394026642823
combined_min_variance,combined,min_variance,2021-01-19,2020-12-31,0.00967948642573041,1.023349943554314
combined_min_variance,combined,min_variance,2021-01-20,2020-12-31,0.015183171862682188,1.0388876416229653
combined_min_variance,combined,min_variance,2021-01-21,2020-12-31,-0.00933777879030467,1.0291867386375089
combined_min_variance,combined,min_variance,2021-01-22,2020-12-31,-0.0004639530767072656,1.0287092442836117
combined_min_variance,combined,min_variance,2021-01-25,2020-12-31,0.0033285357119582164,1.032133339740431
combined_min_variance,combined,min_variance,2021-01-26,2020-12-31,-0.0018420997472755783,1.0302320471761406
combined_min_variance,combined,min_variance,2021-01-27,2020-12-31,-0.02170500539285486,1.0078708550362905
combined_min_variance,combined,min_variance,2021-01-28,2020-12-31,0.0010658500895641644,1.0089450942774
combined_min_variance,combined,min_variance,2021-01-29,2020-12-31,-0.010431196656312744,0.9984205895835705
combined_min_variance,combined,min_variance,2021-02-01,2021-01-29,0.0009384922720900234,0.9993575995911903
combined_min_variance,combined,min_variance,2021-02-02,2021-01-29,0.006281373341294496,1.0056349377756826
combined_min_variance,combined,min_variance,2021-02-03,2021-01-29,-0.0025077676616888714,1.0031130389992642
combined_min_variance,combined,min_variance,2021-02-04,2021-01-29,0.0023226979069144605,1.0054429675553462
combined_min_variance,combined,min_variance,2021-02-05,2021-01-29,0.014732996957567569,1.0202561557373468
combined_min_variance,combined,min_variance,2021-02-08,2021-01-29,0.003263981446352506,1.0235862529002004
combined_min_variance,combined,min_variance,2021-02-09,2021-01-29,-0.0005925754369408957,1.0229797008291415
combined_min_variance,combined,min_variance,2021-02-10,2021-01-29,-0.007122697413655712,1.0156933259598235
combined_min_variance,combined,min_variance,2021-02-11,2021-01-29,-0.004820635927070646,1.0107970382218159
combined_min_variance,combined,min_variance,2021-02-12,2021-01-29,0.004177987605990651,1.0150201357196786
combined_min_variance,combined,min_variance,2021-02-16,2021-01-29,-0.00918030333873829,1.0057019429788447
combined_min_variance,combined,min_variance,2021-02-17,2021-01-29,0.006702025764008823,1.0124421833116029
combined_min_variance,combined,min_variance,2021-02-18,2021-01-29,-0.010985921796855506,1.001319572661904
combined_min_variance,combined,min_variance,2021-02-19,2021-01-29,-0.00720263434927067,0.9941074339132523
combined_min_variance,combined,min_variance,2021-02-22,2021-01-29,0.0015836023295181592,0.9956817047613886
combined_min_variance,combined,min_variance,2021-02-23,2021-01-29,-0.006940903165252456,0.9887707744652263
combined_min_variance,combined,min_variance,2021-02-24,2021-01-29,-0.0010124280647731277,0.9877697151835303
combined_min_variance,combined,min_variance,2021-02-25,2021-01-29,-0.009055980118404796,0.9788244922812659
combined_min_variance,combined,min_variance,2021-02-26,2021-01-29,-0.017617696168852368,0.9615798597736234
combined_min_variance,combined,min_variance,2021-03-01,2021-02-26,0.008808456478199281,0.9700498941187524
combined_min_variance,combined,min_variance,2021-03-02,2021-02-26,0.004858729188751226,0.9747631038538522
combined_min_variance,combined,min_variance,2021-03-03,2021-02-26,-0.012632677495096068,0.9624492359287476
combined_min_variance,combined,min_variance,2021-03-04,2021-02-26,-0.0037203506450190806,0.958868587293062
combined_min_variance,combined,min_variance,2021-03-05,2021-02-26,0.014701851540948427,0.9729657309107236
combined_min_variance,combined,min_variance,2021-03-08,2021-02-26,-0.004979233595082275,0.9681211072565091
combined_min_variance,combined,min_variance,2021-03-09,2021-02-26,0.006990008137640216,0.9748882816744533
combined_min_variance,combined,min_variance,2021-03-10,2021-02-26,0.009851894722000534,0.9844927783912221
combined_min_variance,combined,min_variance,2021-03-11,2021-02-26,0.00022309118688596972,0.984712410053634
combined_min_variance,combined,min_variance,2021-03-12,2021-02-26,0.005208523625021448,0.9898413079052502
combined_min_variance,combined,min_variance,2021-03-15,2021-02-26,0.014054102928649032,1.003752639529579
combined_min_variance,combined,min_variance,2021-03-16,2021-02-26,0.004662825537359013,1.0084329629703692
combined_min_variance,combined,min_variance,2021-03-17,2021-02-26,-0.008296151638416195,1.0000668501923897
combined_min_variance,combined,min_variance,2021-03-18,2021-02-26,-0.007315582232292961,0.992750778912017
combined_min_variance,combined,min_variance,2021-03-19,2021-02-26,-0.001215189588261555,0.9915443985017447
combined_min_variance,combined,min_variance,2021-03-22,2021-02-26,0.00877844182139958,1.000248613317327
combined_min_variance,combined,min_variance,2021-03-23,2021-02-26,-0.00016223081159131192,1.0000863421729955
combined_min_variance,combined,min_variance,2021-03-24,2021-02-26,-0.0058998072299141354,0.994186025540905
combined_min_variance,combined,min_variance,2021-03-25,2021-02-26,0.002495883961948599,0.996667398497246
combined_min_variance,combined,min_variance,2021-03-26,2021-02-26,0.016906073494178015,1.0135171307854915
combined_min_variance,combined,min_variance,2021-03-29,2021-02-26,0.010902163497781,1.024566660253117
combined_min_variance,combined,min_variance,2021-03-30,2021-02-26,-0.009522231912719307,1.0148104989041464
combined_min_variance,combined,min_variance,2021-03-31,2021-02-26,0.0010903866889607516,1.015917034763969
combined_min_variance,combined,min_variance,2021-04-01,2021-03-31,0.01068356934135127,1.0267706548499298
combined_min_variance,combined,min_variance,2021-04-05,2021-03-31,0.009628990264307668,1.0366574194891565
combined_min_variance,combined,min_variance,2021-04-06,2021-03-31,-0.0007763379557406377,1.0358526229873068
combined_min_variance,combined,min_variance,2021-04-07,2021-03-31,-0.0024539924857945733,1.0333106484341055
combined_min_variance,combined,min_variance,2021-04-08,2021-03-31,-0.0004989225769795134,1.0327951064225684
combined_min_variance,combined,min_variance,2021-04-09,2021-03-31,0.003597105136586767,1.036510179004923
combined_min_variance,combined,min_variance,2021-04-12,2021-03-31,-0.00022573752187141647,1.03627619976572
combined_min_variance,combined,min_variance,2021-04-13,2021-03-31,0.005055475721542583,1.041515068934448
combined_min_variance,combined,min_variance,2021-04-14,2021-03-31,-0.0030841359719292645,1.0383028948450408
combined_min_variance,combined,min_variance,2021-04-15,2021-03-31,0.012407831806480536,1.05118598252846
combined_min_variance,combined,min_variance,2021-04-16,2021-03-31,0.004626512600340689,1.0560493077219293
combined_min_variance,combined,min_variance,2021-04-19,2021-03-31,-0.002876273291919652,1.0530118213031785
combined_min_variance,combined,min_variance,2021-04-20,2021-03-31,0.007477634021396803,1.0608858583230882
combined_min_variance,combined,min_variance,2021-04-21,2021-03-31,0.007373559166675392,1.0687083629685228
combined_min_variance,combined,min_variance,2021-04-22,2021-03-31,-0.007212480461512146,1.0610003247815578
combined_min_variance,combined,min_variance,2021-04-23,2021-03-31,0.0033915921418725668,1.0645988051456112
combined_min_variance,combined,min_variance,2021-04-26,2021-03-31,-0.005459409982053224,1.0587867238019173
combined_min_variance,combined,min_variance,2021-04-27,2021-03-31,-0.0057623916142049885,1.0526855800634496
combined_min_variance,combined,min_variance,2021-04-28,2021-03-31,-0.00010710345464865487,1.052572833801166
combined_min_variance,combined,min_variance,2021-04-29,2021-03-31,-0.0006930920248483482,1.0518433039644863
combined_min_variance,combined,min_variance,2021-04-30,2021-03-31,-0.0016878386303368989,1.0500679622029938
combined_min_variance,combined,min_variance,2021-05-03,2021-04-30,0.015959294427983835,1.0668263059811844
combined_min_variance,combined,min_variance,2021-05-04,2021-04-30,-0.006254120038341263,1.0601542462035178
combined_min_variance,combined,min_variance,2021-05-05,2021-04-30,0.006938285995250545,1.067509899562757
combined_min_variance,combined,min_variance,2021-05-06,2021-04-30,0.008945094588143227,1.0770588765881253
combined_min_variance,combined,min_variance,2021-05-07,2021-04-30,0.0017755966863505538,1.0789712987603997
combined_min_variance,combined,min_variance,2021-05-10,2021-04-30,0.005632269144842007,1.085048355514578
combined_min_variance,combined,min_variance,2021-05-11,2021-04-30,-0.006682110875587351,1.0777979420976558
combined_min_variance,combined,min_variance,2021-05-12,2021-04-30,-0.012309187320008007,1.0645311253352567
combined_min_variance,combined,min_variance,2021-05-13,2021-04-30,0.014304115706837879,1.0797583017255827
combined_min_variance,combined,min_variance,2021-05-14,2021-04-30,0.0048594502912463165,1.0850053335193786
combined_min_variance,combined,min_variance,2021-05-17,2021-04-30,0.008365599915359305,1.0940820540456326
combined_min_variance,combined,min_variance,2021-05-18,2021-04-30,0.0035916732515957226,1.0980116392941992
combined_min_variance,combined,min_variance,2021-05-19,2021-04-30,-0.000561372232504563,1.0973952460489327
combined_min_variance,combined,min_variance,2021-05-20,2021-04-30,0.00829986837352433,1.10650348214487
combined_min_variance,combined,min_variance,2021-05-21,2021-04-30,-0.0060620500894830644,1.0997958026119206
combined_min_variance,combined,min_variance,2021-05-24,2021-04-30,0.0006564388370191173,1.1005177512895457
combined_min_variance,combined,min_variance,2021-05-25,2021-04-30,-0.005487909778621992,1.0944782091606966
combined_min_variance,combined,min_variance,2021-05-26,2021-04-30,0.0007979979779317047,1.0953516005584973
combined_min_variance,combined,min_variance,2021-05-27,2021-04-30,-0.005395170812264382,1.089441991573997
combined_min_variance,combined,min_variance,2021-05-28,2021-04-30,0.003250372391716728,1.0929830837457861
combined_min_variance,combined,min_variance,2021-06-01,2021-05-28,-0.0020419585812327685,1.0907512575587892
combined_min_variance,combined,min_variance,2021-06-02,2021-05-28,-0.0022369910743190486,1.088311256731328
combined_min_variance,combined,min_variance,2021-06-03,2021-05-28,0.0023052892138867207,1.090820128932822
combined_min_variance,combined,min_variance,2021-06-04,2021-05-28,0.0076188933540647175,1.0991309711636283
combined_min_variance,combined,min_variance,2021-06-07,2021-05-28,-0.0020545812022749817,1.0968727173314372
combined_min_variance,combined,min_variance,2021-06-08,2021-05-28,-0.004803784540396299,1.091603577129138
combined_min_variance,combined,min_variance,2021-06-09,2021-05-28,0.0038347128732420382,1.0957895634188322
combined_min_variance,combined,min_variance,2021-06-10,2021-05-28,0.009964673802160571,1.1067087489741128
combined_min_variance,combined,min_variance,2021-06-11,2021-05-28,-0.000755135188921155,1.1058730342538756
combined_min_variance,combined,min_variance,2021-06-14,2021-05-28,-0.00036326717763095917,1.105471306877904
combined_min_variance,combined,min_variance,2021-06-15,2021-05-28,-0.006043216333545176,1.098790704619914
combined_min_variance,combined,min_variance,2021-06-16,2021-05-28,-0.01133768557256631,1.0863329611008747
combined_min_variance,combined,min_variance,2021-06-17,2021-05-28,-0.007731795919194263,1.0779336563453488
combined_min_variance,combined,min_variance,2021-06-18,2021-05-28,-0.011242968752250913,1.0658144819300583
combined_min_variance,combined,min_variance,2021-06-21,2021-05-28,0.011092213145750237,1.077636723337454
combined_min_variance,combined,min_variance,2021-06-22,2021-05-28,-0.0011644460714850086,1.0763818734884756
combined_min_variance,combined,min_variance,2021-06-23,2021-05-28,-0.0074297976568883295,1.0683845739669138
combined_min_variance,combined,min_variance,2021-06-24,2021-05-28,0.004179401784292219,1.0728497823616614
combined_min_variance,combined,min_variance,2021-06-25,2021-05-28,0.004661617605176743,1.0778509977948285
combined_min_variance,combined,min_variance,2021-06-28,2021-05-28,0.003191373283835156,1.081290822673146
combined_min_variance,combined,min_variance,2021-06-29,2021-05-28,-0.0013145959516809359,1.0798693621350701
combined_min_variance,combined,min_variance,2021-06-30,2021-05-28,0.010058865550525629,1.0907316228609187
combined_min_variance,combined,min_variance,2021-07-01,2021-06-30,-0.0014794139535887268,1.0891179792784378
combined_min_variance,combined,min_variance,2021-07-02,2021-06-30,0.0059637316411401044,1.095613186632395
combined_min_variance,combined,min_variance,2021-07-06,2021-06-30,-0.0012371760088351015,1.09425772028293
combined_min_variance,combined,min_variance,2021-07-07,2021-06-30,0.0024979836690300268,1.0969911581979068
combined_min_variance,combined,min_variance,2021-07-08,2021-06-30,-0.007141681615298535,1.0891567966112599
combined_min_variance,combined,min_variance,2021-07-09,2021-06-30,0.007587155286485903,1.097420398358481
combined_min_variance,combined,min_variance,2021-07-12,2021-06-30,-0.0005358562952571127,1.096832338729477
combined_min_variance,combined,min_variance,2021-07-13,2021-06-30,0.001499661342209908,1.098477215786755
combined_min_variance,combined,min_variance,2021-07-14,2021-06-30,0.004564881685663179,1.1034916343112182
combined_min_variance,combined,min_variance,2021-07-15,2021-06-30,0.00032006365840265286,1.1038448218807126
combined_min_variance,combined,min_variance,2021-07-16,2021-06-30,-0.0029999250021304647,1.1005333702010804
combined_min_variance,combined,min_variance,2021-07-19,2021-06-30,-0.01064234791566955,1.0888211111825963
combined_min_variance,combined,min_variance,2021-07-20,2021-06-30,0.004860042272084157,1.0941128278096812
combined_min_variance,combined,min_variance,2021-07-21,2021-06-30,-0.0024297345373622617,1.091454424084181
combined_min_variance,combined,min_variance,2021-07-22,2021-06-30,0.0016657520871136535,1.0932725165690889
combined_min_variance,combined,min_variance,2021-07-23,2021-06-30,0.008432344570387655,1.1024913671381342
combined_min_variance,combined,min_variance,2021-07-26,2021-06-30,0.0001559759757127836,1.1026633293048385
combined_min_variance,combined,min_variance,2021-07-27,2021-06-30,-0.001496497819512146,1.1010131960368779
combined_min_variance,combined,min_variance,2021-07-28,2021-06-30,0.0032274855376049722,1.104566700203799
combined_min_variance,combined,min_variance,2021-07-29,2021-06-30,-0.0005565924333469771,1.1039519067363386
combined_min_variance,combined,min_variance,2021-07-30,2021-06-30,-0.0036592918881198145,1.099912224479144
combined_min_variance,combined,min_variance,2021-08-02,2021-07-30,-0.004214822383288494,1.0952762898157566
combined_min_variance,combined,min_variance,2021-08-03,2021-07-30,0.00342185788943278,1.0990241696291714
combined_min_variance,combined,min_variance,2021-08-04,2021-07-30,-0.009402684248945473,1.0886903923801887
combined_min_variance,combined,min_variance,2021-08-05,2021-07-30,0.0018821112259656662,1.0907394287892884
combined_min_variance,combined,min_variance,2021-08-06,2021-07-30,-0.005786014924282007,1.0844283941758108
combined_min_variance,combined,min_variance,2021-08-09,2021-07-30,-0.0007235407089729775,1.0836437660866585
combined_min_variance,combined,min_variance,2021-08-10,2021-07-30,0.006862485316089686,1.0910802555193002
combined_min_variance,combined,min_variance,2021-08-11,2021-07-30,0.006377807192191,1.0980389550202088
combined_min_variance,combined,min_variance,2021-08-12,2021-07-30,0.004148977568140111,1.1025946940135316
combined_min_variance,combined,min_variance,2021-08-13,2021-07-30,0.0031284534915954946,1.1060441102338328
combined_min_variance,combined,min_variance,2021-08-16,2021-07-30,0.009309084410670066,1.1163403682179238
combined_min_variance,combined,min_variance,2021-08-17,2021-07-30,0.00473754409748104,1.1216290799401545
combined_min_variance,combined,min_variance,2021-08-18,2021-07-30,-0.013856131391404044,1.106087640036084
combined_min_variance,combined,min_variance,2021-08-19,2021-07-30,0.0024466543057871178,1.1087938541231561
combined_min_variance,combined,min_variance,2021-08-20,2021-07-30,0.0041913919630807445,1.1134412437720411
combined_min_variance,combined,min_variance,2021-08-23,2021-07-30,0.0031393097616992617,1.1169366807376933
combined_min_variance,combined,min_variance,2021-08-24,2021-07-30,-0.00483939655025801,1.1115313812180747
combined_min_variance,combined,min_variance,2021-08-25,2021-07-30,-0.003982137876665336,1.107105110003824
combined_min_variance,combined,min_variance,2021-08-26,2021-07-30,-0.003692769991147271,1.103016825476556
combined_min_variance,combined,min_variance,2021-08-27,2021-07-30,0.0019008434725578617,1.1051134878093845
combined_min_variance,combined,min_variance,2021-08-30,2021-07-30,0.0044205948808440825,1.1099987468363464
combined_min_variance,combined,min_variance,2021-08-31,2021-07-30,0.005008825936824294,1.1155585373493428
combined_min_variance,combined,min_variance,2021-09-01,2021-08-31,-0.00887014335440858,1.1056633732028198
combined_min_variance,combined,min_variance,2021-09-02,2021-08-31,0.004825821808774855,1.1109991076223855
combined_min_variance,combined,min_variance,2021-09-03,2021-08-31,0.001891537222154565,1.1131006037882338
combined_min_variance,combined,min_variance,2021-09-07,2021-08-31,-0.018197823024324725,1.0928445959922266
combined_min_variance,combined,min_variance,2021-09-08,2021-08-31,0.0038413373294013333,1.097042580734046
combined_min_variance,combined,min_variance,2021-09-09,2021-08-31,-0.014543342298624317,1.0810879149662647
combined_min_variance,combined,min_variance,2021-09-10,2021-08-31,-0.001545783251225756,1.079416787374207
combined_min_variance,combined,min_variance,2021-09-13,2021-08-31,-0.0008699376697239925,1.0784777620495378
combined_min_variance,combined,min_variance,2021-09-14,2021-08-31,-0.0045265327192120135,1.073595997172678
combined_min_variance,combined,min_variance,2021-09-15,2021-08-31,0.00248930571029442,1.0762685058189891
combined_min_variance,combined,min_variance,2021-09-16,2021-08-31,-0.007310494481242482,1.0684004508468643
combined_min_variance,combined,min_variance,2021-09-17,2021-08-31,-0.005746321906280626,1.0622610779314827
combined_min_variance,combined,min_variance,2021-09-20,2021-08-31,-0.011062543764828764,1.0505097682671916
combined_min_variance,combined,min_variance,2021-09-21,2021-08-31,-0.0007145259159947086,1.049759151812759
combined_min_variance,combined,min_variance,2021-09-22,2021-08-31,-0.0023128985215733,1.047331165422523
combined_min_variance,combined,min_variance,2021-09-23,2021-08-31,0.0029330666140703265,1.0504030574976992
combined_min_variance,combined,min_variance,2021-09-24,2021-08-31,0.0006385889888361757,1.0510738333240572
combined_min_variance,combined,min_variance,2021-09-27,2021-08-31,-0.002474872972746449,1.0484725591016026
combined_min_variance,combined,min_variance,2021-09-28,2021-08-31,-0.0013670348099086224,1.0470392606160768
combined_min_variance,combined,min_variance,2021-09-29,2021-08-31,0.008448800323246382,1.0558854862596214
combined_min_variance,combined,min_variance,2021-09-30,2021-08-31,-0.004938725049220393,1.0506707581595227
combined_min_variance,combined,min_variance,2021-10-01,2021-09-30,0.004641943646598645,1.0555479126100282
combined_min_variance,combined,min_variance,2021-10-04,2021-09-30,-0.0007871979228565563,1.054716987485746
combined_min_variance,combined,min_variance,2021-10-05,2021-09-30,0.0004936817927340274,1.055237682058955
combined_min_variance,combined,min_variance,2021-10-06,2021-09-30,-0.0013111168558307441,1.0538541421470997
combined_min_variance,combined,min_variance,2021-10-07,2021-09-30,0.010430830838881397,1.0648467164326907
combined_min_variance,combined,min_variance,2021-10-08,2021-09-30,8.558104153538271e-05,1.0649378471237585
combined_min_variance,combined,min_variance,2021-10-11,2021-09-30,-0.0027132347021351848,1.0620484208013252
combined_min_variance,combined,min_variance,2021-10-12,2021-09-30,-0.0015339162024114042,1.0604193275209126
combined_min_variance,combined,min_variance,2021-10-13,2021-09-30,0.0037931607225834604,1.0644416684635332
combined_min_variance,combined,min_variance,2021-10-14,2021-09-30,0.011262115882173875,1.076429533883584
combined_min_variance,combined,min_variance,2021-10-15,2021-09-30,-0.0022509723358400562,1.074006520781331
combined_min_variance,combined,min_variance,2021-10-18,2021-09-30,-0.004880677222556895,1.068764641618476
combined_min_variance,combined,min_variance,2021-10-19,2021-09-30,0.011772038482393884,1.0813461801082305
combined_min_variance,combined,min_variance,2021-10-20,2021-09-30,0.00791271401465217,1.0899025631822634
combined_min_variance,combined,min_variance,2021-10-21,2021-09-30,0.004593691289283809,1.094909239092922
combined_min_variance,combined,min_variance,2021-10-22,2021-09-30,0.00475588601865779,1.1001165026348234
combined_min_variance,combined,min_variance,2021-10-25,2021-09-30,0.00631222910829851,1.1070606900452744
combined_min_variance,combined,min_variance,2021-10-26,2021-09-30,-0.00022950091659273584,1.1068066186021852
combined_min_variance,combined,min_variance,2021-10-27,2021-09-30,-0.01064040905770366,1.095029743432484
combined_min_variance,combined,min_variance,2021-10-28,2021-09-30,0.008699244147596971,1.1045556745194838
combined_min_variance,combined,min_variance,2021-10-29,2021-09-30,0.002189059202825517,1.1069736122838238
combined_min_variance,combined,min_variance,2021-11-01,2021-10-29,0.003962251038238096,1.1113597196283975
combined_min_variance,combined,min_variance,2021-11-02,2021-10-29,0.005973909168372951,1.117998881646846
combined_min_variance,combined,min_variance,2021-11-03,2021-10-29,0.0033715066953784673,1.121768222361744
combined_min_variance,combined,min_variance,2021-11-04,2021-10-29,0.0034963937695903116,1.1256903657853339
combined_min_variance,combined,min_variance,2021-11-05,2021-10-29,-0.011620287812570844,1.1126095197470702
combined_min_variance,combined,min_variance,2021-11-08,2021-10-29,-0.004023486593296503,1.1081329502607937
combined_min_variance,combined,min_variance,2021-11-09,2021-10-29,0.003646490015315119,1.1121737459995613
combined_min_variance,combined,min_variance,2021-11-10,2021-10-29,0.0053103928126487085,1.1180798254667341
combined_min_variance,combined,min_variance,2021-11-11,2021-10-29,0.004935995368729788,1.1235986623071081
combined_min_variance,combined,min_variance,2021-11-12,2021-10-29,0.0018290775455913739,1.1256538113905905
combined_min_variance,combined,min_variance,2021-11-15,2021-10-29,-0.005630463137917537,1.1193158590994994
combined_min_variance,combined,min_variance,2021-11-16,2021-10-29,-0.009633817541111811,1.108532574342062
combined_min_variance,combined,min_variance,2021-11-17,2021-10-29,-0.0018346503254016665,1.1064988046938269
combined_min_variance,combined,min_variance,2021-11-18,2021-10-29,-0.0010816672652242036,1.1053019411577798
combined_min_variance,combined,min_variance,2021-11-19,2021-10-29,-0.008927854940504173,1.0954339657616654
combined_min_variance,combined,min_variance,2021-11-22,2021-10-29,-0.0009477658419905533,1.0943957508667603
combined_min_variance,combined,min_variance,2021-11-23,2021-10-29,0.008568351473569605,1.103772918311368
combined_min_variance,combined,min_variance,2021-11-24,2021-10-29,-0.001798068515317019,1.1017882589788928
combined_min_variance,combined,min_variance,2021-11-26,2021-10-29,-0.010478092370247293,1.0902436198288579
combined_min_variance,combined,min_variance,2021-11-29,2021-10-29,-0.006057343767123306,1.0836396394336416
combined_min_variance,combined,min_variance,2021-11-30,2021-10-29,-0.01546173741339143,1.0668846878779765
combined_min_variance,combined,min_variance,2021-12-01,2021-11-30,-0.011897162955598471,1.0541917868914594
combined_min_variance,combined,min_variance,2021-12-02,2021-11-30,0.0036037050186315625,1.0579907831244804
combined_min_variance,combined,min_variance,2021-12-03,2021-11-30,0.01228556649062375,1.0709887992370233
combined_min_variance,combined,min_variance,2021-12-06,2021-11-30,0.012209310824195387,1.0840648343761399
combined_min_variance,combined,min_variance,2021-12-07,2021-11-30,0.0009377870831230344,1.0850814563750857
combined_min_variance,combined,min_variance,2021-12-08,2021-11-30,0.0013234613939644107,1.0865175197919048
combined_min_variance,combined,min_variance,2021-12-09,2021-11-30,0.0035659604623201977,1.0903919983091008
combined_min_variance,combined,min_variance,2021-12-10,2021-11-30,0.00848880914720642,1.0996481278783878
combined_min_variance,combined,min_variance,2021-12-13,2021-11-30,0.010719370762019988,1.1114356638688774
combined_min_variance,combined,min_variance,2021-12-14,2021-11-30,0.0027454835666948577,1.114487092219468
combined_min_variance,combined,min_variance,2021-12-15,2021-11-30,0.008301351415907751,1.1237388412204752
combined_min_variance,combined,min_variance,2021-12-16,2021-11-30,0.012476127930295094,1.1377587507637834
combined_min_variance,combined,min_variance,2021-12-17,2021-11-30,-0.012560236957392387,1.1234682312538435
combined_min_variance,combined,min_variance,2021-12-20,2021-11-30,0.0036975151424916523,1.127622272051013
combined_min_variance,combined,min_variance,2021-12-21,2021-11-30,-0.001168060371199783,1.1263051411613478
combined_min_variance,combined,min_variance,2021-12-22,2021-11-30,0.004664620237984411,1.1315589269169548
combined_min_variance,combined,min_variance,2021-12-23,2021-11-30,0.0035345791663607537,1.135558511525545
combined_min_variance,combined,min_variance,2021-12-27,2021-11-30,0.009581750664857414,1.1464391500483395
combined_min_variance,combined,min_variance,2021-12-28,2021-11-30,0.004962232356883579,1.1521280474939075
combined_min_variance,combined,min_variance,2021-12-29,2021-11-30,0.003694582225347554,1.156384679299503
combined_min_variance,combined,min_variance,2021-12-30,2021-11-30,0.0030295442634385656,1.1598879978710028
combined_min_variance,combined,min_variance,2021-12-31,2021-11-30,-0.0004294062454159543,1.159389934720734
combined_min_variance,combined,min_variance,2022-01-03,2021-12-31,-0.00228823130806337,1.1567369823738525
combined_min_variance,combined,min_variance,2022-01-04,2021-12-31,-0.0025624649558390875,1.1537728843933963
combined_min_variance,combined,min_variance,2022-01-05,2021-12-31,-0.00014124034210928312,1.1536099251164882
combined_min_variance,combined,min_variance,2022-01-06,2021-12-31,-0.009172197663764736,1.1430287868564388
combined_min_variance,combined,min_variance,2022-01-07,2021-12-31,0.0029771441656331714,1.1464317483403792
combined_min_variance,combined,min_variance,2022-01-10,2021-12-31,-0.002247237957274501,1.143855443400084
combined_min_variance,combined,min_variance,2022-01-11,2021-12-31,0.005002300572230869,1.1495773521391537
combined_min_variance,combined,min_variance,2022-01-12,2021-12-31,0.0044721763669591,1.1547184648053819
combined_min_variance,combined,min_variance,2022-01-13,2021-12-31,-0.001562621734869556,1.1529140766346218
combined_min_variance,combined,min_variance,2022-01-14,2021-12-31,-0.001727678627789571,1.1509222116247424
combined_min_variance,combined,min_variance,2022-01-18,2021-12-31,-0.0037547796373512896,1.1466007523403585
combined_min_variance,combined,min_variance,2022-01-19,2021-12-31,0.007836641856821373,1.155586251789212
combined_min_variance,combined,min_variance,2022-01-20,2021-12-31,-0.01338817244574651,1.140115063774324
combined_min_variance,combined,min_variance,2022-01-21,2021-12-31,-0.0034110958380285496,1.1362260220254097
combined_min_variance,combined,min_variance,2022-01-24,2021-12-31,-0.0028150138256814697,1.1330275300643091
combined_min_variance,combined,min_variance,2022-01-25,2021-12-31,-0.006314413371218235,1.1258731258785126
combined_min_variance,combined,min_variance,2022-01-26,2021-12-31,-0.011631045571353329,1.1127780442438577
combined_min_variance,combined,min_variance,2022-01-27,2021-12-31,0.001247989569863336,1.114166779636647
combined_min_variance,combined,min_variance,2022-01-28,2021-12-31,0.008547499175045613,1.1236901192664546
combined_min_variance,combined,min_variance,2022-01-31,2021-12-31,0.008401929440466882,1.1331312843614811
combined_min_variance,combined,min_variance,2022-02-01,2022-01-31,0.0010513973545464982,1.1343226555962127
combined_min_variance,combined,min_variance,2022-02-02,2022-01-31,0.008166857706687644,1.143586507317939
combined_min_variance,combined,min_variance,2022-02-03,2022-01-31,-0.004467446386350991,1.1384775959083417
combined_min_variance,combined,min_variance,2022-02-04,2022-01-31,-0.008369196788273999,1.1289494528691437
combined_min_variance,combined,min_variance,2022-02-07,2022-01-31,0.002262658660644225,1.1315038801261077
combined_min_variance,combined,min_variance,2022-02-08,2022-01-31,-0.0007522922021300248,1.1306526585804089
combined_min_variance,combined,min_variance,2022-02-09,2022-01-31,0.0010894685741963386,1.1318844691202636
combined_min_variance,combined,min_variance,2022-02-10,2022-01-31,-0.015866277195335815,1.113925676380106
combined_min_variance,combined,min_variance,2022-02-11,2022-01-31,0.0018510993325298358,1.115987663456141
combined_min_variance,combined,min_variance,2022-02-14,2022-01-31,-0.00502915957408407,1.1103751834139108
combined_min_variance,combined,min_variance,2022-02-15,2022-01-31,0.0024156522262910943,1.113057463697743
combined_min_variance,combined,min_variance,2022-02-16,2022-01-31,-0.00035153631745770363,1.112666183575836
combined_min_variance,combined,min_variance,2022-02-17,2022-01-31,0.0039208493187552484,1.1170287800237113
combined_min_variance,combined,min_variance,2022-02-18,2022-01-31,-0.005318926900767544,1.1110873855967116
combined_min_variance,combined,min_variance,2022-02-22,2022-01-31,-0.005560288274248185,1.1049094194349132
combined_min_variance,combined,min_variance,2022-02-23,2022-01-31,0.0019438195264781207,1.1070571639394002
combined_min_variance,combined,min_variance,2022-02-24,2022-01-31,-0.00753167471606042,1.0987191694885243
combined_min_variance,combined,min_variance,2022-02-25,2022-01-31,0.022044391375302407,1.1229397648722765
combined_min_variance,combined,min_variance,2022-02-28,2022-01-31,-0.010691660454084845,1.1109336741958722
combined_min_variance,combined,min_variance,2022-03-01,2022-02-28,0.0010648419647458246,1.1121166429922054
combined_min_variance,combined,min_variance,2022-03-02,2022-02-28,0.010546682976380286,1.1238457846586005
combined_min_variance,combined,min_variance,2022-03-03,2022-02-28,0.009112815408587605,1.1340871838419135
combined_min_variance,combined,min_variance,2022-03-04,2022-02-28,0.010244833875786664,1.1457057186410327
combined_min_variance,combined,min_variance,2022-03-07,2022-02-28,-0.0062037964246143065,1.1385979936000672
combined_min_variance,combined,min_variance,2022-03-08,2022-02-28,-0.014397114086255231,1.1222054683878258
combined_min_variance,combined,min_variance,2022-03-09,2022-02-28,0.0059201661143592375,1.128849111175124
combined_min_variance,combined,min_variance,2022-03-10,2022-02-28,0.0013687883227253123,1.1303942666566194
combined_min_variance,combined,min_variance,2022-03-11,2022-02-28,-0.006389725216421958,1.1231713579064646
combined_min_variance,combined,min_variance,2022-03-14,2022-02-28,-0.001975918474285388,1.1209520628705891
combined_min_variance,combined,min_variance,2022-03-15,2022-02-28,0.009036008412003412,1.1310809951401404
combined_min_variance,combined,min_variance,2022-03-16,2022-02-28,0.003832071976876756,1.1354153789251948
combined_min_variance,combined,min_variance,2022-03-17,2022-02-28,0.012168388881181236,1.1492315547976304
combined_min_variance,combined,min_variance,2022-03-18,2022-02-28,0.004621335725165549,1.1545425396383044
combined_min_variance,combined,min_variance,2022-03-21,2022-02-28,0.002508879927916577,1.1574391482419286
combined_min_variance,combined,min_variance,2022-03-22,2022-02-28,0.0037971980776577378,1.1618341739506386
combined_min_variance,combined,min_variance,2022-03-23,2022-02-28,-0.007516052316686918,1.1531017675159108
combined_min_variance,combined,min_variance,2022-03-24,2022-02-28,0.006253839915494884,1.1603130813762292
combined_min_variance,combined,min_variance,2022-03-25,2022-02-28,0.007168565407386557,1.168630861593121
combined_min_variance,combined,min_variance,2022-03-28,2022-02-28,0.0066942339376914305,1.1764539499674311
combined_min_variance,combined,min_variance,2022-03-29,2022-02-28,0.012450889518110922,1.191101848121621
combined_min_variance,combined,min_variance,2022-03-30,2022-02-28,0.003716816423496738,1.1955289550327766
combined_min_variance,combined,min_variance,2022-03-31,2022-02-28,-0.00927981582289411,1.1844346665191352
combined_min_variance,combined,min_variance,2022-04-01,2022-03-31,0.009981505404644028,1.1962571075444435
combined_min_variance,combined,min_variance,2022-04-04,2022-03-31,0.0013710404068190529,1.1978972243758312
combined_min_variance,combined,min_variance,2022-04-05,2022-03-31,-0.004611506885489272,1.1923731130775137
combined_min_variance,combined,min_variance,2022-04-06,2022-03-31,0.013556923770412507,1.2085380244773951
combined_min_variance,combined,min_variance,2022-04-07,2022-03-31,0.007350963053482974,1.2174219428440576
combined_min_variance,combined,min_variance,2022-04-08,2022-03-31,0.0065667270610392375,1.2254164204608347
combined_min_variance,combined,min_variance,2022-04-11,2022-03-31,-0.013213012022878085,1.2092249785642535
combined_min_variance,combined,min_variance,2022-04-12,2022-03-31,-0.002652646742788747,1.2060173318635663
combined_min_variance,combined,min_variance,2022-04-13,2022-03-31,0.004411804681713477,1.2113380447745095
combined_min_variance,combined,min_variance,2022-04-14,2022-03-31,0.0026811929628752064,1.214585875815822
combined_min_variance,combined,min_variance,2022-04-18,2022-03-31,-0.006288468789478864,1.2069479904436122
combined_min_variance,combined,min_variance,2022-04-19,2022-03-31,0.006052597845071303,1.2142531612496845
combined_min_variance,combined,min_variance,2022-04-20,2022-03-31,0.005165087625093322,1.2205248852265858
combined_min_variance,combined,min_variance,2022-04-21,2022-03-31,-0.007446722658125722,1.2114359749089627
combined_min_variance,combined,min_variance,2022-04-22,2022-03-31,-0.015226727918923962,1.1929897689278275
combined_min_variance,combined,min_variance,2022-04-25,2022-03-31,-0.001416091047802635,1.1913003867959286
combined_min_variance,combined,min_variance,2022-04-26,2022-03-31,-0.015510794310532615,1.1728223715342792
combined_min_variance,combined,min_variance,2022-04-27,2022-03-31,-0.004177142668095789,1.167923325164046
combined_min_variance,combined,min_variance,2022-04-28,2022-03-31,0.013482436163827232,1.183669776839815
combined_min_variance,combined,min_variance,2022-04-29,2022-03-31,-0.03156679032690399,1.1463051211780193
combined_min_variance,combined,min_variance,2022-05-02,2022-04-29,-2.4240994792577766e-05,1.1462773336015462
combined_min_variance,combined,min_variance,2022-05-03,2022-04-29,0.003476026734140956,1.1502618242578848
combined_min_variance,combined,min_variance,2022-05-04,2022-04-29,0.018496976872213886,1.1715381906181734
combined_min_variance,combined,min_variance,2022-05-05,2022-04-29,-0.014389334603991496,1.1546805355920138
combined_min_variance,combined,min_variance,2022-05-06,2022-04-29,-0.011080707185956523,1.1418858586837952
combined_min_variance,combined,min_variance,2022-05-09,2022-04-29,-0.013142908626670934,1.1268781571810265
combined_min_variance,combined,min_variance,2022-05-10,2022-04-29,-0.006694057850551663,1.1193347696063336
combined_min_variance,combined,min_variance,2022-05-11,2022-04-29,0.00255560072529928,1.1221953423553923
combined_min_variance,combined,min_variance,2022-05-12,2022-04-29,0.005374123359151725,1.1282261585582758
combined_min_variance,combined,min_variance,2022-05-13,2022-04-29,0.006078729358601638,1.1350843400314463
combined_min_variance,combined,min_variance,2022-05-16,2022-04-29,0.006283835671197552,1.1422170234971538
combined_min_variance,combined,min_variance,2022-05-17,2022-04-29,-0.01613856440755931,1.1237832804960344
combined_min_variance,combined,min_variance,2022-05-18,2022-04-29,-0.028118365166381346,1.092184331847173
combined_min_variance,combined,min_variance,2022-05-19,2022-04-29,-0.0041440838241195675,1.0876582284246081
combined_min_variance,combined,min_variance,2022-05-20,2022-04-29,0.0030672057954682095,1.0909943000463207
combined_min_variance,combined,min_variance,2022-05-23,2022-04-29,0.012580224455315779,1.1047192532203736
combined_min_variance,combined,min_variance,2022-05-24,2022-04-29,0.01229709570969925,1.1183040916095721
combined_min_variance,combined,min_variance,2022-05-25,2022-04-29,0.0024076291073797185,1.1209965530914332
combined_min_variance,combined,min_variance,2022-05-26,2022-04-29,0.003246515719063677,1.1246358860220609
combined_min_variance,combined,min_variance,2022-05-27,2022-04-29,0.010481209887540106,1.1364234307905179
combined_min_variance,combined,min_variance,2022-05-31,2022-04-29,-0.006124881872411916,1.129462971519885
combined_min_variance,combined,min_variance,2022-06-01,2022-05-31,-0.008522619321808344,1.1198369885755426
combined_min_variance,combined,min_variance,2022-06-02,2022-05-31,0.00730439842783269,1.1280167241143226
combined_min_variance,combined,min_variance,2022-06-03,2022-05-31,-0.007691726201343034,1.1193403283218992
combined_min_variance,combined,min_variance,2022-06-06,2022-05-31,-0.006024736872899802,1.1125965973725345
combined_min_variance,combined,min_variance,2022-06-07,2022-05-31,0.0067435856079845055,1.1200994877740684
combined_min_variance,combined,min_variance,2022-06-08,2022-05-31,-0.01063352315619422,1.1081888839335816
combined_min_variance,combined,min_variance,2022-06-09,2022-05-31,-0.019888152538326827,1.0861490543686323
combined_min_variance,combined,min_variance,2022-06-10,2022-05-31,-0.006645809205012768,1.0789307149850933
combined_min_variance,combined,min_variance,2022-06-13,2022-05-31,-0.025526770767809525,1.05138909794932
combined_min_variance,combined,min_variance,2022-06-14,2022-05-31,-0.008351672632759271,1.042608240393595
combined_min_variance,combined,min_variance,2022-06-15,2022-05-31,0.005298223671481475,1.0481322120529302
combined_min_variance,combined,min_variance,2022-06-16,2022-05-31,-0.00037939737093900224,1.0477345534472808
combined_min_variance,combined,min_variance,2022-06-17,2022-05-31,-0.005204790442545174,1.042281314657174
combined_min_variance,combined,min_variance,2022-06-21,2022-05-31,0.025438046257877645,1.0687949149531448
combined_min_variance,combined,min_variance,2022-06-22,2022-05-31,0.004345815197261502,1.073439700137304
combined_min_variance,combined,min_variance,2022-06-23,2022-05-31,0.010234667270541047,1.0844259983031987
combined_min_variance,combined,min_variance,2022-06-24,2022-05-31,0.014771109561384232,1.1004441735353487
combined_min_variance,combined,min_variance,2022-06-27,2022-05-31,-0.004199268147755859,1.0958231133690381
combined_min_variance,combined,min_variance,2022-06-28,2022-05-31,-0.013836142983572249,1.0806611480877608
combined_min_variance,combined,min_variance,2022-06-29,2022-05-31,-0.00025461541673480983,1.0803859950991914
combined_min_variance,combined,min_variance,2022-06-30,2022-05-31,-0.009653359415208916,1.0699566407813408
combined_min_variance,combined,min_variance,2022-07-01,2022-06-30,0.01028449126895859,1.0809606005116208
combined_min_variance,combined,min_variance,2022-07-05,2022-06-30,0.001255872578420542,1.0823181492881564
combined_min_variance,combined,min_variance,2022-07-06,2022-06-30,0.0015631792369330895,1.0840100065468794
combined_min_variance,combined,min_variance,2022-07-07,2022-06-30,0.001379456211858867,1.0855053508841277
combined_min_variance,combined,min_variance,2022-07-08,2022-06-30,-0.0015093577324646217,1.083866934989139
combined_min_variance,combined,min_variance,2022-07-11,2022-06-30,-0.0019362606138277165,1.0817682861322895
combined_min_variance,combined,min_variance,2022-07-12,2022-06-30,-0.006682309758142808,1.0745395753578184
combined_min_variance,combined,min_variance,2022-07-13,2022-06-30,-0.0015057381437576438,1.072921600132225
combined_min_variance,combined,min_variance,2022-07-14,2022-06-30,-0.002700601493448113,1.0700240664565552
combined_min_variance,combined,min_variance,2022-07-15,2022-06-30,0.011483957332451274,1.0823121771804383
combined_min_variance,combined,min_variance,2022-07-18,2022-06-30,-0.01200270564536366,1.0693215027013487
combined_min_variance,combined,min_variance,2022-07-19,2022-06-30,0.012313568521458707,1.082488666296331
combined_min_variance,combined,min_variance,2022-07-20,2022-06-30,-0.006513677184929815,1.0754376845677314
combined_min_variance,combined,min_variance,2022-07-21,2022-06-30,0.005584857512540267,1.0814438507996584
combined_min_variance,combined,min_variance,2022-07-22,2022-06-30,-0.0018131950154793772,1.0794829821998677
combined_min_variance,combined,min_variance,2022-07-25,2022-06-30,-0.011002630622144733,1.0676058296838313
combined_min_variance,combined,min_variance,2022-07-26,2022-06-30,-0.0037546324458062434,1.0635973621963686
combined_min_variance,combined,min_variance,2022-07-27,2022-06-30,0.006544668761839015,1.0705582546279095
combined_min_variance,combined,min_variance,2022-07-28,2022-06-30,0.006751642401517933,1.0777862811331504
combined_min_variance,combined,min_variance,2022-07-29,2022-06-30,-0.0022275295858756343,1.0753854803046754
combined_min_variance,combined,min_variance,2022-08-01,2022-07-29,-0.005757922529608899,1.0691934940196148
combined_min_variance,combined,min_variance,2022-08-02,2022-07-29,-0.00515178511905679,1.0636852388877323
combined_min_variance,combined,min_variance,2022-08-03,2022-07-29,0.010042684598869056,1.0743674942543544
combined_min_variance,combined,min_variance,2022-08-04,2022-07-29,-0.005601802593127306,1.0683490996390688
combined_min_variance,combined,min_variance,2022-08-05,2022-07-29,-0.002654859026976576,1.0655127833879297
combined_min_variance,combined,min_variance,2022-08-08,2022-07-29,0.005835442285667023,1.0717305217400304
combined_min_variance,combined,min_variance,2022-08-09,2022-07-29,0.003223883991845122,1.0751856566126399
combined_min_variance,combined,min_variance,2022-08-10,2022-07-29,0.00903900875855114,1.0849042691798303
combined_min_variance,combined,min_variance,2022-08-11,2022-07-29,-0.0015126956516321316,1.0832631392094048
combined_min_variance,combined,min_variance,2022-08-12,2022-07-29,0.015636624599588252,1.1002017182597936
combined_min_variance,combined,min_variance,2022-08-15,2022-07-29,0.007635698499637833,1.1086025268692088
combined_min_variance,combined,min_variance,2022-08-16,2022-07-29,0.014726462220920595,1.1249283200991653
combined_min_variance,combined,min_variance,2022-08-17,2022-07-29,-0.0077442159780483615,1.1162166322284943
combined_min_variance,combined,min_variance,2022-08-18,2022-07-29,-0.004474189097838121,1.111222467941752
combined_min_variance,combined,min_variance,2022-08-19,2022-07-29,-0.006263783238471222,1.1042620112728458
combined_min_variance,combined,min_variance,2022-08-22,2022-07-29,-0.01383280046002983,1.0889869752153174
combined_min_variance,combined,min_variance,2022-08-23,2022-07-29,-0.004906548521651169,1.0836438077819772
combined_min_variance,combined,min_variance,2022-08-24,2022-07-29,-0.0007721823055197317,1.082807037208122
combined_min_variance,combined,min_variance,2022-08-25,2022-07-29,0.008668908100346854,1.092193791904088
combined_min_variance,combined,min_variance,2022-08-26,2022-07-29,-0.025328773052149374,1.0645298632199829
combined_min_variance,combined,min_variance,2022-08-29,2022-07-29,-0.0073463310012352135,1.0567094744840693
combined_min_variance,combined,min_variance,2022-08-30,2022-07-29,-0.008347318029385778,1.0478887844358855
combined_min_variance,combined,min_variance,2022-08-31,2022-07-29,-0.003470187016786329,1.0442524143811
combined_min_variance,combined,min_variance,2022-09-01,2022-08-31,0.01339485437101498,1.0582400233983156
combined_min_variance,combined,min_variance,2022-09-02,2022-08-31,-0.012530239927752276,1.0449800220039844
combined_min_variance,combined,min_variance,2022-09-06,2022-08-31,-0.003361702264744777,1.0414671102974007
combined_min_variance,combined,min_variance,2022-09-07,2022-08-31,0.018066893291459902,1.0602831854457089
combined_min_variance,combined,min_variance,2022-09-08,2022-08-31,0.003290843571601388,1.06377241155061
combined_min_variance,combined,min_variance,2022-09-09,2022-08-31,0.010427191320643795,1.0748645700074708
combined_min_variance,combined,min_variance,2022-09-12,2022-08-31,0.013876175139272423,1.0897795790318932
combined_min_variance,combined,min_variance,2022-09-13,2022-08-31,-0.02707029814675966,1.0602789209132495
combined_min_variance,combined,min_variance,2022-09-14,2022-08-31,0.0005650351379748576,1.0608780157596196
combined_min_variance,combined,min_variance,2022-09-15,2022-08-31,-0.007590119761211155,1.052825824567968
combined_min_variance,combined,min_variance,2022-09-16,2022-08-31,0.0024130448700581527,1.0553663405230065
combined_min_variance,combined,min_variance,2022-09-19,2022-08-31,0.0028483541677653957,1.0583723976375543
combined_min_variance,combined,min_variance,2022-09-20,2022-08-31,-0.013241178510239475,1.0443582997901253
combined_min_variance,combined,min_variance,2022-09-21,2022-08-31,-0.010948545567862799,1.0329240953556973
combined_min_variance,combined,min_variance,2022-09-22,2022-08-31,0.0018625192058610847,1.034847936321494
combined_min_variance,combined,min_variance,2022-09-23,2022-08-31,-0.015732880471286483,1.0185667974333903
combined_min_variance,combined,min_variance,2022-09-26,2022-08-31,-0.006310888563464824,1.0121387358803429
combined_min_variance,combined,min_variance,2022-09-27,2022-08-31,-0.0026330140058781985,1.009473760412878
combined_min_variance,combined,min_variance,2022-09-28,2022-08-31,0.02156098149310256,1.031239005478913
combined_min_variance,combined,min_variance,2022-09-29,2022-08-31,-0.012386375715050359,1.018465691705036
combined_min_variance,combined,min_variance,2022-09-30,2022-08-31,-0.017031738519471592,1.001119450352863
combined_min_variance,combined,min_variance,2022-10-03,2022-09-30,0.023214741303934663,1.0243601794071422
combined_min_variance,combined,min_variance,2022-10-04,2022-09-30,0.02154578366399119,1.0464308222266556
combined_min_variance,combined,min_variance,2022-10-05,2022-09-30,-0.004084175146835129,1.0421570154696354
combined_min_variance,combined,min_variance,2022-10-06,2022-09-30,-0.008432554757072396,1.0333689693712205
combined_min_variance,combined,min_variance,2022-10-07,2022-09-30,-0.01853051491007701,1.0142201102766761
combined_min_variance,combined,min_variance,2022-10-10,2022-09-30,0.003345800146783992,1.0176134880705112
combined_min_variance,combined,min_variance,2022-10-11,2022-09-30,0.008449070858742217,1.0262113765380307
combined_min_variance,combined,min_variance,2022-10-12,2022-09-30,-0.004765616189082948,1.02132084698858
combined_min_variance,combined,min_variance,2022-10-13,2022-09-30,0.0181047918010051,1.0398116482853343
combined_min_variance,combined,min_variance,2022-10-14,2022-09-30,-0.00991508462644972,1.0295018277970172
combined_min_variance,combined,min_variance,2022-10-17,2022-09-30,0.010887490892968301,1.0407105195714514
combined_min_variance,combined,min_variance,2022-10-18,2022-09-30,0.01337758546808878,1.0546327134945577
combined_min_variance,combined,min_variance,2022-10-19,2022-09-30,-0.010275336672281189,1.0437960072977996
combined_min_variance,combined,min_variance,2022-10-20,2022-09-30,0.0010986566115271292,1.044942780682303
combined_min_variance,combined,min_variance,2022-10-21,2022-09-30,0.02229160075929424,1.0682362279655797
combined_min_variance,combined,min_variance,2022-10-24,2022-09-30,0.012858010193866606,1.081971620274219
combined_min_variance,combined,min_variance,2022-10-25,2022-09-30,0.008491355543422776,1.0911590259898605
combined_min_variance,combined,min_variance,2022-10-26,2022-09-30,0.011753843923379243,1.103984338876932
combined_min_variance,combined,min_variance,2022-10-27,2022-09-30,-0.0011552772471511603,1.1027089308890161
combined_min_variance,combined,min_variance,2022-10-28,2022-09-30,0.02217916523048673,1.127166094468337
combined_min_variance,combined,min_variance,2022-10-31,2022-09-30,-0.008283233581630014,1.1178295144225623
combined_min_variance,combined,min_variance,2022-11-01,2022-10-31,-0.0035395028515166145,1.1138729536687542
combined_min_variance,combined,min_variance,2022-11-02,2022-10-31,-0.017720544952962436,1.094134517921378
combined_min_variance,combined,min_variance,2022-11-03,2022-10-31,-0.006947539610286501,1.0865329750191375
combined_min_variance,combined,min_variance,2022-11-04,2022-10-31,0.015157927563773934,1.1030025631501292
combined_min_variance,combined,min_variance,2022-11-07,2022-10-31,0.009475962302600631,1.1134545738582118
combined_min_variance,combined,min_variance,2022-11-08,2022-10-31,0.0058132435167119745,1.1199273564408463
combined_min_variance,combined,min_variance,2022-11-09,2022-10-31,-0.010835591227568562,1.1077922814018817
combined_min_variance,combined,min_variance,2022-11-10,2022-10-31,0.0293034669363354,1.1402544358922693
combined_min_variance,combined,min_variance,2022-11-11,2022-10-31,-0.0007174659972904243,1.139436342106257
combined_min_variance,combined,min_variance,2022-11-14,2022-10-31,-0.005619833003736014,1.133032900145232
combined_min_variance,combined,min_variance,2022-11-15,2022-10-31,0.011477243160458476,1.146036994248998
combined_min_variance,combined,min_variance,2022-11-16,2022-10-31,-0.0009566672540838509,1.1449406181846313
combined_min_variance,combined,min_variance,2022-11-17,2022-10-31,0.0001391672800810373,1.1450999564563185
combined_min_variance,combined,min_variance,2022-11-18,2022-10-31,0.010604662592066869,1.1572433551287282
combined_min_variance,combined,min_variance,2022-11-21,2022-10-31,0.005398272382390918,1.163490469972425
combined_min_variance,combined,min_variance,2022-11-22,2022-10-31,0.011584848648551813,1.176969330971088
combined_min_variance,combined,min_variance,2022-11-23,2022-10-31,0.002581807214398451,1.1800080388809149
combined_min_variance,combined,min_variance,2022-11-25,2022-10-31,0.001602722764347858,1.1818992646269428
combined_min_variance,combined,min_variance,2022-11-28,2022-10-31,-0.010510676802931182,1.169476703442827
combined_min_variance,combined,min_variance,2022-11-29,2022-10-31,0.004727952442534495,1.1750059336793568
combined_min_variance,combined,min_variance,2022-11-30,2022-10-31,0.017013984301451734,1.19499746618909
combined_min_variance,combined,min_variance,2022-12-01,2022-11-30,0.004012261717275214,1.1997921087749215
combined_min_variance,combined,min_variance,2022-12-02,2022-11-30,0.005688129694500648,1.2066166818960715
combined_min_variance,combined,min_variance,2022-12-05,2022-11-30,-0.011394954640542925,1.1928673395373433
combined_min_variance,combined,min_variance,2022-12-06,2022-11-30,-0.008783554222931849,1.1823897245797526
combined_min_variance,combined,min_variance,2022-12-07,2022-11-30,0.003353159491495352,1.1863544659073737
combined_min_variance,combined,min_variance,2022-12-08,2022-11-30,0.00541597816531481,1.192779735791052
combined_min_variance,combined,min_variance,2022-12-09,2022-11-30,-0.014850046376144826,1.175066901398029
combined_min_variance,combined,min_variance,2022-12-12,2022-11-30,0.009845517739894645,1.1866360434213064
combined_min_variance,combined,min_variance,2022-12-13,2022-11-30,0.004202396072523927,1.1916227580696954
combined_min_variance,combined,min_variance,2022-12-14,2022-11-30,-0.000939229181533286,1.190503551201937
combined_min_variance,combined,min_variance,2022-12-15,2022-11-30,-0.017735916005836204,1.1693888802131698
combined_min_variance,combined,min_variance,2022-12-16,2022-11-30,-0.007978400333357265,1.1600590275814526
combined_min_variance,combined,min_variance,2022-12-19,2022-11-30,-0.0023217746689315573,1.1573656319167487
combined_min_variance,combined,min_variance,2022-12-20,2022-11-30,0.0012609966537609832,1.1588250661057735
combined_min_variance,combined,min_variance,2022-12-21,2022-11-30,0.010132924924229188,1.1705673535009382
combined_min_variance,combined,min_variance,2022-12-22,2022-11-30,-0.004397593645558477,1.1654196739454843
combined_min_variance,combined,min_variance,2022-12-23,2022-11-30,0.0015140253360848496,1.1671841488590093
combined_min_variance,combined,min_variance,2022-12-27,2022-11-30,0.0020838812553786897,1.1696164220283918
combined_min_variance,combined,min_variance,2022-12-28,2022-11-30,-0.01236499214701527,1.1551541241549907
combined_min_variance,combined,min_variance,2022-12-29,2022-11-30,0.007881812191267521,1.1642588320135485
combined_min_variance,combined,min_variance,2022-12-30,2022-11-30,-0.0009432588744485697,1.1631606345380967
combined_min_variance,combined,min_variance,2023-01-03,2022-12-30,0.007393247131120208,1.1717601685624275
combined_min_variance,combined,min_variance,2023-01-04,2022-12-30,0.011597523190812246,1.1853496842914004
combined_min_variance,combined,min_variance,2023-01-05,2022-12-30,-0.0029813109526144214,1.1818157882949445
combined_min_variance,combined,min_variance,2023-01-06,2022-12-30,0.01792055887173835,1.202994587704634
combined_min_variance,combined,min_variance,2023-01-09,2022-12-30,-0.015451787166349318,1.1844061713731517
combined_min_variance,combined,min_variance,2023-01-10,2022-12-30,0.0036282102120809624,1.1887034459393797
combined_min_variance,combined,min_variance,2023-01-11,2022-12-30,0.0031967034058406184,1.1925033782935486
combined_min_variance,combined,min_variance,2023-01-12,2022-12-30,-0.004604468473365072,1.1870125340838147
combined_min_variance,combined,min_variance,2023-01-13,2022-12-30,0.0037111215898524537,1.1914176819264786
combined_min_variance,combined,min_variance,2023-01-17,2022-12-30,-0.011060106593504048,1.1782404753669862
combined_min_variance,combined,min_variance,2023-01-18,2022-12-30,-0.019647225694686486,1.1550913188248364
combined_min_variance,combined,min_variance,2023-01-19,2022-12-30,-0.0032768741041739897,1.1513062299942232
combined_min_variance,combined,min_variance,2023-01-20,2022-12-30,0.009587524473180762,1.162344406650418
combined_min_variance,combined,min_variance,2023-01-23,2022-12-30,0.006912953551211333,1.1703796395441026
combined_min_variance,combined,min_variance,2023-01-24,2022-12-30,-0.004376139814455775,1.1652578946054652
combined_min_variance,combined,min_variance,2023-01-25,2022-12-30,0.001914007998060473,1.167488207535543
combined_min_variance,combined,min_variance,2023-01-26,2022-12-30,-0.0021804858308824377,1.1649425160412894
combined_min_variance,combined,min_variance,2023-01-27,2022-12-30,-0.0007547385123310687,1.164063289059781
combined_min_variance,combined,min_variance,2023-01-30,2022-12-30,-0.004687824124659922,1.1586063650906957
combined_min_variance,combined,min_variance,2023-01-31,2022-12-30,0.010484202809116133,1.1707534291982393
combined_min_variance,combined,min_variance,2023-02-01,2023-01-31,-0.007989784981576296,1.1613993610325022
combined_min_variance,combined,min_variance,2023-02-02,2023-01-31,-0.010939546802010588,1.148694178366662
combined_min_variance,combined,min_variance,2023-02-03,2023-01-31,-0.009249969825920287,1.13806879187756
combined_min_variance,combined,min_variance,2023-02-06,2023-01-31,-0.004872179382267427,1.132523916574172
combined_min_variance,combined,min_variance,2023-02-07,2023-01-31,0.007511937547150113,1.1410313655061313
combined_min_variance,combined,min_variance,2023-02-08,2023-01-31,-0.005454389828656521,1.1348077356319366
combined_min_variance,combined,min_variance,2023-02-09,2023-01-31,0.0008445027198095645,1.1357660838511388
combined_min_variance,combined,min_variance,2023-02-10,2023-01-31,0.011197021970276251,1.1484832816451145
combined_min_variance,combined,min_variance,2023-02-13,2023-01-31,0.011230803952793755,1.161381672224332
combined_min_variance,combined,min_variance,2023-02-14,2023-01-31,-0.009995206136710327,1.1497734230070524
combined_min_variance,combined,min_variance,2023-02-15,2023-01-31,-0.00045993511901346994,1.1492446018309033
combined_min_variance,combined,min_variance,2023-02-16,2023-01-31,-0.012724421287938163,1.134621129354318
combined_min_variance,combined,min_variance,2023-02-17,2023-01-31,0.011058678608571952,1.1471685397663425
combined_min_variance,combined,min_variance,2023-02-21,2023-01-31,-0.0024208296938332064,1.1443914401014448
combined_min_variance,combined,min_variance,2023-02-22,2023-01-31,-0.00985475384131817,1.1331137441611334
combined_min_variance,combined,min_variance,2023-02-23,2023-01-31,-0.002075508612526973,1.1307619568261544
combined_min_variance,combined,min_variance,2023-02-24,2023-01-31,-0.006250610434845061,1.123694004339491
combined_min_variance,combined,min_variance,2023-02-27,2023-01-31,0.0012068153695302224,1.1250500955345768
combined_min_variance,combined,min_variance,2023-02-28,2023-01-31,-0.0031993166210059123,1.1214507040644688
combined_min_variance,combined,min_variance,2023-03-01,2023-02-28,-0.0025487478247169905,1.118592409021957
combined_min_variance,combined,min_variance,2023-03-02,2023-02-28,0.00586948330361938,1.1251579684902668
combined_min_variance,combined,min_variance,2023-03-03,2023-02-28,0.007483309281826988,1.1335778735593915
combined_min_variance,combined,min_variance,2023-03-06,2023-02-28,0.003663067490033539,1.1377302458154483
combined_min_variance,combined,min_variance,2023-03-07,2023-02-28,-0.011549775060677413,1.1245897173965507
combined_min_variance,combined,min_variance,2023-03-08,2023-02-28,-0.007830548311161457,1.1157835632842414
combined_min_variance,combined,min_variance,2023-03-09,2023-02-28,-0.01228430056200321,1.1020769426307149
combined_min_variance,combined,min_variance,2023-03-10,2023-02-28,-0.0024249446591711357,1.099404467034687
combined_min_variance,combined,min_variance,2023-03-13,2023-02-28,0.009117540598302429,1.1094283318968308
combined_min_variance,combined,min_variance,2023-03-14,2023-02-28,0.008283188805852024,1.1186179362364939
combined_min_variance,combined,min_variance,2023-03-15,2023-02-28,0.005466832873652258,1.1247332335433686
combined_min_variance,combined,min_variance,2023-03-16,2023-02-28,0.004773716281534011,1.130102390892717
combined_min_variance,combined,min_variance,2023-03-17,2023-02-28,-0.0034659717552967357,1.1261854879252895
combined_min_variance,combined,min_variance,2023-03-20,2023-02-28,0.010691707240431676,1.1382263334606095
combined_min_variance,combined,min_variance,2023-03-21,2023-02-28,-0.0023250523676701064,1.1355798976290525
combined_min_variance,combined,min_variance,2023-03-22,2023-02-28,-0.013695965366217883,1.1200270346805519
combined_min_variance,combined,min_variance,2023-03-23,2023-02-28,0.008951511002946997,1.1300529690050929
combined_min_variance,combined,min_variance,2023-03-24,2023-02-28,0.012837306305877613,1.1445598051100776
combined_min_variance,combined,min_variance,2023-03-27,2023-02-28,0.004541530043643331,1.1497578578517316
combined_min_variance,combined,min_variance,2023-03-28,2023-02-28,-0.000758756182830314,1.1488854719683288
combined_min_variance,combined,min_variance,2023-03-29,2023-02-28,0.004829244428695411,1.154433720733041
combined_min_variance,combined,min_variance,2023-03-30,2023-02-28,0.004684955521789238,1.159842191367529
combined_min_variance,combined,min_variance,2023-03-31,2023-02-28,0.011877910111560185,1.1736186926601875
combined_min_variance,combined,min_variance,2023-04-03,2023-03-31,0.008337114067074249,1.1834032855721461
combined_min_variance,combined,min_variance,2023-04-04,2023-03-31,0.0019248129148394864,1.185681115499679
combined_min_variance,combined,min_variance,2023-04-05,2023-03-31,0.012187544425987261,1.2001316567698854
combined_min_variance,combined,min_variance,2023-04-06,2023-03-31,0.0009520378242878219,1.2012742275012556
combined_min_variance,combined,min_variance,2023-04-10,2023-03-31,-0.001242904658814578,1.1997811581673803
combined_min_variance,combined,min_variance,2023-04-11,2023-03-31,-0.0010990373615013043,1.198462553848929
combined_min_variance,combined,min_variance,2023-04-12,2023-03-31,0.0003153350799009482,1.1988404711341054
combined_min_variance,combined,min_variance,2023-04-13,2023-03-31,0.010183487891637836,1.211048848555905
combined_min_variance,combined,min_variance,2023-04-14,2023-03-31,-0.0079485087603943,1.201422816173893
combined_min_variance,combined,min_variance,2023-04-17,2023-03-31,0.002061223249534265,1.2038992168151115
combined_min_variance,combined,min_variance,2023-04-18,2023-03-31,-7.477160620719149e-05,1.2038091993369586
combined_min_variance,combined,min_variance,2023-04-19,2023-03-31,-0.0010873566337037135,1.202500229418346
combined_min_variance,combined,min_variance,2023-04-20,2023-03-31,-0.0002484361394585225,1.2022014849036513
combined_min_variance,combined,min_variance,2023-04-21,2023-03-31,0.005861905636449043,1.2092486765641555
combined_min_variance,combined,min_variance,2023-04-24,2023-03-31,0.004409820211969527,1.2145812458193654
combined_min_variance,combined,min_variance,2023-04-25,2023-03-31,-0.0029572565711329375,1.2109894174489915
combined_min_variance,combined,min_variance,2023-04-26,2023-03-31,-0.017656748203026682,1.1896072822285646
combined_min_variance,combined,min_variance,2023-04-27,2023-03-31,-0.0004137187873728427,1.1891151193463112
combined_min_variance,combined,min_variance,2023-04-28,2023-03-31,0.0008145118133431097,1.1900836676584436
combined_min_variance,combined,min_variance,2023-05-01,2023-04-28,0.0015048489059638391,1.191874563763725
combined_min_variance,combined,min_variance,2023-05-02,2023-04-28,-0.005523324909474068,1.1852914532967203
combined_min_variance,combined,min_variance,2023-05-03,2023-04-28,-0.006885269515784194,1.177130402186017
combined_min_variance,combined,min_variance,2023-05-04,2023-04-28,-0.0005786433762904979,1.1764492634757617
combined_min_variance,combined,min_variance,2023-05-05,2023-04-28,0.008239189954646368,1.1861422524295424
combined_min_variance,combined,min_variance,2023-05-08,2023-04-28,-0.0008816221184950674,1.185096523184119
combined_min_variance,combined,min_variance,2023-05-09,2023-04-28,-0.0031745770682238827,1.181334342937987
combined_min_variance,combined,min_variance,2023-05-10,2023-04-28,-0.0022055780251800296,1.1787288178708124
combined_min_variance,combined,min_variance,2023-05-11,2023-04-28,-0.0019240592020153375,1.1764608738421074
combined_min_variance,combined,min_variance,2023-05-12,2023-04-28,-0.00034292687580888165,1.1760574337901295
combined_min_variance,combined,min_variance,2023-05-15,2023-04-28,-0.0015127535676855732,1.1742783487113604
combined_min_variance,combined,min_variance,2023-05-16,2023-04-28,-0.013396456091886865,1.1585471803731953
combined_min_variance,combined,min_variance,2023-05-17,2023-04-28,-8.708616821708317e-05,1.158446286938558
combined_min_variance,combined,min_variance,2023-05-18,2023-04-28,0.0025975074705862065,1.1614553598231536
combined_min_variance,combined,min_variance,2023-05-19,2023-04-28,0.0010158427181576188,1.1626352157928952
combined_min_variance,combined,min_variance,2023-05-22,2023-04-28,-0.004419277659232599,1.1574972079579047
combined_min_variance,combined,min_variance,2023-05-23,2023-04-28,-0.006172003414044553,1.1503531312386415
combined_min_variance,combined,min_variance,2023-05-24,2023-04-28,-0.006406703009574364,1.1429831603706615
combined_min_variance,combined,min_variance,2023-05-25,2023-04-28,-0.011029124470988213,1.13037705682669
combined_min_variance,combined,min_variance,2023-05-26,2023-04-28,-4.671750808606849e-05,1.1303242484273974
combined_min_variance,combined,min_variance,2023-05-30,2023-04-28,-0.00623176795798285,1.1232803299939165
combined_min_variance,combined,min_variance,2023-05-31,2023-04-28,0.003856702305264536,1.1276124878320621
combined_min_variance,combined,min_variance,2023-06-01,2023-05-31,0.001315888059557585,1.1290962996406084
combined_min_variance,combined,min_variance,2023-06-02,2023-05-31,0.016079263230544247,1.1472513362551633
combined_min_variance,combined,min_variance,2023-06-05,2023-05-31,-0.0037032996924596107,1.1430027207344355
combined_min_variance,combined,min_variance,2023-06-06,2023-05-31,-0.0075498886922511724,1.1343731774179504
combined_min_variance,combined,min_variance,2023-06-07,2023-05-31,0.0023935888532721685,1.137088400410869
combined_min_variance,combined,min_variance,2023-06-08,2023-05-31,0.010099099058062921,1.1485719688043927
combined_min_variance,combined,min_variance,2023-06-09,2023-05-31,-0.0014214292263035576,1.1469393550394211
combined_min_variance,combined,min_variance,2023-06-12,2023-05-31,0.0017088600964622583,1.1488993139363102
combined_min_variance,combined,min_variance,2023-06-13,2023-05-31,0.006534210319626282,1.1564064636896443
combined_min_variance,combined,min_variance,2023-06-14,2023-05-31,-0.0001037145978678721,1.156286527458291
combined_min_variance,combined,min_variance,2023-06-15,2023-05-31,0.008842355369056344,1.1665108238425295
combined_min_variance,combined,min_variance,2023-06-16,2023-05-31,0.0024935438687431815,1.1694195697551446
combined_min_variance,combined,min_variance,2023-06-20,2023-05-31,-0.008865263868969067,1.159052356695729
combined_min_variance,combined,min_variance,2023-06-21,2023-05-31,-0.0019274460699644153,1.1568183457859327
combined_min_variance,combined,min_variance,2023-06-22,2023-05-31,0.004702446147637131,1.1622582217595896
combined_min_variance,combined,min_variance,2023-06-23,2023-05-31,-0.0036877570107362884,1.1579720958540098
combined_min_variance,combined,min_variance,2023-06-26,2023-05-31,0.000807446134883785,1.1589070959471104
combined_min_variance,combined,min_variance,2023-06-27,2023-05-31,-0.0003291011135505644,1.1585256983313326
combined_min_variance,combined,min_variance,2023-06-28,2023-05-31,-0.0035127193315321525,1.1544561227147272
combined_min_variance,combined,min_variance,2023-06-29,2023-05-31,0.0013365629375274189,1.1559991259813494
combined_min_variance,combined,min_variance,2023-06-30,2023-05-31,0.011310931844335848,1.1690745533074363
combined_min_variance,combined,min_variance,2023-07-03,2023-06-30,0.0035992362223512143,1.1732823287863294
combined_min_variance,combined,min_variance,2023-07-05,2023-06-30,-0.0020604287952005734,1.170864864091198
combined_min_variance,combined,min_variance,2023-07-06,2023-06-30,-0.008557778493047374,1.1608448619390135
combined_min_variance,combined,min_variance,2023-07-07,2023-06-30,-0.012734082213342157,1.1460625680301462
combined_min_variance,combined,min_variance,2023-07-10,2023-06-30,0.005367637303602708,1.1522142162225675
combined_min_variance,combined,min_variance,2023-07-11,2023-06-30,0.011887912765401966,1.1659116383120773
combined_min_variance,combined,min_variance,2023-07-12,2023-06-30,0.001525503194253292,1.1676902402405396
combined_min_variance,combined,min_variance,2023-07-13,2023-06-30,0.0012087055211969654,1.169101633880966
combined_min_variance,combined,min_variance,2023-07-14,2023-06-30,0.004359159922185062,1.1741979348683411
combined_min_variance,combined,min_variance,2023-07-17,2023-06-30,-0.004329929827428205,1.16911374020685
combined_min_variance,combined,min_variance,2023-07-18,2023-06-30,0.003131263244975369,1.1727745430907555
combined_min_variance,combined,min_variance,2023-07-19,2023-06-30,0.004401652080318524,1.1779366885980955
combined_min_variance,combined,min_variance,2023-07-20,2023-06-30,0.007971649822041755,1.187326787392135
combined_min_variance,combined,min_variance,2023-07-21,2023-06-30,0.007368739259301938,1.1960758889040124
combined_min_variance,combined,min_variance,2023-07-24,2023-06-30,-0.0033109306205212578,1.1921157646189728
combined_min_variance,combined,min_variance,2023-07-25,2023-06-30,0.000536190989936158,1.1927549663509225
combined_min_variance,combined,min_variance,2023-07-26,2023-06-30,0.002406947572330761,1.1956258650215663
combined_min_variance,combined,min_variance,2023-07-27,2023-06-30,-0.0051178603286624585,1.1895068188390496
combined_min_variance,combined,min_variance,2023-07-28,2023-06-30,0.004564354441416862,1.1949361495707134
combined_min_variance,combined,min_variance,2023-07-31,2023-06-30,-0.0024773589846128997,1.1919758637645357
combined_min_variance,combined,min_variance,2023-08-01,2023-07-31,-0.008334982600673634,1.1820407656796352
combined_min_variance,combined,min_variance,2023-08-02,2023-07-31,-0.00996971068332848,1.1702561612299092
combined_min_variance,combined,min_variance,2023-08-03,2023-07-31,-0.003471587156937779,1.1661935149702563
combined_min_variance,combined,min_variance,2023-08-04,2023-07-31,-0.004080332128846436,1.161435058102671
combined_min_variance,combined,min_variance,2023-08-07,2023-07-31,0.011137428723139858,1.1743704582788452
combined_min_variance,combined,min_variance,2023-08-08,2023-07-31,-0.004493075988810644,1.169093922570784
combined_min_variance,combined,min_variance,2023-08-09,2023-07-31,0.001360933894487101,1.1706849821158494
combined_min_variance,combined,min_variance,2023-08-10,2023-07-31,-0.0010034790444038784,1.1695102242686977
combined_min_variance,combined,min_variance,2023-08-11,2023-07-31,0.006281142614278205,1.1768560847761858
combined_min_variance,combined,min_variance,2023-08-14,2023-07-31,-0.002391860713331765,1.1740412089417642
combined_min_variance,combined,min_variance,2023-08-15,2023-07-31,-0.00841795392293548,1.1641581841412652
combined_min_variance,combined,min_variance,2023-08-16,2023-07-31,-0.00393607313235291,1.159575972390858
combined_min_variance,combined,min_variance,2023-08-17,2023-07-31,-0.009601233746752527,1.1484426124328158
combined_min_variance,combined,min_variance,2023-08-18,2023-07-31,0.0015990896651438234,1.150279075145368
combined_min_variance,combined,min_variance,2023-08-21,2023-07-31,-0.00047356598010924616,1.1497343421077475
combined_min_variance,combined,min_variance,2023-08-22,2023-07-31,-0.0030623541346381017,1.1462134483914586
combined_min_variance,combined,min_variance,2023-08-23,2023-07-31,0.010950074259895241,1.1587645707690355
combined_min_variance,combined,min_variance,2023-08-24,2023-07-31,-0.008752364185842201,1.1486226412400138
combined_min_variance,combined,min_variance,2023-08-25,2023-07-31,0.0026807716559283635,1.1517018362600075
combined_min_variance,combined,min_variance,2023-08-28,2023-07-31,0.006039040181689442,1.1586570099265072
combined_min_variance,combined,min_variance,2023-08-29,2023-07-31,0.008518355367353625,1.1685268620859366
combined_min_variance,combined,min_variance,2023-08-30,2023-07-31,0.0015081724115343098,1.1702892020614712
combined_min_variance,combined,min_variance,2023-08-31,2023-07-31,-0.004313729752624257,1.1652408907113638
combined_min_variance,combined,min_variance,2023-09-01,2023-08-31,-8.822544763833519e-05,1.1651380868121743
combined_min_variance,combined,min_variance,2023-09-05,2023-08-31,-0.010620876474754992,1.1527632991161099
combined_min_variance,combined,min_variance,2023-09-06,2023-08-31,-0.0024240901687055645,1.149968896935878
combined_min_variance,combined,min_variance,2023-09-07,2023-08-31,0.0063481207351891,1.1572690383353392
combined_min_variance,combined,min_variance,2023-09-08,2023-08-31,0.005992628926469461,1.164204122250175
combined_min_variance,combined,min_variance,2023-09-11,2023-08-31,0.0057632295932683805,1.1709136979001324
combined_min_variance,combined,min_variance,2023-09-12,2023-08-31,-0.0030249593617734066,1.1673717315478407
combined_min_variance,combined,min_variance,2023-09-13,2023-08-31,0.00015952294399492362,1.1675579541231937
combined_min_variance,combined,min_variance,2023-09-14,2023-08-31,0.010189364809909578,1.1794546280544667
combined_min_variance,combined,min_variance,2023-09-15,2023-08-31,-0.007381281037645246,1.1707487419736453
combined_min_variance,combined,min_variance,2023-09-18,2023-08-31,-0.00038370815111627755,1.1702995161384409
combined_min_variance,combined,min_variance,2023-09-19,2023-08-31,-0.00043228222292467804,1.1697936164621168
combined_min_variance,combined,min_variance,2023-09-20,2023-08-31,0.001410084884349637,1.1714431247584987
combined_min_variance,combined,min_variance,2023-09-21,2023-08-31,-0.011654376264860896,1.1577906858096787
combined_min_variance,combined,min_variance,2023-09-22,2023-08-31,-9.342104098062067e-05,1.1576825237985726
combined_min_variance,combined,min_variance,2023-09-25,2023-08-31,-0.00046484893840216816,1.1571443763063782
combined_min_variance,combined,min_variance,2023-09-26,2023-08-31,-0.005920985991912106,1.1502929406636482
combined_min_variance,combined,min_variance,2023-09-27,2023-08-31,-0.009038597682021005,1.1398959055565205
combined_min_variance,combined,min_variance,2023-09-28,2023-08-31,0.001645513268881722,1.1417716193942578
combined_min_variance,combined,min_variance,2023-09-29,2023-08-31,-0.006661359750992468,1.1341658678839994
combined_min_variance,combined,min_variance,2023-10-02,2023-09-29,-0.00966021229895438,1.1232095848180121
combined_min_variance,combined,min_variance,2023-10-03,2023-09-29,-0.008344941766355111,1.1138364662412938
combined_min_variance,combined,min_variance,2023-10-04,2023-09-29,0.007491416884480086,1.1221806795510436
combined_min_variance,combined,min_variance,2023-10-05,2023-09-29,-0.003212887407114171,1.1185752393772073
combined_min_variance,combined,min_variance,2023-10-06,2023-09-29,0.005545685068192837,1.1247785053798716
combined_min_variance,combined,min_variance,2023-10-09,2023-09-29,0.004345177048990163,1.1296658671266457
combined_min_variance,combined,min_variance,2023-10-10,2023-09-29,0.011217046385956808,1.1423373815588376
combined_min_variance,combined,min_variance,2023-10-11,2023-09-29,0.004712964918952985,1.147721177563733
combined_min_variance,combined,min_variance,2023-10-12,2023-09-29,-0.0022620536133451377,1.1451249707269122
combined_min_variance,combined,min_variance,2023-10-13,2023-09-29,0.003561485843235718,1.149203317098892
combined_min_variance,combined,min_variance,2023-10-16,2023-09-29,0.007347148056667625,1.1576466840168311
combined_min_variance,combined,min_variance,2023-10-17,2023-09-29,0.006031593339295291,1.1646291380454044
combined_min_variance,combined,min_variance,2023-10-18,2023-09-29,-0.008726608792771567,1.1544658751690193
combined_min_variance,combined,min_variance,2023-10-19,2023-09-29,-0.010561516395810043,1.1422729649000185
combined_min_variance,combined,min_variance,2023-10-20,2023-09-29,-0.003209682626104933,1.1386066312103096
combined_min_variance,combined,min_variance,2023-10-23,2023-09-29,-0.00242593017871139,1.1358444510219756
combined_min_variance,combined,min_variance,2023-10-24,2023-09-29,0.011263847555305248,1.1486384297648267
combined_min_variance,combined,min_variance,2023-10-25,2023-09-29,-0.008221194577953986,1.1391952497340145
combined_min_variance,combined,min_variance,2023-10-26,2023-09-29,-0.001681256530778401,1.1372799702805674
combined_min_variance,combined,min_variance,2023-10-27,2023-09-29,-0.011294931113722382,1.1244344713592322
combined_min_variance,combined,min_variance,2023-10-30,2023-09-29,0.008365221733053929,1.1338406150364415
combined_min_variance,combined,min_variance,2023-10-31,2023-09-29,0.00240441452134794,1.1365668378761293
combined_min_variance,combined,min_variance,2023-11-01,2023-10-31,0.005636972189425017,1.1429736335326597
combined_min_variance,combined,min_variance,2023-11-02,2023-10-31,0.012566294523027564,1.157336576843686
combined_min_variance,combined,min_variance,2023-11-03,2023-10-31,0.0036930556974898656,1.1616106852827122
combined_min_variance,combined,min_variance,2023-11-06,2023-10-31,-0.004121185000578773,1.156823472750013
combined_min_variance,combined,min_variance,2023-11-07,2023-10-31,-0.0007947045588742635,1.155904139862406
combined_min_variance,combined,min_variance,2023-11-08,2023-10-31,-0.0068211137248865225,1.1480195862693374
combined_min_variance,combined,min_variance,2023-11-09,2023-10-31,-0.013001252648740785,1.133093893582547
combined_min_variance,combined,min_variance,2023-11-10,2023-10-31,0.005760000908251722,1.139620515438717
combined_min_variance,combined,min_variance,2023-11-13,2023-10-31,0.0027413137278992955,1.1427445728022847
combined_min_variance,combined,min_variance,2023-11-14,2023-10-31,0.010097317125987739,1.1542832271478707
combined_min_variance,combined,min_variance,2023-11-15,2023-10-31,0.004132984471859284,1.1590538618018005
combined_min_variance,combined,min_variance,2023-11-16,2023-10-31,-0.015930700745217994,1.1405893215818468
combined_min_variance,combined,min_variance,2023-11-17,2023-10-31,-0.0004223979960045441,1.1401075389381465
combined_min_variance,combined,min_variance,2023-11-20,2023-10-31,0.004606099872842854,1.1453589881282766
combined_min_variance,combined,min_variance,2023-11-21,2023-10-31,0.0017013439228783288,1.1473076376822429
combined_min_variance,combined,min_variance,2023-11-22,2023-10-31,0.0004940515296618338,1.1478744667756324
combined_min_variance,combined,min_variance,2023-11-24,2023-10-31,0.0027854158585652765,1.1510717745190313
combined_min_variance,combined,min_variance,2023-11-27,2023-10-31,0.0022344673839927104,1.1536438068558286
combined_min_variance,combined,min_variance,2023-11-28,2023-10-31,0.005125827679140863,1.1595571862128795
combined_min_variance,combined,min_variance,2023-11-29,2023-10-31,0.00043316217819157387,1.1600594625293972
combined_min_variance,combined,min_variance,2023-11-30,2023-10-31,0.008769083966681041,1.1702321213626603
combined_min_variance,combined,min_variance,2023-12-01,2023-11-30,0.00613387193103333,1.1774101753246804
combined_min_variance,combined,min_variance,2023-12-04,2023-11-30,0.004080653445896614,1.1822147782138528
combined_min_variance,combined,min_variance,2023-12-05,2023-11-30,0.0030572417854864147,1.1858290946332277
combined_min_variance,combined,min_variance,2023-12-06,2023-11-30,-0.0013611649161641129,1.1842149856730464
combined_min_variance,combined,min_variance,2023-12-07,2023-11-30,-0.0041581385099197215,1.1792908557370951
combined_min_variance,combined,min_variance,2023-12-08,2023-11-30,-0.00017836148131096063,1.1790805156731694
combined_min_variance,combined,min_variance,2023-12-11,2023-11-30,0.004794235756256732,1.1847333056409153
combined_min_variance,combined,min_variance,2023-12-12,2023-11-30,0.0025852055080605074,1.1877960847082407
combined_min_variance,combined,min_variance,2023-12-13,2023-11-30,0.02147886588567393,1.2133085975112177
combined_min_variance,combined,min_variance,2023-12-14,2023-11-30,3.8717385298566803e-05,1.2133555736476735
combined_min_variance,combined,min_variance,2023-12-15,2023-11-30,-0.0065751976639459465,1.2053775209142896
combined_min_variance,combined,min_variance,2023-12-18,2023-11-30,0.001929168174423582,1.207702896865803
combined_min_variance,combined,min_variance,2023-12-19,2023-11-30,0.004316216484136931,1.212915604017195
combined_min_variance,combined,min_variance,2023-12-20,2023-11-30,-0.013510761061333799,1.1965281911037553
combined_min_variance,combined,min_variance,2023-12-21,2023-11-30,0.008230868428851656,1.2063766572161423
combined_min_variance,combined,min_variance,2023-12-22,2023-11-30,0.009326388851372037,1.2176277950225582
combined_min_variance,combined,min_variance,2023-12-26,2023-11-30,0.0009118682682084556,1.218738111171328
combined_min_variance,combined,min_variance,2023-12-27,2023-11-30,0.004324624403615021,1.2240086957485152
combined_min_variance,combined,min_variance,2023-12-28,2023-11-30,0.0014908639464371056,1.2258335261831321
combined_min_variance,combined,min_variance,2023-12-29,2023-11-30,-0.0004595512360136627,1.2252701928710277
crypto_equal_weight,crypto,equal_weight,2020-10-01,2020-09-30,-0.015215988184475627,0.9847840118155243
crypto_equal_weight,crypto,equal_weight,2020-10-02,2020-09-30,-0.021891144641811848,0.9632259625719269
crypto_equal_weight,crypto,equal_weight,2020-10-03,2020-09-30,0.004360856473343322,0.9674264527461011
crypto_equal_weight,crypto,equal_weight,2020-10-04,2020-09-30,0.01790188760050092,0.984745212364913
crypto_equal_weight,crypto,equal_weight,2020-10-05,2020-09-30,0.0035915283931230897,0.9882819527551137
crypto_equal_weight,crypto,equal_weight,2020-10-06,2020-09-30,-0.009626353837821833,0.9787684009863594
crypto_equal_weight,crypto,equal_weight,2020-10-07,2020-09-30,0.0024881630094607645,0.9812037363165228
crypto_equal_weight,crypto,equal_weight,2020-10-08,2020-09-30,0.015037245037404369,0.995958337331131
crypto_equal_weight,crypto,equal_weight,2020-10-09,2020-09-30,0.023432526373623763,1.019296157337673
crypto_equal_weight,crypto,equal_weight,2020-10-10,2020-09-30,0.013447683075283488,1.0330033290214045
crypto_equal_weight,crypto,equal_weight,2020-10-11,2020-09-30,0.01185566818473901,1.045250273724013
crypto_equal_weight,crypto,equal_weight,2020-10-12,2020-09-30,0.011390327435422476,1.0571560165936946
crypto_equal_weight,crypto,equal_weight,2020-10-13,2020-09-30,-0.004764471088864997,1.0521192273162143
crypto_equal_weight,crypto,equal_weight,2020-10-14,2020-09-30,-0.005807592202763257,1.0460089478952754
crypto_equal_weight,crypto,equal_weight,2020-10-15,2020-09-30,-0.0048135694737722725,1.040973911154394
crypto_equal_weight,crypto,equal_weight,2020-10-16,2020-09-30,-0.018634310332511863,1.0215760802458944
crypto_equal_weight,crypto,equal_weight,2020-10-17,2020-09-30,0.004269494322044054,1.0259376935200402
crypto_equal_weight,crypto,equal_weight,2020-10-18,2020-09-30,0.0073257918610061925,1.0334534995251288
crypto_equal_weight,crypto,equal_weight,2020-10-19,2020-09-30,0.014997380707444352,1.0489525951009477
crypto_equal_weight,crypto,equal_weight,2020-10-20,2020-09-30,-0.022213425468937426,1.0256517648092243
crypto_equal_weight,crypto,equal_weight,2020-10-21,2020-09-30,0.054879308116212576,1.0819388240301269
crypto_equal_weight,crypto,equal_weight,2020-10-22,2020-09-30,0.027849155101306214,1.1120699061506667
crypto_equal_weight,crypto,equal_weight,2020-10-23,2020-09-30,-0.007714060513975307,1.1034913315988497
crypto_equal_weight,crypto,equal_weight,2020-10-24,2020-09-30,0.015767101727021362,1.120890191679055
crypto_equal_weight,crypto,equal_weight,2020-10-25,2020-09-30,-0.008168543358127034,1.1117341515486254
crypto_equal_weight,crypto,equal_weight,2020-10-26,2020-09-30,-0.022532438611657046,1.0866840700263733
crypto_equal_weight,crypto,equal_weight,2020-10-27,2020-09-30,0.015420105915731463,1.1034408534831182
crypto_equal_weight,crypto,equal_weight,2020-10-28,2020-09-30,-0.023111708865827422,1.0779384497267561
crypto_equal_weight,crypto,equal_weight,2020-10-29,2020-09-30,-0.008184334694409668,1.0691162406742192
crypto_equal_weight,crypto,equal_weight,2020-10-30,2020-09-30,-0.018665028500040506,1.0491611555721787
crypto_equal_weight,crypto,equal_weight,2020-10-31,2020-09-30,0.00840713084179785,1.0579815906812058
crypto_equal_weight,crypto,equal_weight,2020-11-01,2020-10-31,0.009479899135041459,1.0680111494475943
crypto_equal_weight,crypto,equal_weight,2020-11-02,2020-10-31,-0.036532688866251925,1.0289938304191373
crypto_equal_weight,crypto,equal_weight,2020-11-03,2020-10-31,-0.00329949270412977,1.0255986727830748
crypto_equal_weight,crypto,equal_weight,2020-11-04,2020-10-31,0.004323697240461589,1.0300330509344082
crypto_equal_weight,crypto,equal_weight,2020-11-05,2020-10-31,0.0487911580871629,1.0802895563575516
crypto_equal_weight,crypto,equal_weight,2020-11-06,2020-10-31,0.056153297968169084,1.1409513777075986
crypto_equal_weight,crypto,equal_weight,2020-11-07,2020-10-31,-0.043483015895242116,1.0913393708150405
crypto_equal_weight,crypto,equal_weight,2020-11-08,2020-10-31,0.03323301025025742,1.1276078633118463
crypto_equal_weight,crypto,equal_weight,2020-11-09,2020-10-31,-0.019588407856058886,1.1055198205835948
crypto_equal_weight,crypto,equal_weight,2020-11-10,2020-10-31,0.0004896625641006123,1.106061152253606
crypto_equal_weight,crypto,equal_weight,2020-11-11,2020-10-31,0.01014343767748017,1.1172804146189723
crypto_equal_weight,crypto,equal_weight,2020-11-12,2020-10-31,0.0005386886858012805,1.1178822809371949
crypto_equal_weight,crypto,equal_weight,2020-11-13,2020-10-31,0.028636976284083973,1.149895049304791
crypto_equal_weight,crypto,equal_weight,2020-11-14,2020-10-31,-0.015612969029313563,1.1319417735130344
crypto_equal_weight,crypto,equal_weight,2020-11-15,2020-10-31,-0.016525656529147482,1.1132356925529638
crypto_equal_weight,crypto,equal_weight,2020-11-16,2020-10-31,0.046549892129067176,1.1650566939555318
crypto_equal_weight,crypto,equal_weight,2020-11-17,2020-10-31,0.05204232760453973,1.2256889561002275
crypto_equal_weight,crypto,equal_weight,2020-11-18,2020-10-31,-0.009936278849795132,1.2135101688493015
crypto_equal_weight,crypto,equal_weight,2020-11-19,2020-10-31,0.005675267946849406,1.2203971642137479
crypto_equal_weight,crypto,equal_weight,2020-11-20,2020-10-31,0.0530275284640759,1.2851118095765701
crypto_equal_weight,crypto,equal_weight,2020-11-21,2020-10-31,0.1439562303086774,1.470111661208376
crypto_equal_weight,crypto,equal_weight,2020-11-22,2020-10-31,-0.02676237164833182,1.430767986566571
crypto_equal_weight,crypto,equal_weight,2020-11-23,2020-10-31,0.12948090591086445,1.616025121615474
crypto_equal_weight,crypto,equal_weight,2020-11-24,2020-10-31,0.10910317300006549,1.792338590031539
crypto_equal_weight,crypto,equal_weight,2020-11-25,2020-10-31,-0.05342953924272913,1.6965747649991911
crypto_equal_weight,crypto,equal_weight,2020-11-26,2020-10-31,-0.12392013507113163,1.4863349909622179
crypto_equal_weight,crypto,equal_weight,2020-11-27,2020-10-31,0.023913509429615957,1.5218784767841609
crypto_equal_weight,crypto,equal_weight,2020-11-28,2020-10-31,0.05253747523602772,1.6018341295704523
crypto_equal_weight,crypto,equal_weight,2020-11-29,2020-10-31,0.01967765530961962,1.6333544694353244
crypto_equal_weight,crypto,equal_weight,2020-11-30,2020-10-31,0.07097510416991822,1.749281973049898
crypto_equal_weight,crypto,equal_weight,2020-12-01,2020-11-30,-0.06797176128702298,1.6303801963540578
crypto_equal_weight,crypto,equal_weight,2020-12-02,2020-11-30,0.021074602338575277,1.6647398106529079
crypto_equal_weight,crypto,equal_weight,2020-12-03,2020-11-30,0.015067967051520881,1.6898240552691808
crypto_equal_weight,crypto,equal_weight,2020-12-04,2020-11-30,-0.08152350861517087,1.5520636693413208
crypto_equal_weight,crypto,equal_weight,2020-12-05,2020-11-30,0.04423828287639083,1.6207243009878112
crypto_equal_weight,crypto,equal_weight,2020-12-06,2020-11-30,0.00936906866071846,1.6359089782438607
crypto_equal_weight,crypto,equal_weight,2020-12-07,2020-11-30,-0.015699276533872188,1.6102263908101662
crypto_equal_weight,crypto,equal_weight,2020-12-08,2020-11-30,-0.07034257497418472,1.496958920189191
crypto_equal_weight,crypto,equal_weight,2020-12-09,2020-11-30,0.03684153008369282,1.5521091772813935
crypto_equal_weight,crypto,equal_weight,2020-12-10,2020-11-30,-0.027883689824153537,1.508830646408857
crypto_equal_weight,crypto,equal_weight,2020-12-11,2020-11-30,-0.02693740816192984,1.4681866594393131
crypto_equal_weight,crypto,equal_weight,2020-12-12,2020-11-30,0.02762033983663024,1.5087384739166338
crypto_equal_weight,crypto,equal_weight,2020-12-13,2020-11-30,0.04034339937304878,1.5696061127193368
crypto_equal_weight,crypto,equal_weight,2020-12-14,2020-11-30,-0.004087447267204858,1.563190430503314
crypto_equal_weight,crypto,equal_weight,2020-12-15,2020-11-30,-0.0036798828565478793,1.557438072836585
crypto_equal_weight,crypto,equal_weight,2020-12-16,2020-11-30,0.10546735210971075,1.7216969424535105
crypto_equal_weight,crypto,equal_weight,2020-12-17,2020-11-30,0.009888917234906038,1.7387226610210242
crypto_equal_weight,crypto,equal_weight,2020-12-18,2020-11-30,0.015155018381917908,1.7650730349098553
crypto_equal_weight,crypto,equal_weight,2020-12-19,2020-11-30,0.013790445494300928,1.78941417839124
crypto_equal_weight,crypto,equal_weight,2020-12-20,2020-11-30,-0.0055759793954341386,1.7794364418026327
crypto_equal_weight,crypto,equal_weight,2020-12-21,2020-11-30,-0.06155292567046387,1.6699069227650405
crypto_equal_weight,crypto,equal_weight,2020-12-22,2020-11-30,0.002916931835036008,1.6747779274296006
crypto_equal_weight,crypto,equal_weight,2020-12-23,2020-11-30,-0.16479064545891137,1.398790191768139
crypto_equal_weight,crypto,equal_weight,2020-12-24,2020-11-30,0.1308872044601056,1.5818739295948858
crypto_equal_weight,crypto,equal_weight,2020-12-25,2020-11-30,0.02590357313179433,1.6228501166154257
crypto_equal_weight,crypto,equal_weight,2020-12-26,2020-11-30,-0.0021636567802180576,1.6193388259573331
crypto_equal_weight,crypto,equal_weight,2020-12-27,2020-11-30,0.010300683386022627,1.6360191224982132
crypto_equal_weight,crypto,equal_weight,2020-12-28,2020-11-30,0.02698218602791696,1.6801624948066893
crypto_equal_weight,crypto,equal_weight,2020-12-29,2020-11-30,-0.02198736263858737,1.643220152741621
crypto_equal_weight,crypto,equal_weight,2020-12-30,2020-11-30,-0.007910832255216138,1.6302209137548913
crypto_equal_weight,crypto,equal_weight,2020-12-31,2020-11-30,-0.010734631048652776,1.6127210937179348
crypto_equal_weight,crypto,equal_weight,2021-01-01,2020-12-31,0.011329133285298942,1.6309918259406784
crypto_equal_weight,crypto,equal_weight,2021-01-02,2020-12-31,0.02072716260525204,1.664797658724788
crypto_equal_weight,crypto,equal_weight,2021-01-03,2020-12-31,0.11625440576667895,1.8583377212615966
crypto_equal_weight,crypto,equal_weight,2021-01-04,2020-12-31,0.04516079223322002,1.942261724990647
crypto_equal_weight,crypto,equal_weight,2021-01-05,2020-12-31,0.04535021621589661,2.030343714166833
crypto_equal_weight,crypto,equal_weight,2021-01-06,2020-12-31,0.17477270939392503,2.3851923860926956
crypto_equal_weight,crypto,equal_weight,2021-01-07,2020-12-31,0.012463243144315017,2.414919618746538
crypto_equal_weight,crypto,equal_weight,2021-01-08,2020-12-31,-0.007003682538939727,2.3980062883797797
crypto_equal_weight,crypto,equal_weight,2021-01-09,2020-12-31,0.08814075491705675,2.6093683729334227
crypto_equal_weight,crypto,equal_weight,2021-01-10,2020-12-31,-0.02676059395587328,2.5395401254240535
crypto_equal_weight,crypto,equal_weight,2021-01-11,2020-12-31,-0.1287050223078924,2.212688556929563
crypto_equal_weight,crypto,equal_weight,2021-01-12,2020-12-31,-0.01873015718865717,2.171244552448729
crypto_equal_weight,crypto,equal_weight,2021-01-13,2020-12-31,0.08238594887992638,2.3501245951525886
crypto_equal_weight,crypto,equal_weight,2021-01-14,2020-12-31,0.01972143296946164,2.396472419825774
crypto_equal_weight,crypto,equal_weight,2021-01-15,2020-12-31,-0.03879468771114989,2.303502020690249
crypto_equal_weight,crypto,equal_weight,2021-01-16,2020-12-31,0.026781295053940557,2.3651927879637027
crypto_equal_weight,crypto,equal_weight,2021-01-17,2020-12-31,0.0029297359520326642,2.3721221783080884
crypto_equal_weight,crypto,equal_weight,2021-01-18,2020-12-31,0.025718389419126575,2.433129340239563
crypto_equal_weight,crypto,equal_weight,2021-01-19,2020-12-31,0.009387901143479229,2.4559713179550307
crypto_equal_weight,crypto,equal_weight,2021-01-20,2020-12-31,-0.0058896989478037795,2.4415063862678346
crypto_equal_weight,crypto,equal_weight,2021-01-21,2020-12-31,-0.12997330223040066,2.1241757388279923
crypto_equal_weight,crypto,equal_weight,2021-01-22,2020-12-31,0.060561232008807364,2.252818438574634
crypto_equal_weight,crypto,equal_weight,2021-01-23,2020-12-31,-0.002104304596237205,2.2480778223798534
crypto_equal_weight,crypto,equal_weight,2021-01-24,2020-12-31,0.02788878387300729,2.310773978897906
crypto_equal_weight,crypto,equal_weight,2021-01-25,2020-12-31,-0.022128620741430138,2.259639737899709
crypto_equal_weight,crypto,equal_weight,2021-01-26,2020-12-31,-0.0025064396519793313,2.2539760872614485
crypto_equal_weight,crypto,equal_weight,2021-01-27,2020-12-31,-0.07433293275748028,2.0864314343300747
crypto_equal_weight,crypto,equal_weight,2021-01-28,2020-12-31,0.09385199353492833,2.2822471838158918
crypto_equal_weight,crypto,equal_weight,2021-01-29,2020-12-31,0.02826646477641599,2.3467582434482983
crypto_equal_weight,crypto,equal_weight,2021-01-30,2020-12-31,0.07294494996215131,2.5179424060899005
crypto_equal_weight,crypto,equal_weight,2021-01-31,2020-12-31,-0.016892319482285013,2.4754085185282366
crypto_equal_weight,crypto,equal_weight,2021-02-01,2021-01-31,0.018638160220836718,2.52154557910859
crypto_equal_weight,crypto,equal_weight,2021-02-02,2021-01-31,0.04105192217355688,2.625059871979232
crypto_equal_weight,crypto,equal_weight,2021-02-03,2021-01-31,0.0470529366919517,2.748576647948054
crypto_equal_weight,crypto,equal_weight,2021-02-04,2021-01-31,-0.017631563926056238,2.7001149430740923
crypto_equal_weight,crypto,equal_weight,2021-02-05,2021-01-31,0.08420520824667656,2.9274786841456097
crypto_equal_weight,crypto,equal_weight,2021-02-06,2021-01-31,0.02224549467936311,2.9926018956377196
crypto_equal_weight,crypto,equal_weight,2021-02-07,2021-01-31,-0.0031776159818694073,2.9830925560267687
crypto_equal_weight,crypto,equal_weight,2021-02-08,2021-01-31,0.08091486208561834,3.2244690787863095
crypto_equal_weight,crypto,equal_weight,2021-02-09,2021-01-31,0.06552021148361524,3.4357369747507667
crypto_equal_weight,crypto,equal_weight,2021-02-10,2021-01-31,0.04281518400419214,3.5828386855147274
crypto_equal_weight,crypto,equal_weight,2021-02-11,2021-01-31,0.07786914577868172,3.861831273418574
crypto_equal_weight,crypto,equal_weight,2021-02-12,2021-01-31,0.0542892610980854,4.071487239737946
crypto_equal_weight,crypto,equal_weight,2021-02-13,2021-01-31,0.09582165507240964,4.461623885655833
crypto_equal_weight,crypto,equal_weight,2021-02-14,2021-01-31,-0.029392275423807516,4.330486607571198
crypto_equal_weight,crypto,equal_weight,2021-02-15,2021-01-31,-0.0442129748696292,4.139022912017388
crypto_equal_weight,crypto,equal_weight,2021-02-16,2021-01-31,-0.002247445100434942,4.1297206852531865
crypto_equal_weight,crypto,equal_weight,2021-02-17,2021-01-31,0.04211707838283616,4.303652455053215
crypto_equal_weight,crypto,equal_weight,2021-02-18,2021-01-31,0.0029177062460999047,4.316209248702367
crypto_equal_weight,crypto,equal_weight,2021-02-19,2021-01-31,0.04897981498578349,4.527616379143736
crypto_equal_weight,crypto,equal_weight,2021-02-20,2021-01-31,-0.017299540561226037,4.4492906959470675
crypto_equal_weight,crypto,equal_weight,2021-02-21,2021-01-31,0.024297174916646205,4.557395890241501
crypto_equal_weight,crypto,equal_weight,2021-02-22,2021-01-31,-0.06280956341200479,4.271147844079767
crypto_equal_weight,crypto,equal_weight,2021-02-23,2021-01-31,-0.1578836306811806,3.596803515280356
crypto_equal_weight,crypto,equal_weight,2021-02-24,2021-01-31,0.039670040547773386,3.739488856573902
crypto_equal_weight,crypto,equal_weight,2021-02-25,2021-01-31,-0.052955858492939885,3.541461013849249
crypto_equal_weight,crypto,equal_weight,2021-02-26,2021-01-31,0.002442972275643785,3.550112704921356
crypto_equal_weight,crypto,equal_weight,2021-02-27,2021-01-31,0.030875544497424058,3.6597243677130256
crypto_equal_weight,crypto,equal_weight,2021-02-28,2021-01-31,-0.04371588305482723,3.4997362852411813
crypto_equal_weight,crypto,equal_weight,2021-03-01,2021-02-28,0.06607202453353705,3.7309709469405465
crypto_equal_weight,crypto,equal_weight,2021-03-02,2021-02-28,-0.016013865689389763,3.6712236793052253
crypto_equal_weight,crypto,equal_weight,2021-03-03,2021-02-28,0.03318617359233237,3.79305754562293
crypto_equal_weight,crypto,equal_weight,2021-03-04,2021-02-28,-0.015426510631809486,3.734543903068313
crypto_equal_weight,crypto,equal_weight,2021-03-05,2021-02-28,-0.008545836651957895,3.7026291009031262
crypto_equal_weight,crypto,equal_weight,2021-03-06,2021-02-28,0.009728254619080622,3.73864921955673
crypto_equal_weight,crypto,equal_weight,2021-03-07,2021-02-28,0.028383768233542828,3.844766172511144
crypto_equal_weight,crypto,equal_weight,2021-03-08,2021-02-28,0.017667051426591484,3.912691854204118
crypto_equal_weight,crypto,equal_weight,2021-03-09,2021-02-28,0.042932909720223386,4.080675100343717
crypto_equal_weight,crypto,equal_weight,2021-03-10,2021-02-28,-0.028226124243624442,3.96549345796355
crypto_equal_weight,crypto,equal_weight,2021-03-11,2021-02-28,0.0023940473055714564,3.974987036891849
crypto_equal_weight,crypto,equal_weight,2021-03-12,2021-02-28,-0.020080210825309995,3.8951684591631865
crypto_equal_weight,crypto,equal_weight,2021-03-13,2021-02-28,0.07880501646479615,4.202127273720697
crypto_equal_weight,crypto,equal_weight,2021-03-14,2021-02-28,-0.047991973695377325,4.000458892135665
crypto_equal_weight,crypto,equal_weight,2021-03-15,2021-02-28,-0.03623773511569324,3.855491322461233
crypto_equal_weight,crypto,equal_weight,2021-03-16,2021-02-28,0.04313253655506745,4.021788442865038
crypto_equal_weight,crypto,equal_weight,2021-03-17,2021-02-28,0.03066081182372897,4.145099741506571
crypto_equal_weight,crypto,equal_weight,2021-03-18,2021-02-28,-0.02291498038891239,4.050114862219862
crypto_equal_weight,crypto,equal_weight,2021-03-19,2021-02-28,0.019194399500747632,4.1278543849092255
crypto_equal_weight,crypto,equal_weight,2021-03-20,2021-02-28,0.01827007279656291,4.203270585015129
crypto_equal_weight,crypto,equal_weight,2021-03-21,2021-02-28,-0.016144502509962688,4.135410872505299
crypto_equal_weight,crypto,equal_weight,2021-03-22,2021-02-28,-0.02999483570511283,4.011369902811365
crypto_equal_weight,crypto,equal_weight,2021-03-23,2021-02-28,0.007114226187603335,4.03990769562211
crypto_equal_weight,crypto,equal_weight,2021-03-24,2021-02-28,-0.0667762833825415,3.7701376744999373
crypto_equal_weight,crypto,equal_weight,2021-03-25,2021-02-28,-0.0010923526180134258,3.7660193547409264
crypto_equal_weight,crypto,equal_weight,2021-03-26,2021-02-28,0.08749287264445914,4.095519206521842
crypto_equal_weight,crypto,equal_weight,2021-03-27,2021-02-28,-0.008717834840823146,4.059815146491966
crypto_equal_weight,crypto,equal_weight,2021-03-28,2021-02-28,0.004100426246299149,4.076462119073764
crypto_equal_weight,crypto,equal_weight,2021-03-29,2021-02-28,0.037739657887588596,4.230306404839323
crypto_equal_weight,crypto,equal_weight,2021-03-30,2021-02-28,0.013383750136438466,4.286923768762267
crypto_equal_weight,crypto,equal_weight,2021-03-31,2021-02-28,0.06639746310842415,4.571564631547286
crypto_equal_weight,crypto,equal_weight,2021-04-01,2021-03-31,0.028439295434994006,4.701576708704028
crypto_equal_weight,crypto,equal_weight,2021-04-02,2021-03-31,0.05350906897952605,4.953153701122606
crypto_equal_weight,crypto,equal_weight,2021-04-03,2021-03-31,-0.050500959073344384,4.703014688778229
crypto_equal_weight,crypto,equal_weight,2021-04-04,2021-03-31,0.08008234444670534,5.079643131022881
crypto_equal_weight,crypto,equal_weight,2021-04-05,2021-03-31,0.1124723293949645,5.650962426464156
crypto_equal_weight,crypto,equal_weight,2021-04-06,2021-03-31,0.034239733482870995,5.844449873868007
crypto_equal_weight,crypto,equal_weight,2021-04-07,2021-03-31,-0.07683383516515305,5.3953983756282335
crypto_equal_weight,crypto,equal_weight,2021-04-08,2021-03-31,0.06650800161559935,5.754235539511319
crypto_equal_weight,crypto,equal_weight,2021-04-09,2021-03-31,-0.026439087808186844,5.60209880081319
crypto_equal_weight,crypto,equal_weight,2021-04-10,2021-03-31,0.10208440271596672,6.173985710850038
crypto_equal_weight,crypto,equal_weight,2021-04-11,2021-03-31,0.01134172738606192,6.24400937366794
crypto_equal_weight,crypto,equal_weight,2021-04-12,2021-03-31,0.001162664288235427,6.2512690603821115
crypto_equal_weight,crypto,equal_weight,2021-04-13,2021-03-31,0.10969981126458485,6.937032096470167
crypto_equal_weight,crypto,equal_weight,2021-04-14,2021-03-31,0.02628859256885361,7.119396906891332
crypto_equal_weight,crypto,equal_weight,2021-04-15,2021-03-31,0.060911491093833904,7.553049988178913
crypto_equal_weight,crypto,equal_weight,2021-04-16,2021-03-31,0.050656624114549645,7.935662002348495
crypto_equal_weight,crypto,equal_weight,2021-04-17,2021-03-31,-0.03176555482050418,7.683581295975903
crypto_equal_weight,crypto,equal_weight,2021-04-18,2021-03-31,-0.07403361917153414,7.1147379644361
crypto_equal_weight,crypto,equal_weight,2021-04-19,2021-03-31,-0.06293211235912945,6.666992475452443
crypto_equal_weight,crypto,equal_weight,2021-04-20,2021-03-31,0.03341952255413645,6.889800180854085
crypto_equal_weight,crypto,equal_weight,2021-04-21,2021-03-31,-0.04142399100162268,6.604397160159407
crypto_equal_weight,crypto,equal_weight,2021-04-22,2021-03-31,-0.04904992826934678,6.280451953191311
crypto_equal_weight,crypto,equal_weight,2021-04-23,2021-03-31,-0.016415494666891482,6.177355227648031
crypto_equal_weight,crypto,equal_weight,2021-04-24,2021-03-31,-0.06806209030471672,5.756911518299537
crypto_equal_weight,crypto,equal_weight,2021-04-25,2021-03-31,-0.009028471809759443,5.7049354049452905
crypto_equal_weight,crypto,equal_weight,2021-04-26,2021-03-31,0.15086850243841624,6.565630465997286
crypto_equal_weight,crypto,equal_weight,2021-04-27,2021-03-31,0.0428384009368606,6.846891576302944
crypto_equal_weight,crypto,equal_weight,2021-04-28,2021-03-31,0.0015703408166000041,6.857643529612047
crypto_equal_weight,crypto,equal_weight,2021-04-29,2021-03-31,-0.010431513593727104,6.7861079279119645
crypto_equal_weight,crypto,equal_weight,2021-04-30,2021-03-31,0.07615810292228212,7.3029250339275995
crypto_equal_weight,crypto,equal_weight,2021-05-01,2021-04-30,0.03980355255574375,7.593607394326194
crypto_equal_weight,crypto,equal_weight,2021-05-02,2021-04-30,-0.014599904851997025,7.482741448885611
crypto_equal_weight,crypto,equal_weight,2021-05-03,2021-04-30,0.055476102519817626,7.897854780633278
crypto_equal_weight,crypto,equal_weight,2021-05-04,2021-04-30,-0.022319806048041905,7.721576193733942
crypto_equal_weight,crypto,equal_weight,2021-05-05,2021-04-30,0.23237817771357974,9.515901998710396
crypto_equal_weight,crypto,equal_weight,2021-05-06,2021-04-30,0.09504982199971372,10.42038678985454
crypto_equal_weight,crypto,equal_weight,2021-05-07,2021-04-30,-0.03738328711875315,10.030838478600945
crypto_equal_weight,crypto,equal_weight,2021-05-08,2021-04-30,0.01505247076056373,10.181827381504023
crypto_equal_weight,crypto,equal_weight,2021-05-09,2021-04-30,0.016957994597490093,10.354490755232144
crypto_equal_weight,crypto,equal_weight,2021-05-10,2021-04-30,-0.06333573003276818,9.698681524131967
crypto_equal_weight,crypto,equal_weight,2021-05-11,2021-04-30,0.12326469466551512,10.894186540862167
crypto_equal_weight,crypto,equal_weight,2021-05-12,2021-04-30,-0.17908713683757876,8.943177865084674
crypto_equal_weight,crypto,equal_weight,2021-05-13,2021-04-30,0.062101834705833046,9.498565618607028
crypto_equal_weight,crypto,equal_weight,2021-05-14,2021-04-30,0.05375639703224409,10.00917428323769
crypto_equal_weight,crypto,equal_weight,2021-05-15,2021-04-30,-0.03983153713712914,9.61049348606291
crypto_equal_weight,crypto,equal_weight,2021-05-16,2021-04-30,0.002874694021407677,9.638120714230073
crypto_equal_weight,crypto,equal_weight,2021-05-17,2021-04-30,-0.0662059129899039,9.000020132837566
crypto_equal_weight,crypto,equal_weight,2021-05-18,2021-04-30,0.01708008379277666,9.153741230843108
crypto_equal_weight,crypto,equal_weight,2021-05-19,2021-04-30,-0.30337348731353303,6.376738831676563
crypto_equal_weight,crypto,equal_weight,2021-05-20,2021-04-30,0.14700206982203626,7.31413263864757
crypto_equal_weight,crypto,equal_weight,2021-05-21,2021-04-30,-0.1408603473018848,6.283861374955623
crypto_equal_weight,crypto,equal_weight,2021-05-22,2021-04-30,-0.06160251327788787,5.896759721168512
crypto_equal_weight,crypto,equal_weight,2021-05-23,2021-04-30,-0.11290738224342238,5.230972017332922
crypto_equal_weight,crypto,equal_weight,2021-05-24,2021-04-30,0.25292356727981136,6.554008120297636
crypto_equal_weight,crypto,equal_weight,2021-05-25,2021-04-30,0.002828693352260958,6.572547399498187
crypto_equal_weight,crypto,equal_weight,2021-05-26,2021-04-30,0.07066872279801245,7.037020929750122
crypto_equal_weight,crypto,equal_weight,2021-05-27,2021-04-30,-0.03622452964270198,6.782108156484075
crypto_equal_weight,crypto,equal_weight,2021-05-28,2021-04-30,-0.08364161267040388,6.214841692970647
crypto_equal_weight,crypto,equal_weight,2021-05-29,2021-04-30,-0.05675666284012572,5.862108018397956
crypto_equal_weight,crypto,equal_weight,2021-05-30,2021-04-30,0.04599013554369838,6.13170716073588
crypto_equal_weight,crypto,equal_weight,2021-05-31,2021-04-30,0.09017948488864361,6.68466135397905
crypto_equal_weight,crypto,equal_weight,2021-06-01,2021-05-31,-0.019186745025294893,6.556404460999811
crypto_equal_weight,crypto,equal_weight,2021-06-02,2021-05-31,0.01568630356701275,6.659250211683171
crypto_equal_weight,crypto,equal_weight,2021-06-03,2021-05-31,0.03417599714809401,6.886836727926099
crypto_equal_weight,crypto,equal_weight,2021-06-04,2021-05-31,-0.07013513415978843,6.403827510076443
crypto_equal_weight,crypto,equal_weight,2021-06-05,2021-05-31,-0.03151695830923769,6.201998345421814
crypto_equal_weight,crypto,equal_weight,2021-06-06,2021-05-31,0.017874280878071483,6.312854605853218
crypto_equal_weight,crypto,equal_weight,2021-06-07,2021-05-31,-0.08261493454301594,5.791318535811078
crypto_equal_weight,crypto,equal_weight,2021-06-08,2021-05-31,-0.0010986656821033395,5.784955812881653
crypto_equal_weight,crypto,equal_weight,2021-06-09,2021-05-31,0.05692371448042062,6.114256985855977
crypto_equal_weight,crypto,equal_weight,2021-06-10,2021-05-31,-0.046790220968375595,5.828169550430342
crypto_equal_weight,crypto,equal_weight,2021-06-11,2021-05-31,-0.03461216578807621,5.626443979709829
crypto_equal_weight,crypto,equal_weight,2021-06-12,2021-05-31,-0.006108771207590479,5.592073320725457
crypto_equal_weight,crypto,equal_weight,2021-06-13,2021-05-31,0.06060711073488844,5.9309927277122805
crypto_equal_weight,crypto,equal_weight,2021-06-14,2021-05-31,0.012104542324334043,6.0027846802101905
crypto_equal_weight,crypto,equal_weight,2021-06-15,2021-05-31,0.012503131044355522,6.077838283697909
crypto_equal_weight,crypto,equal_weight,2021-06-16,2021-05-31,-0.06975206723694478,5.653896499078135
crypto_equal_weight,crypto,equal_weight,2021-06-17,2021-05-31,0.009720760770419102,5.708856674366383
crypto_equal_weight,crypto,equal_weight,2021-06-18,2021-05-31,-0.057720620884889655,5.37933792257911
crypto_equal_weight,crypto,equal_weight,2021-06-19,2021-05-31,-0.020498713298390713,5.269068416769
crypto_equal_weight,crypto,equal_weight,2021-06-20,2021-05-31,0.011456111133318937,5.329431450120566
crypto_equal_weight,crypto,equal_weight,2021-06-21,2021-05-31,-0.19019405150636529,4.315805290396693
crypto_equal_weight,crypto,equal_weight,2021-06-22,2021-05-31,-0.034837352458124686,4.165454060354504
crypto_equal_weight,crypto,equal_weight,2021-06-23,2021-05-31,0.08559700466060852,4.5220044509722195
crypto_equal_weight,crypto,equal_weight,2021-06-24,2021-05-31,0.06135694304332537,4.799460820512186
crypto_equal_weight,crypto,equal_weight,2021-06-25,2021-05-31,-0.08057487382765757,4.4127448704586305
crypto_equal_weight,crypto,equal_weight,2021-06-26,2021-05-31,0.01193602078641911,4.46541548495759
crypto_equal_weight,crypto,equal_weight,2021-06-27,2021-05-31,0.05340874980562807,4.703907743371867
crypto_equal_weight,crypto,equal_weight,2021-06-28,2021-05-31,0.018891398769319223,4.7927711403259945
crypto_equal_weight,crypto,equal_weight,2021-06-29,2021-05-31,0.07656251270863891,5.159717741666801
crypto_equal_weight,crypto,equal_weight,2021-06-30,2021-05-31,0.010229283835137902,5.212497958955508
crypto_equal_weight,crypto,equal_weight,2021-07-01,2021-06-30,-0.052857881690813346,4.936976358527431
crypto_equal_weight,crypto,equal_weight,2021-07-02,2021-06-30,0.006644821951439305,4.969781687408311
crypto_equal_weight,crypto,equal_weight,2021-07-03,2021-06-30,0.022742221109748103,5.082805561410527
crypto_equal_weight,crypto,equal_weight,2021-07-04,2021-06-30,0.021951839457896506,5.194382493090315
crypto_equal_weight,crypto,equal_weight,2021-07-05,2021-06-30,-0.04758275314865554,4.9472194731619
crypto_equal_weight,crypto,equal_weight,2021-07-06,2021-06-30,0.018173860759549763,5.037129551014078
crypto_equal_weight,crypto,equal_weight,2021-07-07,2021-06-30,-0.01356780382657763,4.968786765416862
crypto_equal_weight,crypto,equal_weight,2021-07-08,2021-06-30,-0.04999297514892138,4.720382332133087
crypto_equal_weight,crypto,equal_weight,2021-07-09,2021-06-30,0.03256800205560833,4.874115753629255
crypto_equal_weight,crypto,equal_weight,2021-07-10,2021-06-30,-0.01606017871014616,4.79583658357203
crypto_equal_weight,crypto,equal_weight,2021-07-11,2021-06-30,0.011050896895787088,4.848834879186128
crypto_equal_weight,crypto,equal_weight,2021-07-12,2021-06-30,-0.021458439480235236,4.744786449381459
crypto_equal_weight,crypto,equal_weight,2021-07-13,2021-06-30,-0.0327299161905157,4.5894899865513095
crypto_equal_weight,crypto,equal_weight,2021-07-14,2021-06-30,0.005343652094854679,4.614014624332259
crypto_equal_weight,crypto,equal_weight,2021-07-15,2021-06-30,-0.033657562374154494,4.458718139318535
crypto_equal_weight,crypto,equal_weight,2021-07-16,2021-06-30,-0.024511034175177374,4.349430346628215
crypto_equal_weight,crypto,equal_weight,2021-07-17,2021-06-30,-0.0020961608637220745,4.340313240956128
crypto_equal_weight,crypto,equal_weight,2021-07-18,2021-06-30,0.002949834020844978,4.3531164446154245
crypto_equal_weight,crypto,equal_weight,2021-07-19,2021-06-30,-0.048431026233618495,4.142290547888258
crypto_equal_weight,crypto,equal_weight,2021-07-20,2021-06-30,-0.039675775806226554,3.9779419567859926
crypto_equal_weight,crypto,equal_weight,2021-07-21,2021-06-30,0.08404642491288189,4.312273756764808
crypto_equal_weight,crypto,equal_weight,2021-07-22,2021-06-30,0.035105539490129026,4.463658453425162
crypto_equal_weight,crypto,equal_weight,2021-07-23,2021-06-30,0.030230782391342623,4.598598340799935
crypto_equal_weight,crypto,equal_weight,2021-07-24,2021-06-30,0.02087857317535161,4.6946105127623765
crypto_equal_weight,crypto,equal_weight,2021-07-25,2021-06-30,-0.001319182192164903,4.688417466174791
crypto_equal_weight,crypto,equal_weight,2021-07-26,2021-06-30,0.024043643109556534,4.801144102480109
crypto_equal_weight,crypto,equal_weight,2021-07-27,2021-06-30,0.026644279596079668,4.929067128327658
crypto_equal_weight,crypto,equal_weight,2021-07-28,2021-06-30,0.02586977610000846,5.0565809913194055
crypto_equal_weight,crypto,equal_weight,2021-07-29,2021-06-30,0.018439540828283675,5.149822022960362
crypto_equal_weight,crypto,equal_weight,2021-07-30,2021-06-30,0.029078546418512617,5.299571361702093
crypto_equal_weight,crypto,equal_weight,2021-07-31,2021-06-30,0.004980914127726711,5.325968071568491
crypto_equal_weight,crypto,equal_weight,2021-08-01,2021-07-31,-0.02275880745195085,5.204755389732426
crypto_equal_weight,crypto,equal_weight,2021-08-02,2021-07-31,0.010486102598031722,5.259332988746818
crypto_equal_weight,crypto,equal_weight,2021-08-03,2021-07-31,-0.015388954950252167,5.178397350314619
crypto_equal_weight,crypto,equal_weight,2021-08-04,2021-07-31,0.03586243098793669,5.364107267918391
crypto_equal_weight,crypto,equal_weight,2021-08-05,2021-07-31,0.0162912139985419,5.451495087331184
crypto_equal_weight,crypto,equal_weight,2021-08-06,2021-07-31,0.022413974415808856,5.573684758746533
crypto_equal_weight,crypto,equal_weight,2021-08-07,2021-07-31,0.07056124046525344,5.966970869285965
crypto_equal_weight,crypto,equal_weight,2021-08-08,2021-07-31,-0.04486792663548494,5.6992452580867665
crypto_equal_weight,crypto,equal_weight,2021-08-09,2021-07-31,0.053636190115404374,6.004931060263825
crypto_equal_weight,crypto,equal_weight,2021-08-10,2021-07-31,0.019223181862006014,6.120364942104086
crypto_equal_weight,crypto,equal_weight,2021-08-11,2021-07-31,0.06307775869864234,6.506423845069758
crypto_equal_weight,crypto,equal_weight,2021-08-12,2021-07-31,-0.021826703867775823,6.364410058565185
crypto_equal_weight,crypto,equal_weight,2021-08-13,2021-07-31,0.10036157544278568,7.0031522788066995
crypto_equal_weight,crypto,equal_weight,2021-08-14,2021-07-31,0.0461467226724572,7.326324804849779
crypto_equal_weight,crypto,equal_weight,2021-08-15,2021-07-31,0.018995419510658647,7.465491417989246
crypto_equal_weight,crypto,equal_weight,2021-08-16,2021-07-31,-0.044065728043762666,7.136519103451088
crypto_equal_weight,crypto,equal_weight,2021-08-17,2021-07-31,-0.06500531543194384,6.672607428045157
crypto_equal_weight,crypto,equal_weight,2021-08-18,2021-07-31,0.013070150055442398,6.759819408390767
crypto_equal_weight,crypto,equal_weight,2021-08-19,2021-07-31,0.061922290088710884,7.178402906744438
crypto_equal_weight,crypto,equal_weight,2021-08-20,2021-07-31,0.038683251853805764,7.456086874294125
crypto_equal_weight,crypto,equal_weight,2021-08-21,2021-07-31,-0.02392748511978322,7.277681466557641
crypto_equal_weight,crypto,equal_weight,2021-08-22,2021-07-31,0.018669111161964916,7.413549310858178
crypto_equal_weight,crypto,equal_weight,2021-08-23,2021-07-31,0.02087886156926002,7.5683357806564695
crypto_equal_weight,crypto,equal_weight,2021-08-24,2021-07-31,-0.06750241932459834,7.057454805201235
crypto_equal_weight,crypto,equal_weight,2021-08-25,2021-07-31,0.02174154514931408,7.210894777487762
crypto_equal_weight,crypto,equal_weight,2021-08-26,2021-07-31,-0.06146006562904986,6.7677127112191915
crypto_equal_weight,crypto,equal_weight,2021-08-27,2021-07-31,0.07269710012304198,7.2597057997906775
crypto_equal_weight,crypto,equal_weight,2021-08-28,2021-07-31,-0.010523062092153713,7.183311464888712
crypto_equal_weight,crypto,equal_weight,2021-08-29,2021-07-31,-4.223090773590763e-05,7.1830081071250005
crypto_equal_weight,crypto,equal_weight,2021-08-30,2021-07-31,-0.03427301946401956,6.936824730459295
crypto_equal_weight,crypto,equal_weight,2021-08-31,2021-07-31,0.03392646145784673,7.17216664731706
crypto_equal_weight,crypto,equal_weight,2021-09-01,2021-08-31,0.055449157188527144,7.569857243126456
crypto_equal_weight,crypto,equal_weight,2021-09-02,2021-08-31,0.011792504731032993,7.659124820479269
crypto_equal_weight,crypto,equal_weight,2021-09-03,2021-08-31,0.04657082039539469,8.01581654687972
crypto_equal_weight,crypto,equal_weight,2021-09-04,2021-08-31,-0.01021232958972138,7.933956386372241
crypto_equal_weight,crypto,equal_weight,2021-09-05,2021-08-31,0.05662671470017477,8.38323027110697
crypto_equal_weight,crypto,equal_weight,2021-09-06,2021-08-31,0.006357202425683396,8.436524162921515
crypto_equal_weight,crypto,equal_weight,2021-09-07,2021-08-31,-0.1676402725875514,7.022222952557888
crypto_equal_weight,crypto,equal_weight,2021-09-08,2021-08-31,0.0004307836574903972,7.025248011445104
crypto_equal_weight,crypto,equal_weight,2021-09-09,2021-08-31,0.0026730099125002794,7.044026569017469
crypto_equal_weight,crypto,equal_weight,2021-09-10,2021-08-31,-0.042101786452271174,6.747460466644571
crypto_equal_weight,crypto,equal_weight,2021-09-11,2021-08-31,0.0297849708151881,6.948433379720215
crypto_equal_weight,crypto,equal_weight,2021-09-12,2021-08-31,0.039008980675526675,7.2194846831549055
crypto_equal_weight,crypto,equal_weight,2021-09-13,2021-08-31,-0.04318674883721554,6.90769861140937
crypto_equal_weight,crypto,equal_weight,2021-09-14,2021-08-31,0.03937859648466578,7.179714087665746
crypto_equal_weight,crypto,equal_weight,2021-09-15,2021-08-31,0.033761799679333064,7.422114156448403
crypto_equal_weight,crypto,equal_weight,2021-09-16,2021-08-31,-0.02260339800954957,7.254349156097888
crypto_equal_weight,crypto,equal_weight,2021-09-17,2021-08-31,-0.02821032375523107,7.04970161777088
crypto_equal_weight,crypto,equal_weight,2021-09-18,2021-08-31,0.014642044853208722,7.152923665060019
crypto_equal_weight,crypto,equal_weight,2021-09-19,2021-08-31,-0.03591036263566109,6.896059582342512
crypto_equal_weight,crypto,equal_weight,2021-09-20,2021-08-31,-0.11422485591169483,6.108358170190976
crypto_equal_weight,crypto,equal_weight,2021-09-21,2021-08-31,-0.053436343716621634,5.7819498434644165
crypto_equal_weight,crypto,equal_weight,2021-09-22,2021-08-31,0.10935609613773782,6.414241306409889
crypto_equal_weight,crypto,equal_weight,2021-09-23,2021-08-31,0.016265769484927133,6.51857387692065
crypto_equal_weight,crypto,equal_weight,2021-09-24,2021-08-31,-0.062483391070832464,6.111271276144905
crypto_equal_weight,crypto,equal_weight,2021-09-25,2021-08-31,-0.004266625386774614,6.0851967709726384
crypto_equal_weight,crypto,equal_weight,2021-09-26,2021-08-31,-0.006350457317357294,6.046552988610856
crypto_equal_weight,crypto,equal_weight,2021-09-27,2021-08-31,-0.031077363869180544,5.858642061229515
crypto_equal_weight,crypto,equal_weight,2021-09-28,2021-08-31,-0.032985894716289745,5.665389511017372
crypto_equal_weight,crypto,equal_weight,2021-09-29,2021-08-31,0.025201653417809954,5.808166693950927
crypto_equal_weight,crypto,equal_weight,2021-09-30,2021-08-31,0.03985386657347911,6.0396445944081725
crypto_equal_weight,crypto,equal_weight,2021-10-01,2021-09-30,0.08583803887920276,6.558075841919548
crypto_equal_weight,crypto,equal_weight,2021-10-02,2021-09-30,0.013146846189772719,6.644293856314129
crypto_equal_weight,crypto,equal_weight,2021-10-03,2021-09-30,0.016058019141841507,6.750988054242842
crypto_equal_weight,crypto,equal_weight,2021-10-04,2021-09-30,-0.014839668744501799,6.650805627819789
crypto_equal_weight,crypto,equal_weight,2021-10-05,2021-09-30,0.03911206691222192,6.910932382555259
crypto_equal_weight,crypto,equal_weight,2021-10-06,2021-09-30,0.026312077457067155,7.092773370705607
crypto_equal_weight,crypto,equal_weight,2021-10-07,2021-09-30,-0.00638939697911447,7.047454825957277
crypto_equal_weight,crypto,equal_weight,2021-10-08,2021-09-30,-0.00968783863579299,6.9791802208103615
crypto_equal_weight,crypto,equal_weight,2021-10-09,2021-09-30,0.03901890283840528,7.251500175737881
crypto_equal_weight,crypto,equal_weight,2021-10-10,2021-09-30,-0.039372271971353526,6.965992138618412
crypto_equal_weight,crypto,equal_weight,2021-10-11,2021-09-30,0.01616616745924252,7.078605534051085
crypto_equal_weight,crypto,equal_weight,2021-10-12,2021-09-30,-0.02450992776943369,6.905109423703179
crypto_equal_weight,crypto,equal_weight,2021-10-13,2021-09-30,0.03190285056564602,7.125402097787015
crypto_equal_weight,crypto,equal_weight,2021-10-14,2021-09-30,0.008162714258494453,7.183564719088126
crypto_equal_weight,crypto,equal_weight,2021-10-15,2021-09-30,0.021102700113018336,7.335157331097502
crypto_equal_weight,crypto,equal_weight,2021-10-16,2021-09-30,0.0027205761676233464,7.355113185318254
crypto_equal_weight,crypto,equal_weight,2021-10-17,2021-09-30,-0.015497446977474582,7.24112770871546
crypto_equal_weight,crypto,equal_weight,2021-10-18,2021-09-30,-0.005306693572157262,7.20270126284845
crypto_equal_weight,crypto,equal_weight,2021-10-19,2021-09-30,0.012977207830322194,7.296172214076159
crypto_equal_weight,crypto,equal_weight,2021-10-20,2021-09-30,0.051224364064108824,7.669913995844431
crypto_equal_weight,crypto,equal_weight,2021-10-21,2021-09-30,-0.034430299987499836,7.405836556089184
crypto_equal_weight,crypto,equal_weight,2021-10-22,2021-09-30,-0.00945471394014179,7.335816489963917
crypto_equal_weight,crypto,equal_weight,2021-10-23,2021-09-30,0.01937153573278118,7.477922521228379
crypto_equal_weight,crypto,equal_weight,2021-10-24,2021-09-30,-0.01474130699186601,7.367688169681562
crypto_equal_weight,crypto,equal_weight,2021-10-25,2021-09-30,0.018419186895322202,7.503394995065382
crypto_equal_weight,crypto,equal_weight,2021-10-26,2021-09-30,-0.012946919667983727,7.406249142827119
crypto_equal_weight,crypto,equal_weight,2021-10-27,2021-09-30,-0.09185131642847817,6.725975409261159
crypto_equal_weight,crypto,equal_weight,2021-10-28,2021-09-30,0.05672900974304911,7.107533333784644
crypto_equal_weight,crypto,equal_weight,2021-10-29,2021-09-30,0.029088612824405093,7.314281619067658
crypto_equal_weight,crypto,equal_weight,2021-10-30,2021-09-30,-0.010681812392085375,7.236151835029899
crypto_equal_weight,crypto,equal_weight,2021-10-31,2021-09-30,0.01469324365427357,7.342474377061311
crypto_equal_weight,crypto,equal_weight,2021-11-01,2021-10-31,-0.004326641926342822,7.31070611957842
crypto_equal_weight,crypto,equal_weight,2021-11-02,2021-10-31,0.03306533584491416,7.55243707268575
crypto_equal_weight,crypto,equal_weight,2021-11-03,2021-10-31,0.01674063604824131,7.678869672996828
crypto_equal_weight,crypto,equal_weight,2021-11-04,2021-10-31,-0.025559105240697582,7.4826046348951
crypto_equal_weight,crypto,equal_weight,2021-11-05,2021-10-31,-0.010200996638369953,7.406274610168284
crypto_equal_weight,crypto,equal_weight,2021-11-06,2021-10-31,-0.004239194414665415,7.37487797220738
crypto_equal_weight,crypto,equal_weight,2021-11-07,2021-10-31,0.02388636074803092,7.551036967924232
crypto_equal_weight,crypto,equal_weight,2021-11-08,2021-10-31,0.06024640112859055,8.005959770030612
crypto_equal_weight,crypto,equal_weight,2021-11-09,2021-10-31,0.05803352156635903,8.470573809004087
crypto_equal_weight,crypto,equal_weight,2021-11-10,2021-10-31,-0.052120905365666895,8.029079833112087
crypto_equal_weight,crypto,equal_weight,2021-11-11,2021-10-31,0.011579788077556885,8.12205487603731
crypto_equal_weight,crypto,equal_weight,2021-11-12,2021-10-31,-0.021045339029769496,7.951123477552713
crypto_equal_weight,crypto,equal_weight,2021-11-13,2021-10-31,0.012155992174102792,8.047777272321168
crypto_equal_weight,crypto,equal_weight,2021-11-14,2021-10-31,0.011670347080749634,8.141697626317724
crypto_equal_weight,crypto,equal_weight,2021-11-15,2021-10-31,-0.014913367152786261,8.02027750036948
crypto_equal_weight,crypto,equal_weight,2021-11-16,2021-10-31,-0.0853953676242598,7.335382954776848
crypto_equal_weight,crypto,equal_weight,2021-11-17,2021-10-31,0.005029029807759611,7.372272814307752
crypto_equal_weight,crypto,equal_weight,2021-11-18,2021-10-31,-0.0665955079971689,6.881312561145209
crypto_equal_weight,crypto,equal_weight,2021-11-19,2021-10-31,0.050189937841265554,7.226685210855407
crypto_equal_weight,crypto,equal_weight,2021-11-20,2021-10-31,0.015769369693102133,7.340645481601059
crypto_equal_weight,crypto,equal_weight,2021-11-21,2021-10-31,-0.01876418665940255,7.2029042395837966
crypto_equal_weight,crypto,equal_weight,2021-11-22,2021-10-31,-0.03659805229489672,6.939291973548375
crypto_equal_weight,crypto,equal_weight,2021-11-23,2021-10-31,0.022414821540783163,7.094834964754851
crypto_equal_weight,crypto,equal_weight,2021-11-24,2021-10-31,-0.024994581710023545,6.917502532509154
crypto_equal_weight,crypto,equal_weight,2021-11-25,2021-10-31,0.009420096135543754,6.982666071383258
crypto_equal_weight,crypto,equal_weight,2021-11-26,2021-10-31,-0.06649545894871833,6.518350486280984
crypto_equal_weight,crypto,equal_weight,2021-11-27,2021-10-31,0.01136172499470266,6.592410191925195
crypto_equal_weight,crypto,equal_weight,2021-11-28,2021-10-31,0.021529982658934313,6.7343446690379265
crypto_equal_weight,crypto,equal_weight,2021-11-29,2021-10-31,0.01799870615317625,6.85555415987015
crypto_equal_weight,crypto,equal_weight,2021-11-30,2021-10-31,0.002987059510877522,6.8760321081257265
crypto_equal_weight,crypto,equal_weight,2021-12-01,2021-11-30,-0.004816033852340695,6.842916904723212
crypto_equal_weight,crypto,equal_weight,2021-12-02,2021-11-30,0.002977147809847015,6.863289279799074
crypto_equal_weight,crypto,equal_weight,2021-12-03,2021-11-30,-0.054804135310390995,6.48715264543461
crypto_equal_weight,crypto,equal_weight,2021-12-04,2021-11-30,-0.09966679308991833,5.840598944979362
crypto_equal_weight,crypto,equal_weight,2021-12-05,2021-11-30,-0.025153555791845417,5.69368711355903
crypto_equal_weight,crypto,equal_weight,2021-12-06,2021-11-30,0.040040442806494346,5.921664866787565
crypto_equal_weight,crypto,equal_weight,2021-12-07,2021-11-30,-0.00561240533147419,5.888430083318003
crypto_equal_weight,crypto,equal_weight,2021-12-08,2021-11-30,0.03731739189615065,6.108170936390264
crypto_equal_weight,crypto,equal_weight,2021-12-09,2021-11-30,-0.06974011815598742,5.682186373569439
crypto_equal_weight,crypto,equal_weight,2021-12-10,2021-11-30,-0.03764782144196946,5.468264435577305
crypto_equal_weight,crypto,equal_weight,2021-12-11,2021-11-30,0.06218584591167604,5.808313085172413
crypto_equal_weight,crypto,equal_weight,2021-12-12,2021-11-30,0.0005450006496776848,5.811478619577364
crypto_equal_weight,crypto,equal_weight,2021-12-13,2021-11-30,-0.08065923921980626,5.342729175380084
crypto_equal_weight,crypto,equal_weight,2021-12-14,2021-11-30,0.011911581619101386,5.406369530021378
crypto_equal_weight,crypto,equal_weight,2021-12-15,2021-11-30,0.04872903431115065,5.669816696348549
crypto_equal_weight,crypto,equal_weight,2021-12-16,2021-11-30,-0.03275391370957651,5.484108009527232
crypto_equal_weight,crypto,equal_weight,2021-12-17,2021-11-30,-0.024771957522853386,5.348255918864483
crypto_equal_weight,crypto,equal_weight,2021-12-18,2021-11-30,0.020225622720911687,5.4564277252943185
crypto_equal_weight,crypto,equal_weight,2021-12-19,2021-11-30,-0.0022465892681545643,5.444169373324211
crypto_equal_weight,crypto,equal_weight,2021-12-20,2021-11-30,0.002723934735745315,5.4589989353874895
crypto_equal_weight,crypto,equal_weight,2021-12-21,2021-11-30,0.03319664389737751,5.64021937908171
crypto_equal_weight,crypto,equal_weight,2021-12-22,2021-11-30,0.005615825220858106,5.6718938653219295
crypto_equal_weight,crypto,equal_weight,2021-12-23,2021-11-30,0.052881521190734665,5.9718322409525495
crypto_equal_weight,crypto,equal_weight,2021-12-24,2021-11-30,-0.025854589725139758,5.81743296845536
crypto_equal_weight,crypto,equal_weight,2021-12-25,2021-11-30,0.012088707351344341,5.8877582131470785
crypto_equal_weight,crypto,equal_weight,2021-12-26,2021-11-30,-0.0019257207082916449,5.876420035230606
crypto_equal_weight,crypto,equal_weight,2021-12-27,2021-11-30,0.006955401909512828,5.917292898364749
crypto_equal_weight,crypto,equal_weight,2021-12-28,2021-11-30,-0.06626174340482957,5.525202754682083
crypto_equal_weight,crypto,equal_weight,2021-12-29,2021-11-30,-0.028672470581785348,5.366781541240062
crypto_equal_weight,crypto,equal_weight,2021-12-30,2021-11-30,0.016974196767416672,5.45787834712881
crypto_equal_weight,crypto,equal_weight,2021-12-31,2021-11-30,-0.015267470914003977,5.374550348211849
crypto_equal_weight,crypto,equal_weight,2022-01-01,2021-12-31,0.029122690504778358,5.531071714605171
crypto_equal_weight,crypto,equal_weight,2022-01-02,2021-12-31,0.015540556191764499,5.617027645386672
crypto_equal_weight,crypto,equal_weight,2022-01-03,2021-12-31,-0.020728701930202716,5.500593953591744
crypto_equal_weight,crypto,equal_weight,2022-01-04,2021-12-31,-0.011764087452726647,5.435884485279751
crypto_equal_weight,crypto,equal_weight,2022-01-05,2021-12-31,-0.06206812715046753,5.098489315872154
crypto_equal_weight,crypto,equal_weight,2022-01-06,2021-12-31,-0.0008726027668847446,5.094040359988192
crypto_equal_weight,crypto,equal_weight,2022-01-07,2021-12-31,-0.040404478130600344,4.888218317666653
crypto_equal_weight,crypto,equal_weight,2022-01-08,2021-12-31,-0.020935419274153235,4.785881417682706
crypto_equal_weight,crypto,equal_weight,2022-01-09,2021-12-31,0.00938373839620118,4.830790876901482
crypto_equal_weight,crypto,equal_weight,2022-01-10,2021-12-31,-0.03018341787231781,4.6849810972101835
crypto_equal_weight,crypto,equal_weight,2022-01-11,2021-12-31,0.03416218451646136,4.845030285909212
crypto_equal_weight,crypto,equal_weight,2022-01-12,2021-12-31,0.05390506305509349,5.106201948974986
crypto_equal_weight,crypto,equal_weight,2022-01-13,2021-12-31,-0.034351553179315694,4.930795981180446
crypto_equal_weight,crypto,equal_weight,2022-01-14,2021-12-31,0.025946966258798363,5.058735178133153
crypto_equal_weight,crypto,equal_weight,2022-01-15,2021-12-31,0.008994754628404667,5.10423725979054
crypto_equal_weight,crypto,equal_weight,2022-01-16,2021-12-31,0.0065039051181924774,5.13743473462896
crypto_equal_weight,crypto,equal_weight,2022-01-17,2021-12-31,0.0004693788674268499,5.139846137926179
crypto_equal_weight,crypto,equal_weight,2022-01-18,2021-12-31,-0.015388287946141766,5.060752705556906
crypto_equal_weight,crypto,equal_weight,2022-01-19,2021-12-31,-0.02901244176166565,4.913927912416745
crypto_equal_weight,crypto,equal_weight,2022-01-20,2021-12-31,-0.04252286623358552,4.704973613115566
crypto_equal_weight,crypto,equal_weight,2022-01-21,2021-12-31,-0.115712541101666,4.160549160525678
crypto_equal_weight,crypto,equal_weight,2022-01-22,2021-12-31,-0.058859215279659136,3.9156625018046918
crypto_equal_weight,crypto,equal_weight,2022-01-23,2021-12-31,0.03875242717376981,4.067403927742939
crypto_equal_weight,crypto,equal_weight,2022-01-24,2021-12-31,-0.02866215906522481,3.950823349383451
crypto_equal_weight,crypto,equal_weight,2022-01-25,2021-12-31,0.0004887591135445128,3.9527543503014666
crypto_equal_weight,crypto,equal_weight,2022-01-26,2021-12-31,0.005058996734153465,3.9727513216505526
crypto_equal_weight,crypto,equal_weight,2022-01-27,2021-12-31,-0.008704446363619856,3.938170720855245
crypto_equal_weight,crypto,equal_weight,2022-01-28,2021-12-31,0.025426408633765198,4.03830425887324
crypto_equal_weight,crypto,equal_weight,2022-01-29,2021-12-31,0.014763887792000531,4.097925329821202
crypto_equal_weight,crypto,equal_weight,2022-01-30,2021-12-31,-0.017302280008297387,4.027021878311541
crypto_equal_weight,crypto,equal_weight,2022-01-31,2021-12-31,0.014535726144460118,4.085557565512427
crypto_equal_weight,crypto,equal_weight,2022-02-01,2022-01-31,0.023033684182255224,4.179663008184863
crypto_equal_weight,crypto,equal_weight,2022-02-02,2022-01-31,-0.0392681340350189,4.015535440958249
crypto_equal_weight,crypto,equal_weight,2022-02-03,2022-01-31,0.015430349548788726,4.077496556437784
crypto_equal_weight,crypto,equal_weight,2022-02-04,2022-01-31,0.08722734863520697,4.433165770125038
crypto_equal_weight,crypto,equal_weight,2022-02-05,2022-01-31,0.009422977778614994,4.474939392665843
crypto_equal_weight,crypto,equal_weight,2022-02-06,2022-01-31,0.02460039905956177,4.585024687492775
crypto_equal_weight,crypto,equal_weight,2022-02-07,2022-01-31,0.07049951598030696,4.908266708718775
crypto_equal_weight,crypto,equal_weight,2022-02-08,2022-01-31,-0.0025026088809162687,4.895983236863629
crypto_equal_weight,crypto,equal_weight,2022-02-09,2022-01-31,0.019764412626272824,4.992749469768317
crypto_equal_weight,crypto,equal_weight,2022-02-10,2022-01-31,-0.026291180600430487,4.861484191765935
crypto_equal_weight,crypto,equal_weight,2022-02-11,2022-01-31,-0.059878460105618043,4.570386004535186
crypto_equal_weight,crypto,equal_weight,2022-02-12,2022-01-31,0.004881581624613974,4.592696716872317
crypto_equal_weight,crypto,equal_weight,2022-02-13,2022-01-31,-0.00095955119053629,4.58828978926987
crypto_equal_weight,crypto,equal_weight,2022-02-14,2022-01-31,-0.004873680716226226,4.565927929803449
crypto_equal_weight,crypto,equal_weight,2022-02-15,2022-01-31,0.055317919791162566,4.818505564796546
crypto_equal_weight,crypto,equal_weight,2022-02-16,2022-01-31,-0.015403125009194408,4.744285521224485
crypto_equal_weight,crypto,equal_weight,2022-02-17,2022-01-31,-0.07783500010761192,4.375014057169436
crypto_equal_weight,crypto,equal_weight,2022-02-18,2022-01-31,-0.007808763498197357,4.34085060709571
crypto_equal_weight,crypto,equal_weight,2022-02-19,2022-01-31,0.005728448292466138,4.365716945343778
crypto_equal_weight,crypto,equal_weight,2022-02-20,2022-01-31,-0.04326270437002942,4.176844223774142
crypto_equal_weight,crypto,equal_weight,2022-02-21,2022-01-31,-0.0626345494325867,3.9152294677679467
crypto_equal_weight,crypto,equal_weight,2022-02-22,2022-01-31,0.03926797298390854,4.0689725927340605
crypto_equal_weight,crypto,equal_weight,2022-02-23,2022-01-31,-0.020894244531552655,3.9839544843892893
crypto_equal_weight,crypto,equal_weight,2022-02-24,2022-01-31,0.0018385094903915378,3.9912790225181265
crypto_equal_weight,crypto,equal_weight,2022-02-25,2022-01-31,0.04265680231986539,4.161534222785108
crypto_equal_weight,crypto,equal_weight,2022-02-26,2022-01-31,0.002904508069891176,4.173621432518315
crypto_equal_weight,crypto,equal_weight,2022-02-27,2022-01-31,-0.04140870790385847,4.000797161717881
crypto_equal_weight,crypto,equal_weight,2022-02-28,2022-01-31,0.10086406570540668,4.4043338295113985
crypto_equal_weight,crypto,equal_weight,2022-03-01,2022-02-28,0.003119622193887295,4.418073687075231
crypto_equal_weight,crypto,equal_weight,2022-03-02,2022-02-28,-0.018961438742063776,4.33430065349983
crypto_equal_weight,crypto,equal_weight,2022-03-03,2022-02-28,-0.01945143008743081,4.2499923073603725
crypto_equal_weight,crypto,equal_weight,2022-03-04,2022-02-28,-0.0696371325993718,3.954035029506408
crypto_equal_weight,crypto,equal_weight,2022-03-05,2022-02-28,0.0252353977196617,4.053816676073477
crypto_equal_weight,crypto,equal_weight,2022-03-06,2022-02-28,-0.036850288741983914,3.9044323610530993
crypto_equal_weight,crypto,equal_weight,2022-03-07,2022-02-28,-0.01777702786344355,3.8350231581797276
crypto_equal_weight,crypto,equal_weight,2022-03-08,2022-02-28,0.019149664845266434,3.908462566332705
crypto_equal_weight,crypto,equal_weight,2022-03-09,2022-02-28,0.06142501332371159,4.148539931544919
crypto_equal_weight,crypto,equal_weight,2022-03-10,2022-02-28,-0.04529719373610162,3.960622714543775
crypto_equal_weight,crypto,equal_weight,2022-03-11,2022-02-28,0.007251389353312222,3.989342731928504
crypto_equal_weight,crypto,equal_weight,2022-03-12,2022-02-28,-0.0003131008534325574,3.9880936653145027
crypto_equal_weight,crypto,equal_weight,2022-03-13,2022-02-28,-0.026829848389654968,3.8810937169103714
crypto_equal_weight,crypto,equal_weight,2022-03-14,2022-02-28,0.02583275771532407,3.9813530705697837
crypto_equal_weight,crypto,equal_weight,2022-03-15,2022-02-28,0.002887432540878421,3.9928489589824734
crypto_equal_weight,crypto,equal_weight,2022-03-16,2022-02-28,0.041546730983816206,4.158738780540329
crypto_equal_weight,crypto,equal_weight,2022-03-17,2022-02-28,-0.0021367286149943324,4.149852684385661
crypto_equal_weight,crypto,equal_weight,2022-03-18,2022-02-28,0.022870714126966354,4.24476277879927
crypto_equal_weight,crypto,equal_weight,2022-03-19,2022-02-28,0.04889256616829627,4.452300123830434
crypto_equal_weight,crypto,equal_weight,2022-03-20,2022-02-28,-0.0008807548129557864,4.448378739067647
crypto_equal_weight,crypto,equal_weight,2022-03-21,2022-02-28,0.023983811636451392,4.555067816833041
crypto_equal_weight,crypto,equal_weight,2022-03-22,2022-02-28,0.06288462575961844,4.8415115518042695
crypto_equal_weight,crypto,equal_weight,2022-03-23,2022-02-28,0.012081167675711223,4.90000266466551
crypto_equal_weight,crypto,equal_weight,2022-03-24,2022-02-28,0.02453322843609056,5.020215549375202
crypto_equal_weight,crypto,equal_weight,2022-03-25,2022-02-28,-0.011489590412916783,4.9625353289283245
crypto_equal_weight,crypto,equal_weight,2022-03-26,2022-02-28,0.009594654493158005,5.010149140819482
crypto_equal_weight,crypto,equal_weight,2022-03-27,2022-02-28,0.042547875454710636,5.2233203424725945
crypto_equal_weight,crypto,equal_weight,2022-03-28,2022-02-28,0.00445177065782223,5.24657336670962
crypto_equal_weight,crypto,equal_weight,2022-03-29,2022-02-28,0.013999177555741137,5.32002107882941
crypto_equal_weight,crypto,equal_weight,2022-03-30,2022-02-28,0.009501167971384695,5.370567492710676
crypto_equal_weight,crypto,equal_weight,2022-03-31,2022-02-28,-0.030772503417258255,5.205301686188621
crypto_equal_weight,crypto,equal_weight,2022-04-01,2022-03-31,0.013142468892550918,5.273712201675698
crypto_equal_weight,crypto,equal_weight,2022-04-02,2022-03-31,-0.010246088629816429,5.2196772790491845
crypto_equal_weight,crypto,equal_weight,2022-04-03,2022-03-31,0.019144810628382403,5.319607012097852
crypto_equal_weight,crypto,equal_weight,2022-04-04,2022-03-31,-0.006553388346854016,5.284745561494927
crypto_equal_weight,crypto,equal_weight,2022-04-05,2022-03-31,-0.028460521862655352,5.13433894490343
crypto_equal_weight,crypto,equal_weight,2022-04-06,2022-03-31,-0.09165544300198734,4.66374883438595
crypto_equal_weight,crypto,equal_weight,2022-04-07,2022-03-31,0.0361365525133895,4.832280639048996
crypto_equal_weight,crypto,equal_weight,2022-04-08,2022-03-31,-0.041862478758459706,4.629989393441891
crypto_equal_weight,crypto,equal_weight,2022-04-09,2022-03-31,0.01842106310011493,4.715278720211347
crypto_equal_weight,crypto,equal_weight,2022-04-10,2022-03-31,-0.01700182837889297,4.635110360651668
crypto_equal_weight,crypto,equal_weight,2022-04-11,2022-03-31,-0.08038746598850147,4.262505584181831
crypto_equal_weight,crypto,equal_weight,2022-04-12,2022-03-31,0.0283449435915488,4.383326064524127
crypto_equal_weight,crypto,equal_weight,2022-04-13,2022-03-31,0.037169341846512015,4.54625140944115
crypto_equal_weight,crypto,equal_weight,2022-04-14,2022-03-31,-0.02365856424583321,4.438693628393176
crypto_equal_weight,crypto,equal_weight,2022-04-15,2022-03-31,0.031038335249899563,4.576463289302836
crypto_equal_weight,crypto,equal_weight,2022-04-16,2022-03-31,0.014421413264668358,4.642462357688456
crypto_equal_weight,crypto,equal_weight,2022-04-17,2022-03-31,-0.03858365516907934,4.463339190943973
crypto_equal_weight,crypto,equal_weight,2022-04-18,2022-03-31,0.02228925033010376,4.562823675479086
crypto_equal_weight,crypto,equal_weight,2022-04-19,2022-03-31,0.021499995707293638,4.660924364915024
crypto_equal_weight,crypto,equal_weight,2022-04-20,2022-03-31,-0.012096637850906013,4.604542850822183
crypto_equal_weight,crypto,equal_weight,2022-04-21,2022-03-31,-0.02087785484930807,4.508409873535299
crypto_equal_weight,crypto,equal_weight,2022-04-22,2022-03-31,-0.011750225224195165,4.455435042118274
crypto_equal_weight,crypto,equal_weight,2022-04-23,2022-03-31,-0.012860547675251912,4.398135707345124
crypto_equal_weight,crypto,equal_weight,2022-04-24,2022-03-31,-0.013762498814561454,4.3376063698865055
crypto_equal_weight,crypto,equal_weight,2022-04-25,2022-03-31,0.010166299861651941,4.381703776924583
crypto_equal_weight,crypto,equal_weight,2022-04-26,2022-03-31,-0.06831752801509475,4.082356606390691
crypto_equal_weight,crypto,equal_weight,2022-04-27,2022-03-31,0.024420882858019202,4.182051358860019
crypto_equal_weight,crypto,equal_weight,2022-04-28,2022-03-31,0.00891174348381466,4.219320727806318
crypto_equal_weight,crypto,equal_weight,2022-04-29,2022-03-31,-0.03646867383836265,4.065447696364506
crypto_equal_weight,crypto,equal_weight,2022-04-30,2022-03-31,-0.05335987681911827,3.8485159080719282
crypto_equal_weight,crypto,equal_weight,2022-05-01,2022-04-30,0.047335770451658335,4.030688373675977
crypto_equal_weight,crypto,equal_weight,2022-05-02,2022-04-30,-0.00315057981370469,4.017989368250539
crypto_equal_weight,crypto,equal_weight,2022-05-03,2022-04-30,-0.01071209054727492,3.9749483023198517
crypto_equal_weight,crypto,equal_weight,2022-05-04,2022-04-30,0.09768777207422856,4.363252146083715
crypto_equal_weight,crypto,equal_weight,2022-05-05,2022-04-30,-0.08792760957755685,3.979601814894429
crypto_equal_weight,crypto,equal_weight,2022-05-06,2022-04-30,0.009911536356464601,4.019045782967008
crypto_equal_weight,crypto,equal_weight,2022-05-07,2022-04-30,-0.025861551667197516,3.9151070227979745
crypto_equal_weight,crypto,equal_weight,2022-05-08,2022-04-30,-0.019123252337417542,3.8402374432730135
crypto_equal_weight,crypto,equal_weight,2022-05-09,2022-04-30,-0.13858540201932165,3.3080365933473708
crypto_equal_weight,crypto,equal_weight,2022-05-10,2022-04-30,0.03548752611899278,3.4254306283563696
crypto_equal_weight,crypto,equal_weight,2022-05-11,2022-04-30,-0.14409244004091043,2.931851970925631
crypto_equal_weight,crypto,equal_weight,2022-05-12,2022-04-30,-0.04872558742882796,2.7889957613879126
crypto_equal_weight,crypto,equal_weight,2022-05-13,2022-04-30,0.06680643620759522,2.975318628804328
crypto_equal_weight,crypto,equal_weight,2022-05-14,2022-04-30,0.021150943771016485,3.038249425823026
crypto_equal_weight,crypto,equal_weight,2022-05-15,2022-04-30,0.041672055707046,3.1648595251478238
crypto_equal_weight,crypto,equal_weight,2022-05-16,2022-04-30,-0.059615598921542265,2.9761845290535884
crypto_equal_weight,crypto,equal_weight,2022-05-17,2022-04-30,0.04388035967930752,3.1067805766604506
crypto_equal_weight,crypto,equal_weight,2022-05-18,2022-04-30,-0.07934075845361611,2.860286249359248
crypto_equal_weight,crypto,equal_weight,2022-05-19,2022-04-30,0.047506905607711224,2.996169598218592
crypto_equal_weight,crypto,equal_weight,2022-05-20,2022-04-30,-0.031759637146683804,2.901012338949244
crypto_equal_weight,crypto,equal_weight,2022-05-21,2022-04-30,0.01647804411295526,2.948815348242677
crypto_equal_weight,crypto,equal_weight,2022-05-22,2022-04-30,0.03472782004763588,3.0512212770101557
crypto_equal_weight,crypto,equal_weight,2022-05-23,2022-04-30,-0.03280431624764311,2.951128049297577
crypto_equal_weight,crypto,equal_weight,2022-05-24,2022-04-30,0.03203904359740626,3.0456793695305504
crypto_equal_weight,crypto,equal_weight,2022-05-25,2022-04-30,-0.009345323136245276,3.0172165116528915
crypto_equal_weight,crypto,equal_weight,2022-05-26,2022-04-30,-0.05070413016976659,2.864231172895674
crypto_equal_weight,crypto,equal_weight,2022-05-27,2022-04-30,-0.028521641802323746,2.782538597343294
crypto_equal_weight,crypto,equal_weight,2022-05-28,2022-04-30,0.01804435320543567,2.832747706601514
crypto_equal_weight,crypto,equal_weight,2022-05-29,2022-04-30,0.02776182819934858,2.911389961764284
crypto_equal_weight,crypto,equal_weight,2022-05-30,2022-04-30,0.08357793585561524,3.1547179252393014
crypto_equal_weight,crypto,equal_weight,2022-05-31,2022-04-30,0.011728387575256226,3.1917176797571165
crypto_equal_weight,crypto,equal_weight,2022-06-01,2022-05-31,-0.0710803050374161,2.9648494134866668
crypto_equal_weight,crypto,equal_weight,2022-06-02,2022-05-31,0.0241083992323192,3.036327186810711
crypto_equal_weight,crypto,equal_weight,2022-06-03,2022-05-31,-0.026219979541748227,2.95671475009048
crypto_equal_weight,crypto,equal_weight,2022-06-04,2022-05-31,0.00729477174064296,2.9782833092945817
crypto_equal_weight,crypto,equal_weight,2022-06-05,2022-05-31,-0.004211390828016737,2.9657405942825834
crypto_equal_weight,crypto,equal_weight,2022-06-06,2022-05-31,0.02920144611179571,3.0523445084280914
crypto_equal_weight,crypto,equal_weight,2022-06-07,2022-05-31,-0.011969793902402003,3.015808573743078
crypto_equal_weight,crypto,equal_weight,2022-06-08,2022-05-31,-0.013612383477299804,2.974756230943159
crypto_equal_weight,crypto,equal_weight,2022-06-09,2022-05-31,-0.006290799584613548,2.9560426356812153
crypto_equal_weight,crypto,equal_weight,2022-06-10,2022-05-31,-0.052389569676345525,2.801176834052946
crypto_equal_weight,crypto,equal_weight,2022-06-11,2022-05-31,-0.05910299544008757,2.635618892403036
crypto_equal_weight,crypto,equal_weight,2022-06-12,2022-05-31,-0.05806915079641411,2.4825707414982063
crypto_equal_weight,crypto,equal_weight,2022-06-13,2022-05-31,-0.12649945561716172,2.1685268941675897
crypto_equal_weight,crypto,equal_weight,2022-06-14,2022-05-31,0.011680498107776514,2.1938563684515766
crypto_equal_weight,crypto,equal_weight,2022-06-15,2022-05-31,0.06542525357596153,2.3373899776667595
crypto_equal_weight,crypto,equal_weight,2022-06-16,2022-05-31,-0.1071884006610222,2.086848884239557
crypto_equal_weight,crypto,equal_weight,2022-06-17,2022-05-31,0.03646198203338853,2.1629395307630963
crypto_equal_weight,crypto,equal_weight,2022-06-18,2022-05-31,-0.042515413038375645,2.0709812632356726
crypto_equal_weight,crypto,equal_weight,2022-06-19,2022-05-31,0.07927452664115972,2.2351573225613914
crypto_equal_weight,crypto,equal_weight,2022-06-20,2022-05-31,0.0015757411640274664,2.2386793519626287
crypto_equal_weight,crypto,equal_weight,2022-06-21,2022-05-31,0.005971368768382867,2.252047331927362
crypto_equal_weight,crypto,equal_weight,2022-06-22,2022-05-31,-0.0359903608192278,2.1709953358693173
crypto_equal_weight,crypto,equal_weight,2022-06-23,2022-05-31,0.047340504070337984,2.2737713494037237
crypto_equal_weight,crypto,equal_weight,2022-06-24,2022-05-31,0.03819140914105865,2.360609881302018
crypto_equal_weight,crypto,equal_weight,2022-06-25,2022-05-31,0.007753439427377808,2.3789127270283625
crypto_equal_weight,crypto,equal_weight,2022-06-26,2022-05-31,-0.021408985862141752,2.3279826180881433
crypto_equal_weight,crypto,equal_weight,2022-06-27,2022-05-31,-0.006753675892738908,2.312260178001646
crypto_equal_weight,crypto,equal_weight,2022-06-28,2022-05-31,-0.043163800565628886,2.2124542408225376
crypto_equal_weight,crypto,equal_weight,2022-06-29,2022-05-31,-0.014634249838758707,2.180076632705519
crypto_equal_weight,crypto,equal_weight,2022-06-30,2022-05-31,-0.007364903002337223,2.164020579767981
crypto_equal_weight,crypto,equal_weight,2022-07-01,2022-06-30,-0.022743101604300778,2.11480403984852
crypto_equal_weight,crypto,equal_weight,2022-07-02,2022-06-30,0.010206534368909838,2.1363888599647436
crypto_equal_weight,crypto,equal_weight,2022-07-03,2022-06-30,0.006203747849250052,2.1496424777599117
crypto_equal_weight,crypto,equal_weight,2022-07-04,2022-06-30,0.03434928007958627,2.223481149299463
crypto_equal_weight,crypto,equal_weight,2022-07-05,2022-06-30,-0.019035901264224744,2.1811551816785335
crypto_equal_weight,crypto,equal_weight,2022-07-06,2022-06-30,0.01714929107079264,2.218560446759706
crypto_equal_weight,crypto,equal_weight,2022-07-07,2022-06-30,0.03818408898870451,2.303274156285599
crypto_equal_weight,crypto,equal_weight,2022-07-08,2022-06-30,-0.009716256354324614,2.2808949541288377
crypto_equal_weight,crypto,equal_weight,2022-07-09,2022-06-30,0.014113331687002916,2.3130859811596696
crypto_equal_weight,crypto,equal_weight,2022-07-10,2022-06-30,-0.039914641433941585,2.220759983615804
crypto_equal_weight,crypto,equal_weight,2022-07-11,2022-06-30,-0.055941769132582544,2.096526741313491
crypto_equal_weight,crypto,equal_weight,2022-07-12,2022-06-30,-0.023506154582261487,2.047245459646331
crypto_equal_weight,crypto,equal_weight,2022-07-13,2022-06-30,0.04427791375235155,2.137893217538444
crypto_equal_weight,crypto,equal_weight,2022-07-14,2022-06-30,0.023188826061356815,2.187468451497698
crypto_equal_weight,crypto,equal_weight,2022-07-15,2022-06-30,0.013295712298953434,2.2165524026918484
crypto_equal_weight,crypto,equal_weight,2022-07-16,2022-06-30,0.05154078995565462,2.3307952645046903
crypto_equal_weight,crypto,equal_weight,2022-07-17,2022-06-30,-0.0009481346380628366,2.3285853567801804
crypto_equal_weight,crypto,equal_weight,2022-07-18,2022-06-30,0.10792768941483928,2.5799041939426943
crypto_equal_weight,crypto,equal_weight,2022-07-19,2022-06-30,0.018286943077011588,2.6270827550814677
crypto_equal_weight,crypto,equal_weight,2022-07-20,2022-06-30,-0.03622962949559685,2.5319045202105945
crypto_equal_weight,crypto,equal_weight,2022-07-21,2022-06-30,0.024561258029602205,2.594091280437803
crypto_equal_weight,crypto,equal_weight,2022-07-22,2022-06-30,-0.007789360004250423,2.5738849695705857
crypto_equal_weight,crypto,equal_weight,2022-07-23,2022-06-30,0.007536720936223896,2.59328362230818
crypto_equal_weight,crypto,equal_weight,2022-07-24,2022-06-30,0.019692387162963055,2.644351567422044
crypto_equal_weight,crypto,equal_weight,2022-07-25,2022-06-30,-0.07276478282443084,2.4519358999071357
crypto_equal_weight,crypto,equal_weight,2022-07-26,2022-06-30,0.00427972286266034,2.462429506035746
crypto_equal_weight,crypto,equal_weight,2022-07-27,2022-06-30,0.10911298957386757,2.7311125510542085
crypto_equal_weight,crypto,equal_weight,2022-07-28,2022-06-30,0.07791692582964409,2.9439124451271095
crypto_equal_weight,crypto,equal_weight,2022-07-29,2022-06-30,-0.005829183344439626,2.9267518397344863
crypto_equal_weight,crypto,equal_weight,2022-07-30,2022-06-30,-0.004675670221653649,2.9130673133112697
crypto_equal_weight,crypto,equal_weight,2022-07-31,2022-06-30,-0.016465189612308164,2.8651031076441824
crypto_equal_weight,crypto,equal_weight,2022-08-01,2022-07-31,-0.012699082640371007,2.828718926507025
crypto_equal_weight,crypto,equal_weight,2022-08-02,2022-07-31,-0.018731547141342078,2.775732644585552
crypto_equal_weight,crypto,equal_weight,2022-08-03,2022-07-31,-0.005898263614123967,2.7593606417254573
crypto_equal_weight,crypto,equal_weight,2022-08-04,2022-07-31,0.00145208858553122,2.763367477816671
crypto_equal_weight,crypto,equal_weight,2022-08-05,2022-07-31,0.04574473649123465,2.8897769949178422
crypto_equal_weight,crypto,equal_weight,2022-08-06,2022-07-31,-0.00935114415814645,2.8627542736534703
crypto_equal_weight,crypto,equal_weight,2022-08-07,2022-07-31,0.006392427307688354,2.8810542222475743
crypto_equal_weight,crypto,equal_weight,2022-08-08,2022-07-31,0.0229447621169808,2.9471593260231677
crypto_equal_weight,crypto,equal_weight,2022-08-09,2022-07-31,-0.04364255068394753,2.818537775763533
crypto_equal_weight,crypto,equal_weight,2022-08-10,2022-07-31,0.05001775589284965,2.9595147102064487
crypto_equal_weight,crypto,equal_weight,2022-08-11,2022-07-31,0.013045285139439913,2.9981224234754587
crypto_equal_weight,crypto,equal_weight,2022-08-12,2022-07-31,0.014118240519318504,3.0404506369564475
crypto_equal_weight,crypto,equal_weight,2022-08-13,2022-07-31,0.007878268833164913,3.064404124448358
crypto_equal_weight,crypto,equal_weight,2022-08-14,2022-07-31,-0.012942023802462376,3.0247445333293834
crypto_equal_weight,crypto,equal_weight,2022-08-15,2022-07-31,-0.016734843725832005,2.9741259062535517
crypto_equal_weight,crypto,equal_weight,2022-08-16,2022-07-31,0.0020912661621048105,2.980345595123139
crypto_equal_weight,crypto,equal_weight,2022-08-17,2022-07-31,-0.006078541612463406,2.9622294404036613
crypto_equal_weight,crypto,equal_weight,2022-08-18,2022-07-31,-0.01733787946437029,2.9108706634201336
crypto_equal_weight,crypto,equal_weight,2022-08-19,2022-07-31,-0.10808945972908332,2.596236226069813
crypto_equal_weight,crypto,equal_weight,2022-08-20,2022-07-31,0.01436897110145091,2.6335414693747503
crypto_equal_weight,crypto,equal_weight,2022-08-21,2022-07-31,0.031694698941254096,2.717010773395891
crypto_equal_weight,crypto,equal_weight,2022-08-22,2022-07-31,0.02147356950618195,2.7753546930874524
crypto_equal_weight,crypto,equal_weight,2022-08-23,2022-07-31,0.014107231905767195,2.8145072653635963
crypto_equal_weight,crypto,equal_weight,2022-08-24,2022-07-31,-0.007648736420349411,2.7929798411376714
crypto_equal_weight,crypto,equal_weight,2022-08-25,2022-07-31,0.01094257699168686,2.8235422380855497
crypto_equal_weight,crypto,equal_weight,2022-08-26,2022-07-31,-0.07803359417007812,2.6032110889567077
crypto_equal_weight,crypto,equal_weight,2022-08-27,2022-07-31,0.002179284569379869,2.6088842267137093
crypto_equal_weight,crypto,equal_weight,2022-08-28,2022-07-31,-0.03357306115173309,2.521295997032458
crypto_equal_weight,crypto,equal_weight,2022-08-29,2022-07-31,0.04925487420357118,2.6454821141962594
crypto_equal_weight,crypto,equal_weight,2022-08-30,2022-07-31,-0.026894195820249902,2.5743340001780965
crypto_equal_weight,crypto,equal_weight,2022-08-31,2022-07-31,0.0032082975179153817,2.582593229561153
crypto_equal_weight,crypto,equal_weight,2022-09-01,2022-08-31,0.02437063798841811,2.6455326742301275
crypto_equal_weight,crypto,equal_weight,2022-09-02,2022-08-31,0.004941360554689911,2.658605205032712
crypto_equal_weight,crypto,equal_weight,2022-09-03,2022-08-31,0.0021444066227914943,2.664306335641772
crypto_equal_weight,crypto,equal_weight,2022-09-04,2022-08-31,0.009466664886264419,2.6895284308756437
crypto_equal_weight,crypto,equal_weight,2022-09-05,2022-08-31,0.031521784509391984,2.774307166505589
crypto_equal_weight,crypto,equal_weight,2022-09-06,2022-08-31,-0.07116981905963579,2.5768602274495356
crypto_equal_weight,crypto,equal_weight,2022-09-07,2022-08-31,0.05776727663863668,2.7257184250677127
crypto_equal_weight,crypto,equal_weight,2022-09-08,2022-08-31,0.005849298003899805,2.741661964410654
crypto_equal_weight,crypto,equal_weight,2022-09-09,2022-08-31,0.05861627705926811,2.9023679817194066
crypto_equal_weight,crypto,equal_weight,2022-09-10,2022-08-31,0.01834220726446272,2.9556038167978445
crypto_equal_weight,crypto,equal_weight,2022-09-11,2022-08-31,-0.011384277713285618,2.9219564021369706
crypto_equal_weight,crypto,equal_weight,2022-09-12,2022-08-31,-0.007453641423881051,2.900177186859228
crypto_equal_weight,crypto,equal_weight,2022-09-13,2022-08-31,-0.07111080127953139,2.693943263249051
crypto_equal_weight,crypto,equal_weight,2022-09-14,2022-08-31,0.021343579918086813,2.7514416565829984
crypto_equal_weight,crypto,equal_weight,2022-09-15,2022-08-31,-0.04826521767813676,2.618642726099327
crypto_equal_weight,crypto,equal_weight,2022-09-16,2022-08-31,0.013050713012939598,2.652817880801071
crypto_equal_weight,crypto,equal_weight,2022-09-17,2022-08-31,0.031041752444428396,2.735165996737051
crypto_equal_weight,crypto,equal_weight,2022-09-18,2022-08-31,-0.07844006705083154,2.520619392557842
crypto_equal_weight,crypto,equal_weight,2022-09-19,2022-08-31,0.022050621841714125,2.5762006175900263
crypto_equal_weight,crypto,equal_weight,2022-09-20,2022-08-31,0.00012092982397091551,2.576512157077225
crypto_equal_weight,crypto,equal_weight,2022-09-21,2022-08-31,-0.039127276267486556,2.475700254100727
crypto_equal_weight,crypto,equal_weight,2022-09-22,2022-08-31,0.06731721632356923,2.6423575036583404
crypto_equal_weight,crypto,equal_weight,2022-09-23,2022-08-31,0.011085161822327872,2.671648464178835
crypto_equal_weight,crypto,equal_weight,2022-09-24,2022-08-31,-0.021096523709983692,2.6152859690095447
crypto_equal_weight,crypto,equal_weight,2022-09-25,2022-08-31,-0.013323073667573293,2.5804423213826597
crypto_equal_weight,crypto,equal_weight,2022-09-26,2022-08-31,0.0026776526631443376,2.5873518496366
crypto_equal_weight,crypto,equal_weight,2022-09-27,2022-08-31,-0.01530393045398919,2.5477551968697614
crypto_equal_weight,crypto,equal_weight,2022-09-28,2022-08-31,-0.0012962799289126913,2.544452592944276
crypto_equal_weight,crypto,equal_weight,2022-09-29,2022-08-31,0.026085138651090946,2.6108249916223554
crypto_equal_weight,crypto,equal_weight,2022-09-30,2022-08-31,-0.004491731472247418,2.599097866838955
crypto_equal_weight,crypto,equal_weight,2022-10-01,2022-09-30,0.000853450568233294,2.6013160683903025
crypto_equal_weight,crypto,equal_weight,2022-10-02,2022-09-30,-0.025340823712240203,2.535396576481406
crypto_equal_weight,crypto,equal_weight,2022-10-03,2022-09-30,0.02177381961999727,2.5906018442028707
crypto_equal_weight,crypto,equal_weight,2022-10-04,2022-09-30,0.024596952998144017,2.654322756001634
crypto_equal_weight,crypto,equal_weight,2022-10-05,2022-09-30,-0.004256612742547317,2.643024331935604
crypto_equal_weight,crypto,equal_weight,2022-10-06,2022-09-30,-0.006072386991168044,2.6269748653650176
crypto_equal_weight,crypto,equal_weight,2022-10-07,2022-09-30,-0.0041997237012902245,2.6159422967602506
crypto_equal_weight,crypto,equal_weight,2022-10-08,2022-09-30,-0.0031627007461755177,2.607668854106335
crypto_equal_weight,crypto,equal_weight,2022-10-09,2022-09-30,0.010305532644744566,2.6345422706090114
crypto_equal_weight,crypto,equal_weight,2022-10-10,2022-09-30,-0.04378364997925048,2.519192393977127
crypto_equal_weight,crypto,equal_weight,2022-10-11,2022-09-30,-0.01811325390537241,2.473561622508536
crypto_equal_weight,crypto,equal_weight,2022-10-12,2022-09-30,0.0017588610791762658,2.4779122737733106
crypto_equal_weight,crypto,equal_weight,2022-10-13,2022-09-30,-0.016872170705753243,2.4361045148963263
crypto_equal_weight,crypto,equal_weight,2022-10-14,2022-09-30,0.0024026320207527047,2.4419575776097164
crypto_equal_weight,crypto,equal_weight,2022-10-15,2022-09-30,-0.007131151020167648,2.4245436093389388
crypto_equal_weight,crypto,equal_weight,2022-10-16,2022-09-30,0.011621146466186616,2.452719585736723
crypto_equal_weight,crypto,equal_weight,2022-10-17,2022-09-30,0.011846976355508422,2.4817768966756386
crypto_equal_weight,crypto,equal_weight,2022-10-18,2022-09-30,-0.015818455509828577,2.4425190192502546
crypto_equal_weight,crypto,equal_weight,2022-10-19,2022-09-30,-0.024324659241497005,2.3831055764161166
crypto_equal_weight,crypto,equal_weight,2022-10-20,2022-09-30,-0.0026196105162688108,2.376862767986758
crypto_equal_weight,crypto,equal_weight,2022-10-21,2022-09-30,0.013255302797449077,2.408368803684406
crypto_equal_weight,crypto,equal_weight,2022-10-22,2022-09-30,0.010854355840459342,2.4345100956746575
crypto_equal_weight,crypto,equal_weight,2022-10-23,2022-09-30,0.019051152137463643,2.4808903178875465
crypto_equal_weight,crypto,equal_weight,2022-10-24,2022-09-30,-0.020039312732326498,2.431174980952797
crypto_equal_weight,crypto,equal_weight,2022-10-25,2022-09-30,0.053188844301937294,2.560486368485461
crypto_equal_weight,crypto,equal_weight,2022-10-26,2022-09-30,0.023395554187381103,2.620390366065413
crypto_equal_weight,crypto,equal_weight,2022-10-27,2022-09-30,-0.021055507328959756,2.565216717507987
crypto_equal_weight,crypto,equal_weight,2022-10-28,2022-09-30,0.020022714690651536,2.616579319962339
crypto_equal_weight,crypto,equal_weight,2022-10-29,2022-09-30,0.01645220704709567,2.659627824689508
crypto_equal_weight,crypto,equal_weight,2022-10-30,2022-09-30,-0.02340182217984157,2.5973876872715653
crypto_equal_weight,crypto,equal_weight,2022-10-31,2022-09-30,0.0012976892075733603,2.6007582892412215
crypto_equal_weight,crypto,equal_weight,2022-11-01,2022-10-31,-0.004912792959008128,2.587981302229755
crypto_equal_weight,crypto,equal_weight,2022-11-02,2022-10-31,-0.014486227815160456,2.5504912155042794
crypto_equal_weight,crypto,equal_weight,2022-11-03,2022-10-31,0.015883857574179074,2.591002854715544
crypto_equal_weight,crypto,equal_weight,2022-11-04,2022-10-31,0.0685059505372958,2.7685019681226795
crypto_equal_weight,crypto,equal_weight,2022-11-05,2022-10-31,-0.0002099972671457117,2.767920590275286
crypto_equal_weight,crypto,equal_weight,2022-11-06,2022-10-31,-0.03910438366190772,2.6596827615674674
crypto_equal_weight,crypto,equal_weight,2022-11-07,2022-10-31,0.00012663336940262892,2.6600195661571067
crypto_equal_weight,crypto,equal_weight,2022-11-08,2022-10-31,-0.1167796687963813,2.3493833622293856
crypto_equal_weight,crypto,equal_weight,2022-11-09,2022-10-31,-0.14533737478270545,2.0079301520048007
crypto_equal_weight,crypto,equal_weight,2022-11-10,2022-10-31,0.15718182435819011,2.3235402764807334
crypto_equal_weight,crypto,equal_weight,2022-11-11,2022-10-31,-0.017450224027057114,2.2829939781202544
crypto_equal_weight,crypto,equal_weight,2022-11-12,2022-10-31,-0.031724200843263994,2.2105678186344053
crypto_equal_weight,crypto,equal_weight,2022-11-13,2022-10-31,-0.03424062873727751,2.1348765866579713
crypto_equal_weight,crypto,equal_weight,2022-11-14,2022-10-31,0.023508344251123928,2.185064000390791
crypto_equal_weight,crypto,equal_weight,2022-11-15,2022-10-31,0.014770586640126848,2.2173386775227857
crypto_equal_weight,crypto,equal_weight,2022-11-16,2022-10-31,-0.018455154464827005,2.1764173497282675
crypto_equal_weight,crypto,equal_weight,2022-11-17,2022-10-31,0.005198850055400295,2.1877322171874765
crypto_equal_weight,crypto,equal_weight,2022-11-18,2022-10-31,0.002262774809897816,2.1926825625393302
crypto_equal_weight,crypto,equal_weight,2022-11-19,2022-10-31,0.007957564572855102,2.2101309756185104
crypto_equal_weight,crypto,equal_weight,2022-11-20,2022-10-31,-0.04097185663900474,2.119577806132045
crypto_equal_weight,crypto,equal_weight,2022-11-21,2022-10-31,-0.013766519939743082,2.0903985960000915
crypto_equal_weight,crypto,equal_weight,2022-11-22,2022-10-31,0.03818765204158874,2.1702260102123687
crypto_equal_weight,crypto,equal_weight,2022-11-23,2022-10-31,0.04600819648222201,2.2700741949010483
crypto_equal_weight,crypto,equal_weight,2022-11-24,2022-10-31,0.010479537323239032,2.293863522153036
crypto_equal_weight,crypto,equal_weight,2022-11-25,2022-10-31,-0.006553732974283944,2.278830153149394
crypto_equal_weight,crypto,equal_weight,2022-11-26,2022-10-31,-0.003913906244352328,2.2699110255831645
crypto_equal_weight,crypto,equal_weight,2022-11-27,2022-10-31,-0.0016151355296764706,2.2662448116365406
crypto_equal_weight,crypto,equal_weight,2022-11-28,2022-10-31,-0.017932822384435165,2.2256046459498147
crypto_equal_weight,crypto,equal_weight,2022-11-29,2022-10-31,0.016379010998877487,2.2620578489249796
crypto_equal_weight,crypto,equal_weight,2022-11-30,2022-10-31,0.034122282916634196,2.3392444268197905
crypto_equal_weight,crypto,equal_weight,2022-12-01,2022-11-30,-0.02010211654273666,2.2922206627299118
crypto_equal_weight,crypto,equal_weight,2022-12-02,2022-11-30,0.00869650707204106,2.312154975934021
crypto_equal_weight,crypto,equal_weight,2022-12-03,2022-11-30,-0.019275456071140586,2.267587134265736
crypto_equal_weight,crypto,equal_weight,2022-12-04,2022-11-30,0.011134860482354781,2.2928364006373676
crypto_equal_weight,crypto,equal_weight,2022-12-05,2022-11-30,-0.0018791591478292896,2.2885277961406336
crypto_equal_weight,crypto,equal_weight,2022-12-06,2022-11-30,0.006433327246687715,2.303250644366347
crypto_equal_weight,crypto,equal_weight,2022-12-07,2022-11-30,-0.01939734123673914,2.2585737056638338
crypto_equal_weight,crypto,equal_weight,2022-12-08,2022-11-30,0.021648162393384764,2.3074676760214734
crypto_equal_weight,crypto,equal_weight,2022-12-09,2022-11-30,-0.0053859234080722695,2.295039831851819
crypto_equal_weight,crypto,equal_weight,2022-12-10,2022-11-30,-0.0004143165489538747,2.2940889588689743
crypto_equal_weight,crypto,equal_weight,2022-12-11,2022-11-30,-0.012363960479477366,2.265724933645113
crypto_equal_weight,crypto,equal_weight,2022-12-12,2022-11-30,-0.0025423718663757033,2.2599646183168676
crypto_equal_weight,crypto,equal_weight,2022-12-13,2022-11-30,0.022912054945997577,2.3117450518277542
crypto_equal_weight,crypto,equal_weight,2022-12-14,2022-11-30,-0.010998918446365037,2.2863183565339127
crypto_equal_weight,crypto,equal_weight,2022-12-15,2022-11-30,-0.0234077154992274,2.2328008669035055
crypto_equal_weight,crypto,equal_weight,2022-12-16,2022-11-30,-0.08042107349128047,2.053236624294864
crypto_equal_weight,crypto,equal_weight,2022-12-17,2022-11-30,0.014197022017520213,2.0823864698571573
crypto_equal_weight,crypto,equal_weight,2022-12-18,2022-11-30,-0.006549228491721326,2.068748445057994
crypto_equal_weight,crypto,equal_weight,2022-12-19,2022-11-30,-0.030900155037951897,2.00482379737118
crypto_equal_weight,crypto,equal_weight,2022-12-20,2022-11-30,0.03630442386762824,2.0776077702908515
crypto_equal_weight,crypto,equal_weight,2022-12-21,2022-11-30,-0.003591498772828528,2.070146044533433
crypto_equal_weight,crypto,equal_weight,2022-12-22,2022-11-30,0.006183164973579569,2.0829460990461865
crypto_equal_weight,crypto,equal_weight,2022-12-23,2022-11-30,-0.0010842824716702948,2.080687597101557
crypto_equal_weight,crypto,equal_weight,2022-12-24,2022-11-30,-0.0009345266149806465,2.0787431391646054
crypto_equal_weight,crypto,equal_weight,2022-12-25,2022-11-30,0.0003434715730120663,2.0794571283405023
crypto_equal_weight,crypto,equal_weight,2022-12-26,2022-11-30,0.01605461149027626,2.1128420046466947
crypto_equal_weight,crypto,equal_weight,2022-12-27,2022-11-30,-0.011762568229070092,2.087989556409793
crypto_equal_weight,crypto,equal_weight,2022-12-28,2022-11-30,-0.027080495320851314,2.031445764997451
crypto_equal_weight,crypto,equal_weight,2022-12-29,2022-11-30,-0.0006051108231715064,2.030216515178365
crypto_equal_weight,crypto,equal_weight,2022-12-30,2022-11-30,0.00041194725546174184,2.031052857299786
crypto_equal_weight,crypto,equal_weight,2022-12-31,2022-11-30,0.0012423581931927943,2.03357615245786
crypto_equal_weight,crypto,equal_weight,2023-01-01,2022-12-31,0.007755602914296445,2.049347761592306
crypto_equal_weight,crypto,equal_weight,2023-01-02,2022-12-31,0.01900434961362503,2.0882942829335063
crypto_equal_weight,crypto,equal_weight,2023-01-03,2022-12-31,-0.0027050635667062563,2.082645314152182
crypto_equal_weight,crypto,equal_weight,2023-01-04,2022-12-31,0.0370398709618052,2.159786227847587
crypto_equal_weight,crypto,equal_weight,2023-01-05,2022-12-31,-0.014915270707060857,2.1275724315898583
crypto_equal_weight,crypto,equal_weight,2023-01-06,2022-12-31,0.02399224989900126,2.178617681046788
crypto_equal_weight,crypto,equal_weight,2023-01-07,2022-12-31,-0.0033150493784421483,2.1713954558573705
crypto_equal_weight,crypto,equal_weight,2023-01-08,2022-12-31,0.02215294241808401,2.219498254357868
crypto_equal_weight,crypto,equal_weight,2023-01-09,2022-12-31,0.0273397797884958,2.2801788478729628
crypto_equal_weight,crypto,equal_weight,2023-01-10,2022-12-31,0.006023627086972294,2.2939137949441517
crypto_equal_weight,crypto,equal_weight,2023-01-11,2022-12-31,0.029362723562493698,2.361269351581288
crypto_equal_weight,crypto,equal_weight,2023-01-12,2022-12-31,0.025749110740923696,2.422069937604304
crypto_equal_weight,crypto,equal_weight,2023-01-13,2022-12-31,0.03391595944645198,2.5042167633845622
crypto_equal_weight,crypto,equal_weight,2023-01-14,2022-12-31,0.03433883214203748,2.590208642469701
crypto_equal_weight,crypto,equal_weight,2023-01-15,2022-12-31,-0.0026764894860901167,2.5832759762713513
crypto_equal_weight,crypto,equal_weight,2023-01-16,2022-12-31,-0.0045906479143469235,2.5714170657986988
crypto_equal_weight,crypto,equal_weight,2023-01-17,2022-12-31,-0.004905501990651051,2.558802974263629
crypto_equal_weight,crypto,equal_weight,2023-01-18,2022-12-31,-0.042835744481502354,2.4491947438795636
crypto_equal_weight,crypto,equal_weight,2023-01-19,2022-12-31,0.023740913258057026,2.5073408638460974
crypto_equal_weight,crypto,equal_weight,2023-01-20,2022-12-31,0.06451981663484795,2.669114036622509
crypto_equal_weight,crypto,equal_weight,2023-01-21,2022-12-31,-0.009632871913905806,2.643402802984116
crypto_equal_weight,crypto,equal_weight,2023-01-22,2022-12-31,0.009943629551392632,2.669687821212103
crypto_equal_weight,crypto,equal_weight,2023-01-23,2022-12-31,0.020945304673450772,2.725605246010391
crypto_equal_weight,crypto,equal_weight,2023-01-24,2022-12-31,-0.041702126622754424,2.611941710917622
crypto_equal_weight,crypto,equal_weight,2023-01-25,2022-12-31,0.030705961642368048,2.6921438929051593
crypto_equal_weight,crypto,equal_weight,2023-01-26,2022-12-31,-0.0017370736202734992,2.687467440766813
crypto_equal_weight,crypto,equal_weight,2023-01-27,2022-12-31,0.010663978155810237,2.7161265348496015
crypto_equal_weight,crypto,equal_weight,2023-01-28,2022-12-31,-0.008871756409081721,2.692029721856173
crypto_equal_weight,crypto,equal_weight,2023-01-29,2022-12-31,0.031850761979637036,2.7777729197691223
crypto_equal_weight,crypto,equal_weight,2023-01-30,2022-12-31,-0.04704284596112843,2.6470985761894297
crypto_equal_weight,crypto,equal_weight,2023-01-31,2022-12-31,0.01970616656237656,2.6992627416388486
crypto_equal_weight,crypto,equal_weight,2023-02-01,2023-01-31,0.025797610005811867,2.7688972691508664
crypto_equal_weight,crypto,equal_weight,2023-02-02,2023-01-31,-0.004085517910096636,2.757584889766533
crypto_equal_weight,crypto,equal_weight,2023-02-03,2023-01-31,0.01379533841056427,2.7956267065167206
crypto_equal_weight,crypto,equal_weight,2023-02-04,2023-01-31,0.0008217074966740401,2.797923893939368
crypto_equal_weight,crypto,equal_weight,2023-02-05,2023-01-31,-0.02148567616505739,2.7378086072197103
crypto_equal_weight,crypto,equal_weight,2023-02-06,2023-01-31,-0.017506770629490034,2.6898784199056713
crypto_equal_weight,crypto,equal_weight,2023-02-07,2023-01-31,0.03869117832630642,2.793952985526325
crypto_equal_weight,crypto,equal_weight,2023-02-08,2023-01-31,-0.015035624875278052,2.751944156516788
crypto_equal_weight,crypto,equal_weight,2023-02-09,2023-01-31,-0.05771134865422327,2.593125747823095
crypto_equal_weight,crypto,equal_weight,2023-02-10,2023-01-31,-0.0009264932442613169,2.5907232343362168
crypto_equal_weight,crypto,equal_weight,2023-02-11,2023-01-31,0.011119083825479523,2.6195297031474185
crypto_equal_weight,crypto,equal_weight,2023-02-12,2023-01-31,-0.014240155531741516,2.5822271927545826
crypto_equal_weight,crypto,equal_weight,2023-02-13,2023-01-31,-0.003184222497895306,2.5740048068327366
crypto_equal_weight,crypto,equal_weight,2023-02-14,2023-01-31,0.029872183904632733,2.650895951793853
crypto_equal_weight,crypto,equal_weight,2023-02-15,2023-01-31,0.06536374685986236,2.82416844373874
crypto_equal_weight,crypto,equal_weight,2023-02-16,2023-01-31,-0.0437863949888458,2.700508288746162
crypto_equal_weight,crypto,equal_weight,2023-02-17,2023-01-31,0.04882788616562266,2.8323684000583795
crypto_equal_weight,crypto,equal_weight,2023-02-18,2023-01-31,0.007887810379065562,2.8547095849216975
crypto_equal_weight,crypto,equal_weight,2023-02-19,2023-01-31,-0.010708115017883579,2.824141026343701
crypto_equal_weight,crypto,equal_weight,2023-02-20,2023-01-31,0.025052763815127686,2.894893564457302
crypto_equal_weight,crypto,equal_weight,2023-02-21,2023-01-31,-0.01918195592707385,2.8393638436903124
crypto_equal_weight,crypto,equal_weight,2023-02-22,2023-01-31,-0.007432613906955421,2.8182599484987936
crypto_equal_weight,crypto,equal_weight,2023-02-23,2023-01-31,-0.011735816425103698,2.7851853671049898
crypto_equal_weight,crypto,equal_weight,2023-02-24,2023-01-31,-0.03497155614609792,2.6877831006619872
crypto_equal_weight,crypto,equal_weight,2023-02-25,2023-01-31,-0.0024753412180666405,2.6811299203676957
crypto_equal_weight,crypto,equal_weight,2023-02-26,2023-01-31,0.017734774694643064,2.728679155432483
crypto_equal_weight,crypto,equal_weight,2023-02-27,2023-01-31,-0.004616748672202598,2.716081529564773
crypto_equal_weight,crypto,equal_weight,2023-02-28,2023-01-31,-0.012715198199124323,2.681546014591376
crypto_equal_weight,crypto,equal_weight,2023-03-01,2023-02-28,0.02613632945537423,2.751631784678482
crypto_equal_weight,crypto,equal_weight,2023-03-02,2023-02-28,-0.010070787872863439,2.723920684670756
crypto_equal_weight,crypto,equal_weight,2023-03-03,2023-02-28,-0.022607444872867956,2.6623397979539973
crypto_equal_weight,crypto,equal_weight,2023-03-04,2023-02-28,-0.018808995630489187,2.612263860327403
crypto_equal_weight,crypto,equal_weight,2023-03-05,2023-02-28,-0.0019956984813301547,2.6070505693085138
crypto_equal_weight,crypto,equal_weight,2023-03-06,2023-02-28,-0.00392180502006011,2.596826225298249
crypto_equal_weight,crypto,equal_weight,2023-03-07,2023-02-28,-0.008894546655637114,2.5737286332807514
crypto_equal_weight,crypto,equal_weight,2023-03-08,2023-02-28,-0.027210303066710507,2.5036966971577117
crypto_equal_weight,crypto,equal_weight,2023-03-09,2023-02-28,-0.060623633917362446,2.351913505149113
crypto_equal_weight,crypto,equal_weight,2023-03-10,2023-02-28,-0.004351473976778364,2.341679214735823
crypto_equal_weight,crypto,equal_weight,2023-03-11,2023-02-28,0.0018321938898936076,2.3459696250851527
crypto_equal_weight,crypto,equal_weight,2023-03-12,2023-02-28,0.0674362877377666,2.5041731077464555
crypto_equal_weight,crypto,equal_weight,2023-03-13,2023-02-28,0.043876827588640886,2.6140482794471582
crypto_equal_weight,crypto,equal_weight,2023-03-14,2023-02-28,0.020163527323838592,2.6667567133556243
crypto_equal_weight,crypto,equal_weight,2023-03-15,2023-02-28,-0.051929907197880154,2.528272284711743
crypto_equal_weight,crypto,equal_weight,2023-03-16,2023-02-28,0.018210966972107202,2.5743145677851222
crypto_equal_weight,crypto,equal_weight,2023-03-17,2023-02-28,0.06565744021574993,2.743337472616008
crypto_equal_weight,crypto,equal_weight,2023-03-18,2023-02-28,-0.022695728368747784,2.681075430513708
crypto_equal_weight,crypto,equal_weight,2023-03-19,2023-02-28,0.028497063352154364,2.757478206908962
crypto_equal_weight,crypto,equal_weight,2023-03-20,2023-02-28,-0.03439950547262127,2.662622320239763
crypto_equal_weight,crypto,equal_weight,2023-03-21,2023-02-28,0.07619108897481007,2.865490414347466
crypto_equal_weight,crypto,equal_weight,2023-03-22,2023-02-28,-0.04933245640002721,2.7241287334169737
crypto_equal_weight,crypto,equal_weight,2023-03-23,2023-02-28,0.04653891872498437,2.8509067391378604
crypto_equal_weight,crypto,equal_weight,2023-03-24,2023-02-28,-0.02724834724255758,2.7732242423536846
crypto_equal_weight,crypto,equal_weight,2023-03-25,2023-02-28,-0.0020463756958890474,2.767549183664882
crypto_equal_weight,crypto,equal_weight,2023-03-26,2023-02-28,0.013712003864556755,2.805497828766646
crypto_equal_weight,crypto,equal_weight,2023-03-27,2023-02-28,-0.019250616939979117,2.751490264739116
crypto_equal_weight,crypto,equal_weight,2023-03-28,2023-02-28,0.029880537619454882,2.833706273104217
crypto_equal_weight,crypto,equal_weight,2023-03-29,2023-02-28,0.028622737977524345,2.914814705264546
crypto_equal_weight,crypto,equal_weight,2023-03-30,2023-02-28,-0.00176075907499288,2.909682418820329
crypto_equal_weight,crypto,equal_weight,2023-03-31,2023-02-28,0.02249685501481828,2.975141122335696
crypto_equal_weight,crypto,equal_weight,2023-04-01,2023-03-31,-0.004093416876705502,2.9629626294549465
crypto_equal_weight,crypto,equal_weight,2023-04-02,2023-03-31,-0.007162079471210981,2.941741655632562
crypto_equal_weight,crypto,equal_weight,2023-04-03,2023-03-31,-0.0018588488543411666,2.9362734025262216
crypto_equal_weight,crypto,equal_weight,2023-04-04,2023-03-31,0.008769344303898264,2.962022594963353
crypto_equal_weight,crypto,equal_weight,2023-04-05,2023-03-31,0.004589962586101925,2.975618167853423
crypto_equal_weight,crypto,equal_weight,2023-04-06,2023-03-31,-0.008989619099706548,2.9488684939382543
crypto_equal_weight,crypto,equal_weight,2023-04-07,2023-03-31,-0.0007157523707202241,2.946757834322776
crypto_equal_weight,crypto,equal_weight,2023-04-08,2023-03-31,-0.007581287504680157,2.9244176159741064
crypto_equal_weight,crypto,equal_weight,2023-04-09,2023-03-31,0.0085751661116362,2.9494949828108794
crypto_equal_weight,crypto,equal_weight,2023-04-10,2023-03-31,0.023579695263970035,3.0190431756881684
crypto_equal_weight,crypto,equal_weight,2023-04-11,2023-03-31,0.0038228605318978985,3.0305845566886025
crypto_equal_weight,crypto,equal_weight,2023-04-12,2023-03-31,-0.004745178313501097,3.0162038925729724
crypto_equal_weight,crypto,equal_weight,2023-04-13,2023-03-31,0.023349721921274248,3.086631414722416
crypto_equal_weight,crypto,equal_weight,2023-04-14,2023-03-31,0.015352888933841125,3.1340201240123546
crypto_equal_weight,crypto,equal_weight,2023-04-15,2023-03-31,-0.00044104695463816903,3.132637873980884
crypto_equal_weight,crypto,equal_weight,2023-04-16,2023-03-31,0.007813593645352734,3.157115033366212
crypto_equal_weight,crypto,equal_weight,2023-04-17,2023-03-31,-0.023954347127940975,3.081488403934117
crypto_equal_weight,crypto,equal_weight,2023-04-18,2023-03-31,0.02048926563833755,3.1446258384037797
crypto_equal_weight,crypto,equal_weight,2023-04-19,2023-03-31,-0.07030638123951992,2.9235385753533185
crypto_equal_weight,crypto,equal_weight,2023-04-20,2023-03-31,-0.016593825169400268,2.875025887357908
crypto_equal_weight,crypto,equal_weight,2023-04-21,2023-03-31,-0.036250648570689395,2.770804334283662
crypto_equal_weight,crypto,equal_weight,2023-04-22,2023-03-31,0.027746816801226502,2.8476853345390754
crypto_equal_weight,crypto,equal_weight,2023-04-23,2023-03-31,-0.011357535930528784,2.815342646033208
crypto_equal_weight,crypto,equal_weight,2023-04-24,2023-03-31,-0.006202409007347477,2.7978807394466823
crypto_equal_weight,crypto,equal_weight,2023-04-25,2023-03-31,0.016867220618823685,2.845073211144087
crypto_equal_weight,crypto,equal_weight,2023-04-26,2023-03-31,-0.012759860883439278,2.8087704727666885
crypto_equal_weight,crypto,equal_weight,2023-04-27,2023-03-31,0.014932648311098052,2.85071285442311
crypto_equal_weight,crypto,equal_weight,2023-04-28,2023-03-31,0.003736322462608444,2.8613640368955378
crypto_equal_weight,crypto,equal_weight,2023-04-29,2023-03-31,0.005886241885930077,2.8782067177404063
crypto_equal_weight,crypto,equal_weight,2023-04-30,2023-03-31,-0.013803832708956977,2.8384764337069215
crypto_equal_weight,crypto,equal_weight,2023-05-01,2023-04-30,-0.017095930932513506,2.7899500366427006
crypto_equal_weight,crypto,equal_weight,2023-05-02,2023-04-30,0.013038566646803428,2.826326986136718
crypto_equal_weight,crypto,equal_weight,2023-05-03,2023-04-30,0.007033688642077718,2.8462064901579054
crypto_equal_weight,crypto,equal_weight,2023-05-04,2023-04-30,-0.010527365221955643,2.8162434349389125
crypto_equal_weight,crypto,equal_weight,2023-05-05,2023-04-30,0.0206916461158581,2.874516147470777
crypto_equal_weight,crypto,equal_weight,2023-05-06,2023-04-30,-0.029721123498456303,2.7890822980534913
crypto_equal_weight,crypto,equal_weight,2023-05-07,2023-04-30,-0.011481109989431838,2.757060537419962
crypto_equal_weight,crypto,equal_weight,2023-05-08,2023-04-30,-0.03585792627868483,2.658198063923286
crypto_equal_weight,crypto,equal_weight,2023-05-09,2023-04-30,0.016064871833109975,2.7009016751272346
crypto_equal_weight,crypto,equal_weight,2023-05-10,2023-04-30,-0.0016382682780426983,2.696476873590761
crypto_equal_weight,crypto,equal_weight,2023-05-11,2023-04-30,-0.02088555232312441,2.6401594647592863
crypto_equal_weight,crypto,equal_weight,2023-05-12,2023-04-30,0.006633145413243957,2.657672026403187
crypto_equal_weight,crypto,equal_weight,2023-05-13,2023-04-30,-0.006690148368844428,2.6398918062308225
crypto_equal_weight,crypto,equal_weight,2023-05-14,2023-04-30,0.009488724033330365,2.664941011057997
crypto_equal_weight,crypto,equal_weight,2023-05-15,2023-04-30,0.008324650956111014,2.6871257147936802
crypto_equal_weight,crypto,equal_weight,2023-05-16,2023-04-30,0.008422101567971952,2.7097569604895817
crypto_equal_weight,crypto,equal_weight,2023-05-17,2023-04-30,0.014914573072979956,2.75017182868682
crypto_equal_weight,crypto,equal_weight,2023-05-18,2023-04-30,-0.01162563308424376,2.718199340087883
crypto_equal_weight,crypto,equal_weight,2023-05-19,2023-04-30,0.003288349523594647,2.7271377295928962
crypto_equal_weight,crypto,equal_weight,2023-05-20,2023-04-30,0.0049119396708774635,2.7405332655948302
crypto_equal_weight,crypto,equal_weight,2023-05-21,2023-04-30,-0.010665021585102118,2.711305419162571
crypto_equal_weight,crypto,equal_weight,2023-05-22,2023-04-30,0.00852947908232017,2.7344314420211
crypto_equal_weight,crypto,equal_weight,2023-05-23,2023-04-30,0.008546689643816751,2.757801778908348
crypto_equal_weight,crypto,equal_weight,2023-05-24,2023-04-30,-0.02931162757569497,2.6769661202373976
crypto_equal_weight,crypto,equal_weight,2023-05-25,2023-04-30,0.0006137923240644661,2.67860922149378
crypto_equal_weight,crypto,equal_weight,2023-05-26,2023-04-30,0.013862260516455062,2.7157408003439056
crypto_equal_weight,crypto,equal_weight,2023-05-27,2023-04-30,0.008685536718812828,2.7393284667840705
crypto_equal_weight,crypto,equal_weight,2023-05-28,2023-04-30,0.027256993493929824,2.8139943249809405
crypto_equal_weight,crypto,equal_weight,2023-05-29,2023-04-30,-0.006321640644553051,2.7962052640825994
crypto_equal_weight,crypto,equal_weight,2023-05-30,2023-04-30,0.009550061586042524,2.8229091965618043
crypto_equal_weight,crypto,equal_weight,2023-05-31,2023-04-30,-0.010968334133005764,2.7919465852667793
crypto_equal_weight,crypto,equal_weight,2023-06-01,2023-05-31,-0.0070050480359822205,2.772388865323089
crypto_equal_weight,crypto,equal_weight,2023-06-02,2023-05-31,0.030470134154125517,2.8568639259768878
crypto_equal_weight,crypto,equal_weight,2023-06-03,2023-05-31,-0.0032645391579624763,2.847537581821566
crypto_equal_weight,crypto,equal_weight,2023-06-04,2023-05-31,0.0019090477931811847,2.852973667158143
crypto_equal_weight,crypto,equal_weight,2023-06-05,2023-05-31,-0.055567419705904994,2.6944412819852714
crypto_equal_weight,crypto,equal_weight,2023-06-06,2023-05-31,0.03446928333226702,2.787316741956179
crypto_equal_weight,crypto,equal_weight,2023-06-07,2023-05-31,-0.033975661274086084,2.6926158124678863
crypto_equal_weight,crypto,equal_weight,2023-06-08,2023-05-31,0.007310911144695709,2.7123012874196415
crypto_equal_weight,crypto,equal_weight,2023-06-09,2023-05-31,-0.011508540340358876,2.6810866586381654
crypto_equal_weight,crypto,equal_weight,2023-06-10,2023-05-31,-0.08270980281888682,2.4593345097618546
crypto_equal_weight,crypto,equal_weight,2023-06-11,2023-05-31,0.0016502033140609277,2.463392911720248
crypto_equal_weight,crypto,equal_weight,2023-06-12,2023-05-31,0.0004878984388572816,2.464594797276168
crypto_equal_weight,crypto,equal_weight,2023-06-13,2023-05-31,0.0022993820597000175,2.4702618423374547
crypto_equal_weight,crypto,equal_weight,2023-06-14,2023-05-31,-0.04317234608044321,2.363614843170749
crypto_equal_weight,crypto,equal_weight,2023-06-15,2023-05-31,0.0057891036915591046,2.377298054584773
crypto_equal_weight,crypto,equal_weight,2023-06-16,2023-05-31,0.011168012818247086,2.403847749731169
crypto_equal_weight,crypto,equal_weight,2023-06-17,2023-05-31,0.00953205851289305,2.4267613671376926
crypto_equal_weight,crypto,equal_weight,2023-06-18,2023-05-31,-0.005460914609440514,2.4135090305342644
crypto_equal_weight,crypto,equal_weight,2023-06-19,2023-05-31,0.006550246328475962,2.4293181092002647
crypto_equal_weight,crypto,equal_weight,2023-06-20,2023-05-31,0.02715189615430728,2.4952787022270484
crypto_equal_weight,crypto,equal_weight,2023-06-21,2023-05-31,0.06914386829461867,2.6678119241722023
crypto_equal_weight,crypto,equal_weight,2023-06-22,2023-05-31,-0.003644103283823708,2.658090141978702
crypto_equal_weight,crypto,equal_weight,2023-06-23,2023-05-31,0.07470161177942011,2.856653759839499
crypto_equal_weight,crypto,equal_weight,2023-06-24,2023-05-31,0.011652634564868595,2.8899413021812665
crypto_equal_weight,crypto,equal_weight,2023-06-25,2023-05-31,-0.01086883664227928,2.8585310022620822
crypto_equal_weight,crypto,equal_weight,2023-06-26,2023-05-31,0.005978334015964881,2.875620255388596
crypto_equal_weight,crypto,equal_weight,2023-06-27,2023-05-31,0.02263140143154352,2.9406995717529734
crypto_equal_weight,crypto,equal_weight,2023-06-28,2023-05-31,-0.03996466241134235,2.8231755061146866
crypto_equal_weight,crypto,equal_weight,2023-06-29,2023-05-31,0.029699728716752083,2.9070230527660725
crypto_equal_weight,crypto,equal_weight,2023-06-30,2023-05-31,0.09404904955033085,3.180425807899623
crypto_equal_weight,crypto,equal_weight,2023-07-01,2023-06-30,-0.0018449409424392109,3.174558110112238
crypto_equal_weight,crypto,equal_weight,2023-07-02,2023-06-30,0.005238620849933817,3.1911884164171984
crypto_equal_weight,crypto,equal_weight,2023-07-03,2023-06-30,-0.005122109370999129,3.174842800324844
crypto_equal_weight,crypto,equal_weight,2023-07-04,2023-06-30,-0.019442579812504756,3.1131156657873724
crypto_equal_weight,crypto,equal_weight,2023-07-05,2023-06-30,-0.015160100684215772,3.0659205188524266
crypto_equal_weight,crypto,equal_weight,2023-07-06,2023-06-30,-0.025132335253464932,2.9888667765121504
crypto_equal_weight,crypto,equal_weight,2023-07-07,2023-06-30,0.01796298117539279,3.0425557341543947
crypto_equal_weight,crypto,equal_weight,2023-07-08,2023-06-30,0.0015316509312837676,3.0472158674780947
crypto_equal_weight,crypto,equal_weight,2023-07-09,2023-06-30,-0.013726282828247383,3.005388920642367
crypto_equal_weight,crypto,equal_weight,2023-07-10,2023-06-30,0.012686976892272451,3.0435182204308484
crypto_equal_weight,crypto,equal_weight,2023-07-11,2023-06-30,0.0002996987373478531,3.0444303589986066
crypto_equal_weight,crypto,equal_weight,2023-07-12,2023-06-30,-0.004325411937046786,3.0312619435822863
crypto_equal_weight,crypto,equal_weight,2023-07-13,2023-06-30,0.19549932848969684,3.6238716180289967
crypto_equal_weight,crypto,equal_weight,2023-07-14,2023-06-30,-0.06154752460039317,3.4008312904696907
crypto_equal_weight,crypto,equal_weight,2023-07-15,2023-06-30,-0.010010406055538589,3.3667875883257077
crypto_equal_weight,crypto,equal_weight,2023-07-16,2023-06-30,-0.0053807677283610475,3.348671686322198
crypto_equal_weight,crypto,equal_weight,2023-07-17,2023-06-30,-0.004097995284557188,3.3349488455421192
crypto_equal_weight,crypto,equal_weight,2023-07-18,2023-06-30,0.0006437713452430392,3.3370957900467304
crypto_equal_weight,crypto,equal_weight,2023-07-19,2023-06-30,0.029475186809692955,3.4354573118601976
crypto_equal_weight,crypto,equal_weight,2023-07-20,2023-06-30,-0.0002528017318526702,3.4345888223020533
crypto_equal_weight,crypto,equal_weight,2023-07-21,2023-06-30,-0.0015039225025845094,3.4294234668850683
crypto_equal_weight,crypto,equal_weight,2023-07-22,2023-06-30,-0.012805089144875936,3.3855093936760756
crypto_equal_weight,crypto,equal_weight,2023-07-23,2023-06-30,0.013126348690180534,3.4299487704713494
crypto_equal_weight,crypto,equal_weight,2023-07-24,2023-06-30,-0.03911088820428194,3.29580042756303
crypto_equal_weight,crypto,equal_weight,2023-07-25,2023-06-30,0.0004515707248740953,3.297288714551145
crypto_equal_weight,crypto,equal_weight,2023-07-26,2023-06-30,0.01536213004313094,3.347942092573828
crypto_equal_weight,crypto,equal_weight,2023-07-27,2023-06-30,0.0022443134630713455,3.3554559240857746
crypto_equal_weight,crypto,equal_weight,2023-07-28,2023-06-30,0.007462819176447867,3.3804970849017675
crypto_equal_weight,crypto,equal_weight,2023-07-29,2023-06-30,0.003363640436718895,3.3918678615927536
crypto_equal_weight,crypto,equal_weight,2023-07-30,2023-06-30,-0.0018887354070578283,3.3854615206665017
crypto_equal_weight,crypto,equal_weight,2023-07-31,2023-06-30,-0.01723273511035757,3.3271207590545475
crypto_equal_weight,crypto,equal_weight,2023-08-01,2023-07-31,0.008097901202082248,3.3540634542487684
crypto_equal_weight,crypto,equal_weight,2023-08-02,2023-07-31,-0.03714694707929564,3.22947023661319
crypto_equal_weight,crypto,equal_weight,2023-08-03,2023-07-31,-0.01737553628357058,3.1733564593402064
crypto_equal_weight,crypto,equal_weight,2023-08-04,2023-07-31,-0.007302872222976842,3.1501818425996864
crypto_equal_weight,crypto,equal_weight,2023-08-05,2023-07-31,0.004349784985149952,3.1638844562791184
crypto_equal_weight,crypto,equal_weight,2023-08-06,2023-07-31,-0.005434122335717784,3.1466915210876216
crypto_equal_weight,crypto,equal_weight,2023-08-07,2023-07-31,0.00701631019083232,3.1687696848744342
crypto_equal_weight,crypto,equal_weight,2023-08-08,2023-07-31,0.014720931908673896,3.215416927639741
crypto_equal_weight,crypto,equal_weight,2023-08-09,2023-07-31,-0.002395454912777484,3.2077145413637984
crypto_equal_weight,crypto,equal_weight,2023-08-10,2023-07-31,-0.010313452290058632,3.1746319304813153
crypto_equal_weight,crypto,equal_weight,2023-08-11,2023-07-31,-0.002505354091861368,3.16667835338413
crypto_equal_weight,crypto,equal_weight,2023-08-12,2023-07-31,-3.937036608947396e-06,3.166665886055524
crypto_equal_weight,crypto,equal_weight,2023-08-13,2023-07-31,-0.006202337709924489,3.1470251548157107
crypto_equal_weight,crypto,equal_weight,2023-08-14,2023-07-31,0.0019515992508783106,3.153166886750344
crypto_equal_weight,crypto,equal_weight,2023-08-15,2023-07-31,-0.028483106955607816,3.063354897066153
crypto_equal_weight,crypto,equal_weight,2023-08-16,2023-07-31,-0.03890073461971866,2.944188141169367
crypto_equal_weight,crypto,equal_weight,2023-08-17,2023-07-31,-0.08842940887497386,2.683835324229052
crypto_equal_weight,crypto,equal_weight,2023-08-18,2023-07-31,0.006166164594595425,2.7003842945830376
crypto_equal_weight,crypto,equal_weight,2023-08-19,2023-07-31,0.01446029421699644,2.739432645981665
crypto_equal_weight,crypto,equal_weight,2023-08-20,2023-07-31,0.016883672615801638,2.7856843299294587
crypto_equal_weight,crypto,equal_weight,2023-08-21,2023-07-31,-0.009879608817271868,2.7581628584613513
crypto_equal_weight,crypto,equal_weight,2023-08-22,2023-07-31,-0.014368192690346893,2.7185330430396206
crypto_equal_weight,crypto,equal_weight,2023-08-23,2023-07-31,0.03150211746919023,2.8041725903053303
crypto_equal_weight,crypto,equal_weight,2023-08-24,2023-07-31,-0.012132670149970026,2.770150489223569
crypto_equal_weight,crypto,equal_weight,2023-08-25,2023-07-31,-0.001097954023416292,2.7671089913484574
crypto_equal_weight,crypto,equal_weight,2023-08-26,2023-07-31,-0.005586021939540321,2.751651859813686
crypto_equal_weight,crypto,equal_weight,2023-08-27,2023-07-31,0.009236659750104226,2.777067931793526
crypto_equal_weight,crypto,equal_weight,2023-08-28,2023-07-31,-0.005905699793415332,2.7606674022824325
crypto_equal_weight,crypto,equal_weight,2023-08-29,2023-07-31,0.05507035060377845,2.912698324026548
crypto_equal_weight,crypto,equal_weight,2023-08-30,2023-07-31,-0.022248078588893397,2.847896382807867
crypto_equal_weight,crypto,equal_weight,2023-08-31,2023-07-31,-0.03801269052597048,2.7396401789581613
crypto_equal_weight,crypto,equal_weight,2023-09-01,2023-08-31,-0.012928701106311181,2.7042201899455702
crypto_equal_weight,crypto,equal_weight,2023-09-02,2023-08-31,0.0021511719438193524,2.7100374325480914
crypto_equal_weight,crypto,equal_weight,2023-09-03,2023-08-31,0.006164628955449203,2.7267438077751285
crypto_equal_weight,crypto,equal_weight,2023-09-04,2023-08-31,0.003160991113200329,2.7353630207194795
crypto_equal_weight,crypto,equal_weight,2023-09-05,2023-08-31,-0.001604615569630974,2.73097381462784
crypto_equal_weight,crypto,equal_weight,2023-09-06,2023-08-31,0.0014576500461318863,2.734954618734717
crypto_equal_weight,crypto,equal_weight,2023-09-07,2023-08-31,0.007585107840102845,2.755699544455607
crypto_equal_weight,crypto,equal_weight,2023-09-08,2023-08-31,-0.00505856760002702,2.741759652024615
crypto_equal_weight,crypto,equal_weight,2023-09-09,2023-08-31,0.003653019516587175,2.751775353543252
crypto_equal_weight,crypto,equal_weight,2023-09-10,2023-08-31,-0.01358203824648161,2.7144006354457018
crypto_equal_weight,crypto,equal_weight,2023-09-11,2023-08-31,-0.03317390146200886,2.624353376237012
crypto_equal_weight,crypto,equal_weight,2023-09-12,2023-08-31,0.020236277370025094,2.677460519075506
crypto_equal_weight,crypto,equal_weight,2023-09-13,2023-08-31,0.0109101377122229,2.7066719820576597
crypto_equal_weight,crypto,equal_weight,2023-09-14,2023-08-31,0.015075647116377934,2.7474768137189485
crypto_equal_weight,crypto,equal_weight,2023-09-15,2023-08-31,0.017594204754288658,2.7958164833371804
crypto_equal_weight,crypto,equal_weight,2023-09-16,2023-08-31,-0.0038962074747921236,2.784923402256655
crypto_equal_weight,crypto,equal_weight,2023-09-17,2023-08-31,-0.01639326751851299,2.7392694079048945
crypto_equal_weight,crypto,equal_weight,2023-09-18,2023-08-31,0.01968908084512331,2.793203104733707
crypto_equal_weight,crypto,equal_weight,2023-09-19,2023-08-31,0.011995626949226115,2.8267093271715127
crypto_equal_weight,crypto,equal_weight,2023-09-20,2023-08-31,-0.010665434056974477,2.7965612452443303
crypto_equal_weight,crypto,equal_weight,2023-09-21,2023-08-31,-0.01980039929133833,2.74118821594581
crypto_equal_weight,crypto,equal_weight,2023-09-22,2023-08-31,0.0012225372952483827,2.744539420773099
crypto_equal_weight,crypto,equal_weight,2023-09-23,2023-08-31,0.002578142625176427,2.7516152348402714
crypto_equal_weight,crypto,equal_weight,2023-09-24,2023-08-31,-0.013020335411775554,2.7157882815584995
crypto_equal_weight,crypto,equal_weight,2023-09-25,2023-08-31,0.00871039004850741,2.73944385678004
crypto_equal_weight,crypto,equal_weight,2023-09-26,2023-08-31,-0.003099137163124954,2.7309539445171986
crypto_equal_weight,crypto,equal_weight,2023-09-27,2023-08-31,0.009322785106952891,2.7564140412789175
crypto_equal_weight,crypto,equal_weight,2023-09-28,2023-08-31,0.025073324420569507,2.8255265047733165
crypto_equal_weight,crypto,equal_weight,2023-09-29,2023-08-31,0.005434094670924461,2.8408806832954605
crypto_equal_weight,crypto,equal_weight,2023-09-30,2023-08-31,0.004049637744505442,2.85238522093817
crypto_equal_weight,crypto,equal_weight,2023-10-01,2023-09-30,0.029508245626091827,2.9365541046578474
crypto_equal_weight,crypto,equal_weight,2023-10-02,2023-09-30,-0.02263630601154587,2.8700813673253514
crypto_equal_weight,crypto,equal_weight,2023-10-03,2023-09-30,0.00018829581268208124,2.870621791628875
crypto_equal_weight,crypto,equal_weight,2023-10-04,2023-09-30,-0.006274930158273262,2.8526088403755865
crypto_equal_weight,crypto,equal_weight,2023-10-05,2023-09-30,-0.011059632702356848,2.8210600343575365
crypto_equal_weight,crypto,equal_weight,2023-10-06,2023-09-30,0.009812111022711312,2.8487405886163866
crypto_equal_weight,crypto,equal_weight,2023-10-07,2023-09-30,-0.004232898693495945,2.8366821583007233
crypto_equal_weight,crypto,equal_weight,2023-10-08,2023-09-30,-0.004816313761426894,2.8230198069849055
crypto_equal_weight,crypto,equal_weight,2023-10-09,2023-09-30,-0.030927593647395137,2.7357105975359284
crypto_equal_weight,crypto,equal_weight,2023-10-10,2023-09-30,-0.0074236072208690995,2.7154017565898525
crypto_equal_weight,crypto,equal_weight,2023-10-11,2023-09-30,-0.008962957009541507,2.6910637273819042
crypto_equal_weight,crypto,equal_weight,2023-10-12,2023-09-30,-0.008336279694453464,2.66863026747485
crypto_equal_weight,crypto,equal_weight,2023-10-13,2023-09-30,0.007031694669283151,2.687395260700941
crypto_equal_weight,crypto,equal_weight,2023-10-14,2023-09-30,0.0015492963973016472,2.69155883249647
crypto_equal_weight,crypto,equal_weight,2023-10-15,2023-09-30,0.006085723990029368,2.707938916653969
crypto_equal_weight,crypto,equal_weight,2023-10-16,2023-09-30,0.029826719180017003,2.7887078502776466
crypto_equal_weight,crypto,equal_weight,2023-10-17,2023-09-30,-0.018865643579989568,2.7360970819255894
crypto_equal_weight,crypto,equal_weight,2023-10-18,2023-09-30,-0.006922478049449166,2.7171565099347976
crypto_equal_weight,crypto,equal_weight,2023-10-19,2023-09-30,0.017096205176686596,2.7636095751258125
crypto_equal_weight,crypto,equal_weight,2023-10-20,2023-09-30,0.02151512776330269,2.8230689882225315
crypto_equal_weight,crypto,equal_weight,2023-10-21,2023-09-30,0.018699108965846388,2.875857862851406
crypto_equal_weight,crypto,equal_weight,2023-10-22,2023-09-30,0.00468562831336562,2.889333063878798
crypto_equal_weight,crypto,equal_weight,2023-10-23,2023-09-30,0.05725437055352863,3.054760009770677
crypto_equal_weight,crypto,equal_weight,2023-10-24,2023-09-30,-5.517032091718607e-05,3.054591477680613
crypto_equal_weight,crypto,equal_weight,2023-10-25,2023-09-30,0.003641279162773314,3.0657140979790767
crypto_equal_weight,crypto,equal_weight,2023-10-26,2023-09-30,-0.0004957256077606442,3.0641943449946356
crypto_equal_weight,crypto,equal_weight,2023-10-27,2023-09-30,-0.01083655687974755,3.0309890286845005
crypto_equal_weight,crypto,equal_weight,2023-10-28,2023-09-30,0.012065201809833436,3.0675585229989704
crypto_equal_weight,crypto,equal_weight,2023-10-29,2023-09-30,0.012478492769189997,3.1058370298472804
crypto_equal_weight,crypto,equal_weight,2023-10-30,2023-09-30,0.012115615043815276,3.1434661556897368
crypto_equal_weight,crypto,equal_weight,2023-10-31,2023-09-30,0.009585151462079567,3.1735967549079436
crypto_equal_weight,crypto,equal_weight,2023-11-01,2023-10-31,0.020423321832506593,3.2384121428000268
crypto_equal_weight,crypto,equal_weight,2023-11-02,2023-10-31,-0.010673215464948316,3.203847872235617
crypto_equal_weight,crypto,equal_weight,2023-11-03,2023-10-31,0.0056870929701925985,3.222068452947375
crypto_equal_weight,crypto,equal_weight,2023-11-04,2023-10-31,0.00926673148983166,3.2519264961426955
crypto_equal_weight,crypto,equal_weight,2023-11-05,2023-10-31,0.022180669055755532,3.3240564015472795
crypto_equal_weight,crypto,equal_weight,2023-11-06,2023-10-31,0.029873216562228903,3.4233566582957646
crypto_equal_weight,crypto,equal_weight,2023-11-07,2023-10-31,-0.015245608939161114,3.3711655014241138
crypto_equal_weight,crypto,equal_weight,2023-11-08,2023-10-31,0.00912336382899588,3.401921870821365
crypto_equal_weight,crypto,equal_weight,2023-11-09,2023-10-31,0.018942521337077956,3.466362848446471
crypto_equal_weight,crypto,equal_weight,2023-11-10,2023-10-31,0.016119127764091114,3.5222375940772785
crypto_equal_weight,crypto,equal_weight,2023-11-11,2023-10-31,0.0003847868334870943,3.523592904727893
crypto_equal_weight,crypto,equal_weight,2023-11-12,2023-10-31,-0.0006957615929076178,3.5211413241157414
crypto_equal_weight,crypto,equal_weight,2023-11-13,2023-10-31,-0.015109750322123416,3.467937757859442
crypto_equal_weight,crypto,equal_weight,2023-11-14,2023-10-31,-0.03211101876751308,3.3565787434322503
crypto_equal_weight,crypto,equal_weight,2023-11-15,2023-10-31,0.04185776999454001,3.497077644443399
crypto_equal_weight,crypto,equal_weight,2023-11-16,2023-10-31,-0.033394865371440395,3.3802932073137377
crypto_equal_weight,crypto,equal_weight,2023-11-17,2023-10-31,-0.0013511061181286088,3.3757260724802673
crypto_equal_weight,crypto,equal_weight,2023-11-18,2023-10-31,0.0010200089476241625,3.3791693432789254
crypto_equal_weight,crypto,equal_weight,2023-11-19,2023-10-31,0.01752721150821428,3.438396759080649
crypto_equal_weight,crypto,equal_weight,2023-11-20,2023-10-31,-0.012497110479452678,3.395426734910226
crypto_equal_weight,crypto,equal_weight,2023-11-21,2023-10-31,-0.05277398882146187,3.2162365223579807
crypto_equal_weight,crypto,equal_weight,2023-11-22,2023-10-31,0.04727342608349421,3.3682790418647053
crypto_equal_weight,crypto,equal_weight,2023-11-23,2023-10-31,0.003197785503091078,3.379050075755146
crypto_equal_weight,crypto,equal_weight,2023-11-24,2023-10-31,0.010683066717420787,3.4151486931559436
crypto_equal_weight,crypto,equal_weight,2023-11-25,2023-10-31,0.014944736662485992,3.4661871910383923
crypto_equal_weight,crypto,equal_weight,2023-11-26,2023-10-31,-0.01078953734576411,3.4287886348932743
crypto_equal_weight,crypto,equal_weight,2023-11-27,2023-10-31,-0.024229064196371886,3.345712294942655
crypto_equal_weight,crypto,equal_weight,2023-11-28,2023-10-31,0.01087535974875631,3.3820981197659936
crypto_equal_weight,crypto,equal_weight,2023-11-29,2023-10-31,-0.0015633888162123303,3.376810585390219
crypto_equal_weight,crypto,equal_weight,2023-11-30,2023-10-31,-0.00373513833412572,3.364197730725646
crypto_equal_weight,crypto,equal_weight,2023-12-01,2023-11-30,0.01645782673107902,3.4195651140670185
crypto_equal_weight,crypto,equal_weight,2023-12-02,2023-11-30,0.01966302971088343,3.486804124503219
crypto_equal_weight,crypto,equal_weight,2023-12-03,2023-11-30,0.00445921864006399,3.502352546449456
crypto_equal_weight,crypto,equal_weight,2023-12-04,2023-11-30,0.02434106799439686,3.5876035479229316
crypto_equal_weight,crypto,equal_weight,2023-12-05,2023-11-30,0.018389489538105597,3.653577745834331
crypto_equal_weight,crypto,equal_weight,2023-12-06,2023-11-30,0.0013237156875065537,3.6584140440120168
crypto_equal_weight,crypto,equal_weight,2023-12-07,2023-11-30,0.02423427798230167,3.7470730669289605
crypto_equal_weight,crypto,equal_weight,2023-12-08,2023-11-30,0.046945668764004966,3.922981917963532
crypto_equal_weight,crypto,equal_weight,2023-12-09,2023-11-30,0.006388985528143445,3.948045792664569
crypto_equal_weight,crypto,equal_weight,2023-12-10,2023-11-30,0.0019439946326410106,3.9557207724949297
crypto_equal_weight,crypto,equal_weight,2023-12-11,2023-11-30,-0.06588507928304639,3.6950977957775075
crypto_equal_weight,crypto,equal_weight,2023-12-12,2023-11-30,0.006350064513168775,3.718561905163163
crypto_equal_weight,crypto,equal_weight,2023-12-13,2023-11-30,0.03016846894188363,3.8307452245075497
crypto_equal_weight,crypto,equal_weight,2023-12-14,2023-11-30,0.0058804058603049054,3.8532715611750787
crypto_equal_weight,crypto,equal_weight,2023-12-15,2023-11-30,-0.040073893962666106,3.6988559652231916
crypto_equal_weight,crypto,equal_weight,2023-12-16,2023-11-30,0.018898953179226522,3.7687604709266473
crypto_equal_weight,crypto,equal_weight,2023-12-17,2023-11-30,-0.01908536977025386,3.696832283763496
crypto_equal_weight,crypto,equal_weight,2023-12-18,2023-11-30,0.0026682168001951447,3.706696233770538
crypto_equal_weight,crypto,equal_weight,2023-12-19,2023-11-30,-0.013889862746785242,3.6552107318394396
crypto_equal_weight,crypto,equal_weight,2023-12-20,2023-11-30,0.019194650398160328,3.7253712239687014
crypto_equal_weight,crypto,equal_weight,2023-12-21,2023-11-30,0.028038946398433563,3.8298267080318267
crypto_equal_weight,crypto,equal_weight,2023-12-22,2023-11-30,0.017659209009807143,3.8974584183403023
crypto_equal_weight,crypto,equal_weight,2023-12-23,2023-11-30,-0.009033084431587101,3.8622523473788344
crypto_equal_weight,crypto,equal_weight,2023-12-24,2023-11-30,-0.017737058550317878,3.7937473513572733
crypto_equal_weight,crypto,equal_weight,2023-12-25,2023-11-30,0.030472356480362447,3.909351773044263
crypto_equal_weight,crypto,equal_weight,2023-12-26,2023-11-30,-0.022479580266228292,3.8214711860731922
crypto_equal_weight,crypto,equal_weight,2023-12-27,2023-11-30,0.05254635573080771,4.022275570431626
crypto_equal_weight,crypto,equal_weight,2023-12-28,2023-11-30,-0.008408280584752967,3.9884551488462394
crypto_equal_weight,crypto,equal_weight,2023-12-29,2023-11-30,-0.018570001800694725,3.9143895295501747
crypto_equal_weight,crypto,equal_weight,2023-12-30,2023-11-30,0.007322260861475361,3.943051710798969
crypto_equal_weight,crypto,equal_weight,2023-12-31,2023-11-30,-0.011748167139113263,3.8967280802623363
crypto_min_variance,crypto,min_variance,2020-10-01,2020-09-30,-0.015075809084513005,0.984924190915487
crypto_min_variance,crypto,min_variance,2020-10-02,2020-09-30,-0.008509274683964398,0.9765432004321056
crypto_min_variance,crypto,min_variance,2020-10-03,2020-09-30,-0.0033580331523066814,0.973263935990395
crypto_min_variance,crypto,min_variance,2020-10-04,2020-09-30,0.028697562078018383,1.0011942382117758
crypto_min_variance,crypto,min_variance,2020-10-05,2020-09-30,0.011946260166345452,1.0131547650584996
crypto_min_variance,crypto,min_variance,2020-10-06,2020-09-30,-0.01894559514738457,0.9939599450580576
crypto_min_variance,crypto,min_variance,2020-10-07,2020-09-30,0.008403176015142627,1.0023123654283819
crypto_min_variance,crypto,min_variance,2020-10-08,2020-09-30,0.019327031718922836,1.0216840883072849
crypto_min_variance,crypto,min_variance,2020-10-09,2020-09-30,0.011786987766036037,1.0337266661569164
crypto_min_variance,crypto,min_variance,2020-10-10,2020-09-30,0.015025174230083975,1.049258589422208
crypto_min_variance,crypto,min_variance,2020-10-11,2020-09-30,0.007056185409988271,1.0566623525721937
crypto_min_variance,crypto,min_variance,2020-10-12,2020-09-30,0.010973309661364901,1.0682574357744747
crypto_min_variance,crypto,min_variance,2020-10-13,2020-09-30,-0.0076300536725921525,1.0601065742033697
crypto_min_variance,crypto,min_variance,2020-10-14,2020-09-30,-0.00872756569659492,1.0508544244316176
crypto_min_variance,crypto,min_variance,2020-10-15,2020-09-30,-0.0008453417001556565,1.0499660933658523
crypto_min_variance,crypto,min_variance,2020-10-16,2020-09-30,-0.017495827917510157,1.031596067277103
crypto_min_variance,crypto,min_variance,2020-10-17,2020-09-30,0.0027951111436220776,1.034479492940466
crypto_min_variance,crypto,min_variance,2020-10-18,2020-09-30,0.009142841555406737,1.0439375750367381
crypto_min_variance,crypto,min_variance,2020-10-19,2020-09-30,0.02016354858927344,1.0649870610551597
crypto_min_variance,crypto,min_variance,2020-10-20,2020-09-30,0.006657888094545125,1.0720776257298035
crypto_min_variance,crypto,min_variance,2020-10-21,2020-09-30,0.0617720735859398,1.1383020837162245
crypto_min_variance,crypto,min_variance,2020-10-22,2020-09-30,0.014270047759305408,1.1545457088153719
crypto_min_variance,crypto,min_variance,2020-10-23,2020-09-30,-0.0042683844669168455,1.1496176638455189
crypto_min_variance,crypto,min_variance,2020-10-24,2020-09-30,0.01113084843389792,1.162413883818715
crypto_min_variance,crypto,min_variance,2020-10-25,2020-09-30,-0.008092979614371358,1.153006491953508
crypto_min_variance,crypto,min_variance,2020-10-26,2020-09-30,-0.0036999939303169168,1.1487403749316638
crypto_min_variance,crypto,min_variance,2020-10-27,2020-09-30,0.03516673863437277,1.189137827455637
crypto_min_variance,crypto,min_variance,2020-10-28,2020-09-30,-0.027967882209381446,1.155880160766638
crypto_min_variance,crypto,min_variance,2020-10-29,2020-09-30,0.0035312656878864084,1.1599618807176617
crypto_min_variance,crypto,min_variance,2020-10-30,2020-09-30,0.001111759141733758,1.1612514789426123
crypto_min_variance,crypto,min_variance,2020-10-31,2020-09-30,0.012320924403289944,1.175559170627873
crypto_min_variance,crypto,min_variance,2020-11-01,2020-10-31,-0.002007452951645689,1.1731992909009619
crypto_min_variance,crypto,min_variance,2020-11-02,2020-10-31,-0.015196977650873468,1.1553702074971193
crypto_min_variance,crypto,min_variance,2020-11-03,2020-10-31,0.025310661050670834,1.1846133912071222
crypto_min_variance,crypto,min_variance,2020-11-04,2020-10-31,0.00612542595108359,1.1918696528156234
crypto_min_variance,crypto,min_variance,2020-11-05,2020-10-31,0.07855780601982444,1.2855003178024287
crypto_min_variance,crypto,min_variance,2020-11-06,2020-10-31,0.017229240778570597,1.3076485122987758
crypto_min_variance,crypto,min_variance,2020-11-07,2020-10-31,-0.042630644732900694,1.2519026131354605
crypto_min_variance,crypto,min_variance,2020-11-08,2020-10-31,0.03452301741150166,1.2951220688462404
crypto_min_variance,crypto,min_variance,2020-11-09,2020-10-31,-0.010567970110470648,1.2814352575332624
crypto_min_variance,crypto,min_variance,2020-11-10,2020-10-31,0.002592287144961524,1.2847571056784663
crypto_min_variance,crypto,min_variance,2020-11-11,2020-10-31,0.02076081316755941,1.3114297079151513
crypto_min_variance,crypto,min_variance,2020-11-12,2020-10-31,0.022135191074281975,1.3404584550803431
crypto_min_variance,crypto,min_variance,2020-11-13,2020-10-31,0.015616636590807415,1.361391907638408
crypto_min_variance,crypto,min_variance,2020-11-14,2020-10-31,-0.005905519600792316,1.3533521810434894
crypto_min_variance,crypto,min_variance,2020-11-15,2020-10-31,-0.0029092192078478503,1.349414982883415
crypto_min_variance,crypto,min_variance,2020-11-16,2020-10-31,0.05154308420886765,1.4189679929788823
crypto_min_variance,crypto,min_variance,2020-11-17,2020-10-31,0.05682165033647388,1.4995960961145764
crypto_min_variance,crypto,min_variance,2020-11-18,2020-10-31,-0.0034742494382042307,1.4943861252201172
crypto_min_variance,crypto,min_variance,2020-11-19,2020-10-31,0.011692326586506088,1.5118589758425343
crypto_min_variance,crypto,min_variance,2020-11-20,2020-10-31,0.05718785245677872,1.598318943888474
crypto_min_variance,crypto,min_variance,2020-11-21,2020-10-31,0.13798301004774008,1.8188598027825307
crypto_min_variance,crypto,min_variance,2020-11-22,2020-10-31,-0.02059843636552164,1.7813941348771096
crypto_min_variance,crypto,min_variance,2020-11-23,2020-10-31,0.13243200680096337,2.0173077350623516
crypto_min_variance,crypto,min_variance,2020-11-24,2020-10-31,0.07046527018583848,2.159457869661502
crypto_min_variance,crypto,min_variance,2020-11-25,2020-10-31,-0.041129538527148214,2.070640364013506
crypto_min_variance,crypto,min_variance,2020-11-26,2020-10-31,-0.11097485062818949,1.8408513589124074
crypto_min_variance,crypto,min_variance,2020-11-27,2020-10-31,0.015409694855230548,1.869218316627084
crypto_min_variance,crypto,min_variance,2020-11-28,2020-10-31,0.06430038371956591,1.9894097716418464
crypto_min_variance,crypto,min_variance,2020-11-29,2020-10-31,0.00628797294248776,2.001919126457451
crypto_min_variance,crypto,min_variance,2020-11-30,2020-10-31,0.08525757489485937,2.1725978963148487
crypto_min_variance,crypto,min_variance,2020-12-01,2020-11-30,-0.04580744082472132,2.0730767467434923
crypto_min_variance,crypto,min_variance,2020-12-02,2020-11-30,0.021962231824469026,2.1186061388453887
crypto_min_variance,crypto,min_variance,2020-12-03,2020-11-30,0.011719938143226475,2.1434360717425167
crypto_min_variance,crypto,min_variance,2020-12-04,2020-11-30,-0.04671917082770143,2.043296515748521
crypto_min_variance,crypto,min_variance,2020-12-05,2020-11-30,0.026911225450714695,2.098284128946489
crypto_min_variance,crypto,min_variance,2020-12-06,2020-11-30,0.015086510936744315,2.1299399154062373
crypto_min_variance,crypto,min_variance,2020-12-07,2020-11-30,-0.009080350827751575,2.110599313732317
crypto_min_variance,crypto,min_variance,2020-12-08,2020-11-30,-0.049601403804052806,2.005910624903324
crypto_min_variance,crypto,min_variance,2020-12-09,2020-11-30,0.016151245580840298,2.0383085800193546
crypto_min_variance,crypto,min_variance,2020-12-10,2020-11-30,-0.015898879788553644,2.0059017569336492
crypto_min_variance,crypto,min_variance,2020-12-11,2020-11-30,-0.014801624519241417,1.9762111523050307
crypto_min_variance,crypto,min_variance,2020-12-12,2020-11-30,0.0295021937755694,2.0345137166617753
crypto_min_variance,crypto,min_variance,2020-12-13,2020-11-30,0.017257313762709416,2.0696239582247435
crypto_min_variance,crypto,min_variance,2020-12-14,2020-11-30,0.002064808349561533,2.0738973350541388
crypto_min_variance,crypto,min_variance,2020-12-15,2020-11-30,0.002232505845593708,2.0785273229778083
crypto_min_variance,crypto,min_variance,2020-12-16,2020-11-30,0.10845465480048333,2.303953286284739
crypto_min_variance,crypto,min_variance,2020-12-17,2020-11-30,0.06324941722822223,2.4496769889632963
crypto_min_variance,crypto,min_variance,2020-12-18,2020-11-30,0.014430734093803955,2.485027626206736
crypto_min_variance,crypto,min_variance,2020-12-19,2020-11-30,0.027185776989527306,2.552585033065607
crypto_min_variance,crypto,min_variance,2020-12-20,2020-11-30,-0.01859336624877912,2.5051238846646657
crypto_min_variance,crypto,min_variance,2020-12-21,2020-11-30,-0.03335196733437934,2.421573074694756
crypto_min_variance,crypto,min_variance,2020-12-22,2020-11-30,0.024443491456551628,2.480764775457473
crypto_min_variance,crypto,min_variance,2020-12-23,2020-11-30,-0.06481787773662631,2.3199668675485414
crypto_min_variance,crypto,min_variance,2020-12-24,2020-11-30,0.051353002773333135,2.4391041325318024
crypto_min_variance,crypto,min_variance,2020-12-25,2020-11-30,0.029168064835953366,2.5102480800111318
crypto_min_variance,crypto,min_variance,2020-12-26,2020-11-30,0.055781616601634144,2.650273775985301
crypto_min_variance,crypto,min_variance,2020-12-27,2020-11-30,-0.008912054446033693,2.6266543917968246
crypto_min_variance,crypto,min_variance,2020-12-28,2020-11-30,0.01523830946438124,2.666680164275001
crypto_min_variance,crypto,min_variance,2020-12-29,2020-11-30,-0.0028026964452236803,2.659206269258039
crypto_min_variance,crypto,min_variance,2020-12-30,2020-11-30,0.04324924953341476,2.774214944758001
crypto_min_variance,crypto,min_variance,2020-12-31,2020-11-30,0.008679158732304867,2.798292796621088
crypto_min_variance,crypto,min_variance,2021-01-01,2020-12-31,0.015196467658329283,2.8408169626034767
crypto_min_variance,crypto,min_variance,2021-01-02,2020-12-31,0.08260838822812609,3.0754922731352705
crypto_min_variance,crypto,min_variance,2021-01-03,2020-12-31,0.02364977382939529,3.1482269698089724
crypto_min_variance,crypto,min_variance,2021-01-04,2020-12-31,-0.017934829722612487,3.091764055177312
crypto_min_variance,crypto,min_variance,2021-01-05,2020-12-31,0.05166208243646633,3.251491024669986
crypto_min_variance,crypto,min_variance,2021-01-06,2020-12-31,0.08335923223017055,3.5225328200897668
crypto_min_variance,crypto,min_variance,2021-01-07,2020-12-31,0.07613247358685042,3.790711956974065
crypto_min_variance,crypto,min_variance,2021-01-08,2020-12-31,0.03167580721097202,3.9107858181155017
crypto_min_variance,crypto,min_variance,2021-01-09,2020-12-31,-0.005699691345382747,3.8884955460343433
crypto_min_variance,crypto,min_variance,2021-01-10,2020-12-31,-0.045480099382415685,3.7116463821526207
crypto_min_variance,crypto,min_variance,2021-01-11,2020-12-31,-0.07608245069377031,3.429255229289783
crypto_min_variance,crypto,min_variance,2021-01-12,2020-12-31,-0.04210910803383717,3.2848523503640186
crypto_min_variance,crypto,min_variance,2021-01-13,2020-12-31,0.09551910475724033,3.5986185061305065
crypto_min_variance,crypto,min_variance,2021-01-14,2020-12-31,0.04367454804687294,3.7557865429788695
crypto_min_variance,crypto,min_variance,2021-01-15,2020-12-31,-0.057090467119001946,3.5413669348409447
crypto_min_variance,crypto,min_variance,2021-01-16,2020-12-31,-0.015302720420197145,3.4871743867317435
crypto_min_variance,crypto,min_variance,2021-01-17,2020-12-31,-0.010122184922031766,3.451876562733872
crypto_min_variance,crypto,min_variance,2021-01-18,2020-12-31,0.02491639264852957,3.537884874545206
crypto_min_variance,crypto,min_variance,2021-01-19,2020-12-31,-0.013816656798130674,3.489003133442317
crypto_min_variance,crypto,min_variance,2021-01-20,2020-12-31,-0.013276672200578038,3.442680782532814
crypto_min_variance,crypto,min_variance,2021-01-21,2020-12-31,-0.1290065530775054,2.9985524014320863
crypto_min_variance,crypto,min_variance,2021-01-22,2020-12-31,0.06640536260167626,3.197672360929311
crypto_min_variance,crypto,min_variance,2021-01-23,2020-12-31,-0.024873217464977115,3.1181359609141697
crypto_min_variance,crypto,min_variance,2021-01-24,2020-12-31,0.008024209276262809,3.143156536416386
crypto_min_variance,crypto,min_variance,2021-01-25,2020-12-31,0.000670294554104156,3.145263377125443
crypto_min_variance,crypto,min_variance,2021-01-26,2020-12-31,0.005569985068848888,3.1627824471736288
crypto_min_variance,crypto,min_variance,2021-01-27,2020-12-31,-0.06416759265915849,2.959834311433855
crypto_min_variance,crypto,min_variance,2021-01-28,2020-12-31,0.09473551446318347,3.2402357376533235
crypto_min_variance,crypto,min_variance,2021-01-29,2020-12-31,0.032355325204785866,3.345074618685266
crypto_min_variance,crypto,min_variance,2021-01-30,2020-12-31,0.020269977797836472,3.412879206938123
crypto_min_variance,crypto,min_variance,2021-01-31,2020-12-31,-0.02625157684036463,3.323285746190304
crypto_min_variance,crypto,min_variance,2021-02-01,2021-01-31,0.0060936137616816625,3.3435365659472898
crypto_min_variance,crypto,min_variance,2021-02-02,2021-01-31,0.04999873452696815,3.510709163089299
crypto_min_variance,crypto,min_variance,2021-02-03,2021-01-31,0.05366753966199796,3.699120286341133
crypto_min_variance,crypto,min_variance,2021-02-04,2021-01-31,-0.011358399987056001,3.6571041985286374
crypto_min_variance,crypto,min_variance,2021-02-05,2021-01-31,0.03924039758151427,3.8006104212759264
crypto_min_variance,crypto,min_variance,2021-02-06,2021-01-31,0.019905571710775345,3.876263744561355
crypto_min_variance,crypto,min_variance,2021-02-07,2021-01-31,-0.006676639094860879,3.850383330502425
crypto_min_variance,crypto,min_variance,2021-02-08,2021-01-31,0.17559221346971932,4.526480662212255
crypto_min_variance,crypto,min_variance,2021-02-09,2021-01-31,0.023657317939946593,4.633565054387231
crypto_min_variance,crypto,min_variance,2021-02-10,2021-01-31,-0.025200564484960865,4.516796599438884
crypto_min_variance,crypto,min_variance,2021-02-11,2021-01-31,0.08602159368202633,4.905338641260173
crypto_min_variance,crypto,min_variance,2021-02-12,2021-01-31,-0.004471276287987612,4.883405516908957
crypto_min_variance,crypto,min_variance,2021-02-13,2021-01-31,0.0036349712128777713,4.9011565553837295
crypto_min_variance,crypto,min_variance,2021-02-14,2021-01-31,0.018303832628943657,4.9908665046617235
crypto_min_variance,crypto,min_variance,2021-02-15,2021-01-31,-0.02674891527668499,4.857366239371282
crypto_min_variance,crypto,min_variance,2021-02-16,2021-01-31,0.023357589016269904,4.97082260369202
crypto_min_variance,crypto,min_variance,2021-02-17,2021-01-31,0.052447308425815846,5.231528869917873
crypto_min_variance,crypto,min_variance,2021-02-18,2021-01-31,-0.002311089693859361,5.219438337463478
crypto_min_variance,crypto,min_variance,2021-02-19,2021-01-31,0.08421272063332728,5.658981440039168
crypto_min_variance,crypto,min_variance,2021-02-20,2021-01-31,-0.006183357820687918,5.623989932894774
crypto_min_variance,crypto,min_variance,2021-02-21,2021-01-31,0.026899459542146006,5.775272222560113
crypto_min_variance,crypto,min_variance,2021-02-22,2021-01-31,-0.057308860524813016,5.444297952264589
crypto_min_variance,crypto,min_variance,2021-02-23,2021-01-31,-0.11145569902273568,4.83749991830689
crypto_min_variance,crypto,min_variance,2021-02-24,2021-01-31,0.023735450815354997,4.952320159687148
crypto_min_variance,crypto,min_variance,2021-02-25,2021-01-31,-0.05433986697975863,4.683211740968571
crypto_min_variance,crypto,min_variance,2021-02-26,2021-01-31,-0.014134434271700143,4.617017192435396
crypto_min_variance,crypto,min_variance,2021-02-27,2021-01-31,0.0020019752106509307,4.626260346401802
crypto_min_variance,crypto,min_variance,2021-02-28,2021-01-31,-0.0236485728686567,4.5168558914905415
crypto_min_variance,crypto,min_variance,2021-03-01,2021-02-28,0.09368177769982328,4.940002981019296
crypto_min_variance,crypto,min_variance,2021-03-02,2021-02-28,-0.024678215381272083,4.818092523469575
crypto_min_variance,crypto,min_variance,2021-03-03,2021-02-28,0.04395506292841235,5.029872083533594
crypto_min_variance,crypto,min_variance,2021-03-04,2021-02-28,-0.02376918877384232,4.910316104471805
crypto_min_variance,crypto,min_variance,2021-03-05,2021-02-28,0.0006172536005658471,4.913347014767207
crypto_min_variance,crypto,min_variance,2021-03-06,2021-02-28,0.0008043097661784097,4.917298867755808
crypto_min_variance,crypto,min_variance,2021-03-07,2021-02-28,0.042439981530165434,5.125988940881668
crypto_min_variance,crypto,min_variance,2021-03-08,2021-02-28,0.019976324223188173,5.228387357929197
crypto_min_variance,crypto,min_variance,2021-03-09,2021-02-28,0.044172138132199855,5.459336406512293
crypto_min_variance,crypto,min_variance,2021-03-10,2021-02-28,0.012516420676687515,5.527667757591756
crypto_min_variance,crypto,min_variance,2021-03-11,2021-02-28,0.025695642425973393,5.669704731740415
crypto_min_variance,crypto,min_variance,2021-03-12,2021-02-28,-0.011105986754932816,5.606737066085326
crypto_min_variance,crypto,min_variance,2021-03-13,2021-02-28,0.06540621991502021,5.973452543635399
crypto_min_variance,crypto,min_variance,2021-03-14,2021-02-28,-0.03190767612116731,5.782853554547918
crypto_min_variance,crypto,min_variance,2021-03-15,2021-02-28,-0.04999957726107629,5.49371332145781
crypto_min_variance,crypto,min_variance,2021-03-16,2021-02-28,0.019899019851311428,5.603032831898913
crypto_min_variance,crypto,min_variance,2021-03-17,2021-02-28,0.0366063424148413,5.808139370305002
crypto_min_variance,crypto,min_variance,2021-03-18,2021-02-28,-0.016656521581613345,5.711395971534499
crypto_min_variance,crypto,min_variance,2021-03-19,2021-02-28,0.01514431258653459,5.797891137432891
crypto_min_variance,crypto,min_variance,2021-03-20,2021-02-28,0.010797230905322185,5.860492306807674
crypto_min_variance,crypto,min_variance,2021-03-21,2021-02-28,-0.009331641962824147,5.80580429087466
crypto_min_variance,crypto,min_variance,2021-03-22,2021-02-28,-0.04496187468722705,5.544764445889788
crypto_min_variance,crypto,min_variance,2021-03-23,2021-02-28,0.002753443337047503,5.5600316406088215
crypto_min_variance,crypto,min_variance,2021-03-24,2021-02-28,-0.04259616645302516,5.323195607361362
crypto_min_variance,crypto,min_variance,2021-03-25,2021-02-28,-0.01393346508070513,5.24902504724843
crypto_min_variance,crypto,min_variance,2021-03-26,2021-02-28,0.07688391964004467,5.652590667169659
crypto_min_variance,crypto,min_variance,2021-03-27,2021-02-28,0.009436682199044127,5.705932368897022
crypto_min_variance,crypto,min_variance,2021-03-28,2021-02-28,-0.0006080253658402011,5.702463017280964
crypto_min_variance,crypto,min_variance,2021-03-29,2021-02-28,0.031000317463598562,5.879241181141104
crypto_min_variance,crypto,min_variance,2021-03-30,2021-02-28,0.018714795586142356,5.9892699780477905
crypto_min_variance,crypto,min_variance,2021-03-31,2021-02-28,0.03446842923672019,6.195710706465743
crypto_min_variance,crypto,min_variance,2021-04-01,2021-03-31,-0.0015519420974141535,6.186095322196979
crypto_min_variance,crypto,min_variance,2021-04-02,2021-03-31,0.01463583327067516,6.276633981929157
crypto_min_variance,crypto,min_variance,2021-04-03,2021-03-31,-0.021298820392768925,6.142949082076898
crypto_min_variance,crypto,min_variance,2021-04-04,2021-03-31,0.04382134945109107,6.412141400462849
crypto_min_variance,crypto,min_variance,2021-04-05,2021-03-31,0.041939844421213346,6.681065613205082
crypto_min_variance,crypto,min_variance,2021-04-06,2021-03-31,-0.0038465778775938772,6.655366374018573
crypto_min_variance,crypto,min_variance,2021-04-07,2021-03-31,-0.05234936951880019,6.306962140422078
crypto_min_variance,crypto,min_variance,2021-04-08,2021-03-31,0.05448769341637487,6.65061395991808
crypto_min_variance,crypto,min_variance,2021-04-09,2021-03-31,-0.007740417130760296,6.599135433692656
crypto_min_variance,crypto,min_variance,2021-04-10,2021-03-31,0.05624163746390387,6.970281616329601
crypto_min_variance,crypto,min_variance,2021-04-11,2021-03-31,0.0029602967154193425,6.990915718103969
crypto_min_variance,crypto,min_variance,2021-04-12,2021-03-31,0.005803048065536812,7.031484338038244
crypto_min_variance,crypto,min_variance,2021-04-13,2021-03-31,0.07840598922040799,7.582794823249939
crypto_min_variance,crypto,min_variance,2021-04-14,2021-03-31,-0.006034386584094886,7.537037307898576
crypto_min_variance,crypto,min_variance,2021-04-15,2021-03-31,0.01190623706893537,7.626775060883826
crypto_min_variance,crypto,min_variance,2021-04-16,2021-03-31,-0.03380867349895375,7.368923913000442
crypto_min_variance,crypto,min_variance,2021-04-17,2021-03-31,-0.014198117889992427,7.264299062561277
crypto_min_variance,crypto,min_variance,2021-04-18,2021-03-31,-0.07697256236698176,6.705147349915872
crypto_min_variance,crypto,min_variance,2021-04-19,2021-03-31,-0.018941538170510978,6.578141545448539
crypto_min_variance,crypto,min_variance,2021-04-20,2021-03-31,0.017062786438418024,6.690382969800213
crypto_min_variance,crypto,min_variance,2021-04-21,2021-03-31,-0.048946991222433275,6.3629088533026845
crypto_min_variance,crypto,min_variance,2021-04-22,2021-03-31,-0.049706316934258095,6.046632089216625
crypto_min_variance,crypto,min_variance,2021-04-23,2021-03-31,-0.011004940573913533,5.980089262402477
crypto_min_variance,crypto,min_variance,2021-04-24,2021-03-31,-0.029694554067152885,5.802513178473666
crypto_min_variance,crypto,min_variance,2021-04-25,2021-03-31,-0.01985497031923724,5.687304451538089
crypto_min_variance,crypto,min_variance,2021-04-26,2021-03-31,0.12394277900844425,6.392204770328815
crypto_min_variance,crypto,min_variance,2021-04-27,2021-03-31,0.023000981384991754,6.5392317532602044
crypto_min_variance,crypto,min_variance,2021-04-28,2021-03-31,-0.007394055238220479,6.490880312461074
crypto_min_variance,crypto,min_variance,2021-04-29,2021-03-31,-0.01811109121225119,6.373323387074286
crypto_min_variance,crypto,min_variance,2021-04-30,2021-03-31,0.08388374883740511,6.907941645335185
crypto_min_variance,crypto,min_variance,2021-05-01,2021-04-30,0.01064141967920898,6.981451951502683
crypto_min_variance,crypto,min_variance,2021-05-02,2021-04-30,-0.02097290667392757,6.835030611275307
crypto_min_variance,crypto,min_variance,2021-05-03,2021-04-30,0.015970788403718003,6.94419143890092
crypto_min_variance,crypto,min_variance,2021-05-04,2021-04-30,-0.054660894636621986,6.564615722322625
crypto_min_variance,crypto,min_variance,2021-05-05,2021-04-30,0.09551972426626523,7.191666006032872
crypto_min_variance,crypto,min_variance,2021-05-06,2021-04-30,0.001017787204754052,7.198985591674677
crypto_min_variance,crypto,min_variance,2021-05-07,2021-04-30,0.009869921503038536,7.27003901436601
crypto_min_variance,crypto,min_variance,2021-05-08,2021-04-30,0.022943201833117325,7.436836986807247
crypto_min_variance,crypto,min_variance,2021-05-09,2021-04-30,-0.01201727587249228,7.34746646511803
crypto_min_variance,crypto,min_variance,2021-05-10,2021-04-30,-0.047556860153829976,6.998044029951457
crypto_min_variance,crypto,min_variance,2021-05-11,2021-04-30,0.021215494800262556,7.1465109966809
crypto_min_variance,crypto,min_variance,2021-05-12,2021-04-30,-0.13898728581223585,6.153236830224925
crypto_min_variance,crypto,min_variance,2021-05-13,2021-04-30,0.016366801878592237,6.253945638337274
crypto_min_variance,crypto,min_variance,2021-05-14,2021-04-30,0.01203781456355374,6.329229476222124
crypto_min_variance,crypto,min_variance,2021-05-15,2021-04-30,-0.05828854935851318,5.960307871495994
crypto_min_variance,crypto,min_variance,2021-05-16,2021-04-30,-0.00745445274876057,5.915877038099861
crypto_min_variance,crypto,min_variance,2021-05-17,2021-04-30,-0.058651286891803496,5.568903236721633
crypto_min_variance,crypto,min_variance,2021-05-18,2021-04-30,-0.010140039283809224,5.512434339133543
crypto_min_variance,crypto,min_variance,2021-05-19,2021-04-30,-0.1576132115997554,4.64360185920993
crypto_min_variance,crypto,min_variance,2021-05-20,2021-04-30,0.10823173412936003,5.146186941038541
crypto_min_variance,crypto,min_variance,2021-05-21,2021-04-30,-0.09100390326438162,4.677863842475845
crypto_min_variance,crypto,min_variance,2021-05-22,2021-04-30,-0.002229085136549231,4.667436485713782
crypto_min_variance,crypto,min_variance,2021-05-23,2021-04-30,-0.07997282868493075,4.294168387243999
crypto_min_variance,crypto,min_variance,2021-05-24,2021-04-30,0.13261451023817333,4.863637424798608
crypto_min_variance,crypto,min_variance,2021-05-25,2021-04-30,-0.004816574466266357,4.840211352965145
crypto_min_variance,crypto,min_variance,2021-05-26,2021-04-30,0.026357742262280007,4.967788396301562
crypto_min_variance,crypto,min_variance,2021-05-27,2021-04-30,-0.02597164688729517,4.838766750262016
crypto_min_variance,crypto,min_variance,2021-05-28,2021-04-30,-0.07230228064901643,4.488912878689442
crypto_min_variance,crypto,min_variance,2021-05-29,2021-04-30,-0.033493628965446894,4.338562896272402
crypto_min_variance,crypto,min_variance,2021-05-30,2021-04-30,0.033333121147512364,4.483180738899952
crypto_min_variance,crypto,min_variance,2021-05-31,2021-04-30,0.051200415949552755,4.7127214575086525
crypto_min_variance,crypto,min_variance,2021-06-01,2021-05-31,-0.0176981959991277,4.629314789464369
crypto_min_variance,crypto,min_variance,2021-06-02,2021-05-31,0.024040768270434994,4.740607073568779
crypto_min_variance,crypto,min_variance,2021-06-03,2021-05-31,0.043000455068621365,4.944455335033762
crypto_min_variance,crypto,min_variance,2021-06-04,2021-05-31,-0.059290998325346504,4.651293642044525
crypto_min_variance,crypto,min_variance,2021-06-05,2021-05-31,-0.036632623020237315,4.480904555499081
crypto_min_variance,crypto,min_variance,2021-06-06,2021-05-31,0.009042351891924733,4.5214224712840325
crypto_min_variance,crypto,min_variance,2021-06-07,2021-05-31,-0.06469175219582361,4.2289237291990975
crypto_min_variance,crypto,min_variance,2021-06-08,2021-05-31,-0.0022203954493906796,4.219533846194963
crypto_min_variance,crypto,min_variance,2021-06-09,2021-05-31,0.11434925163313321,4.702034383748034
crypto_min_variance,crypto,min_variance,2021-06-10,2021-05-31,-0.017988859583814094,4.6174501474605245
crypto_min_variance,crypto,min_variance,2021-06-11,2021-05-31,0.01636845558740561,4.693030675126291
crypto_min_variance,crypto,min_variance,2021-06-12,2021-05-31,-0.04712752432919145,4.4718597578066355
crypto_min_variance,crypto,min_variance,2021-06-13,2021-05-31,0.09891616849180594,4.914198991081562
crypto_min_variance,crypto,min_variance,2021-06-14,2021-05-31,0.028298695133687657,5.053264410156455
crypto_min_variance,crypto,min_variance,2021-06-15,2021-05-31,0.00450175354220147,5.076012961114557
crypto_min_variance,crypto,min_variance,2021-06-16,2021-05-31,-0.05125288357540359,4.815852659791314
crypto_min_variance,crypto,min_variance,2021-06-17,2021-05-31,-0.007261791640633488,4.780880941203919
crypto_min_variance,crypto,min_variance,2021-06-18,2021-05-31,-0.05939981590268094,4.49689749344377
crypto_min_variance,crypto,min_variance,2021-06-19,2021-05-31,-0.005618804157774578,4.471630307110522
crypto_min_variance,crypto,min_variance,2021-06-20,2021-05-31,0.0026641570282260273,4.483543432420839
crypto_min_variance,crypto,min_variance,2021-06-21,2021-05-31,-0.11473801455933096,3.969110560794344
crypto_min_variance,crypto,min_variance,2021-06-22,2021-05-31,0.023427169812639217,4.062095587907213
crypto_min_variance,crypto,min_variance,2021-06-23,2021-05-31,0.039757417985615065,4.223594020093163
crypto_min_variance,crypto,min_variance,2021-06-24,2021-05-31,0.028777252964988172,4.345137453630795
crypto_min_variance,crypto,min_variance,2021-06-25,2021-05-31,-0.08726156647745271,3.965973952867122
crypto_min_variance,crypto,min_variance,2021-06-26,2021-05-31,0.01705072791169076,4.033596695642312
crypto_min_variance,crypto,min_variance,2021-06-27,2021-05-31,0.07601228589491443,4.340199600856257
crypto_min_variance,crypto,min_variance,2021-06-28,2021-05-31,-0.006187046533192413,4.313346583962416
crypto_min_variance,crypto,min_variance,2021-06-29,2021-05-31,0.04262562897730633,4.49720569510093
crypto_min_variance,crypto,min_variance,2021-06-30,2021-05-31,-0.022444118746008233,4.39626987645486
crypto_min_variance,crypto,min_variance,2021-07-01,2021-06-30,-0.04232784293571146,4.210185255621279
crypto_min_variance,crypto,min_variance,2021-07-02,2021-06-30,0.009459531987067464,4.250011637718308
crypto_min_variance,crypto,min_variance,2021-07-03,2021-06-30,0.02271005400663861,4.346529631539733
crypto_min_variance,crypto,min_variance,2021-07-04,2021-06-30,0.018076081552321346,4.425097855629026
crypto_min_variance,crypto,min_variance,2021-07-05,2021-06-30,-0.043936917996053586,4.230672694021742
crypto_min_variance,crypto,min_variance,2021-07-06,2021-06-30,0.014499861222400167,4.2920168609624545
crypto_min_variance,crypto,min_variance,2021-07-07,2021-06-30,-0.011260286556997338,4.243687521200553
crypto_min_variance,crypto,min_variance,2021-07-08,2021-06-30,-0.0292390656864134,4.119606063015557
crypto_min_variance,crypto,min_variance,2021-07-09,2021-06-30,0.027850029557605443,4.234337213636231
crypto_min_variance,crypto,min_variance,2021-07-10,2021-06-30,-0.008399646225960653,4.198770279040267
crypto_min_variance,crypto,min_variance,2021-07-11,2021-06-30,0.021322934632290052,4.288300383236245
crypto_min_variance,crypto,min_variance,2021-07-12,2021-06-30,-0.031245629752143,4.154309737195672
crypto_min_variance,crypto,min_variance,2021-07-13,2021-06-30,-0.013748590282505841,4.097193834712344
crypto_min_variance,crypto,min_variance,2021-07-14,2021-06-30,0.003660931785968097,4.112193381855116
crypto_min_variance,crypto,min_variance,2021-07-15,2021-06-30,-0.03185852701986066,3.9811849578883924
crypto_min_variance,crypto,min_variance,2021-07-16,2021-06-30,-0.011392050125554736,3.935831099289023
crypto_min_variance,crypto,min_variance,2021-07-17,2021-06-30,0.0032482897865401717,3.948615819250391
crypto_min_variance,crypto,min_variance,2021-07-18,2021-06-30,0.00834983998090905,3.9815861294872175
crypto_min_variance,crypto,min_variance,2021-07-19,2021-06-30,-0.031224703904099246,3.8572622815253106
crypto_min_variance,crypto,min_variance,2021-07-20,2021-06-30,-0.03319709874165151,3.729212364693067
crypto_min_variance,crypto,min_variance,2021-07-21,2021-06-30,0.07720965394023328,4.017143560840658
crypto_min_variance,crypto,min_variance,2021-07-22,2021-06-30,0.0069699227960156995,4.0451427413202286
crypto_min_variance,crypto,min_variance,2021-07-23,2021-06-30,0.038954939380973976,4.202721031595745
crypto_min_variance,crypto,min_variance,2021-07-24,2021-06-30,0.020825602227011387,4.290245228070853
crypto_min_variance,crypto,min_variance,2021-07-25,2021-06-30,0.030107004644965088,4.419411661080423
crypto_min_variance,crypto,min_variance,2021-07-26,2021-06-30,0.05559031327239383,4.665088139799554
crypto_min_variance,crypto,min_variance,2021-07-27,2021-06-30,0.054860339363224965,4.921016458308314
crypto_min_variance,crypto,min_variance,2021-07-28,2021-06-30,0.016843424851620263,5.003903229217417
crypto_min_variance,crypto,min_variance,2021-07-29,2021-06-30,0.0009449928090870761,5.008631881786394
crypto_min_variance,crypto,min_variance,2021-07-30,2021-06-30,0.05464509271972052,5.282329035365561
crypto_min_variance,crypto,min_variance,2021-07-31,2021-06-30,-0.014152679782402719,5.207569924022744
crypto_min_variance,crypto,min_variance,2021-08-01,2021-07-31,-0.03921577670187183,5.0033510247228845
crypto_min_variance,crypto,min_variance,2021-08-02,2021-07-31,-0.018287198993788088,4.911853748898004
crypto_min_variance,crypto,min_variance,2021-08-03,2021-07-31,-0.026760761927481027,4.7804088001011396
crypto_min_variance,crypto,min_variance,2021-08-04,2021-07-31,0.0416352463313257,4.979442298057787
crypto_min_variance,crypto,min_variance,2021-08-05,2021-07-31,0.02794119935657619,5.118573887992388
crypto_min_variance,crypto,min_variance,2021-08-06,2021-07-31,0.04691326267040864,5.35870288929767
crypto_min_variance,crypto,min_variance,2021-08-07,2021-07-31,0.041561528676822106,5.581418773101785
crypto_min_variance,crypto,min_variance,2021-08-08,2021-07-31,-0.017764113739740777,5.48226981518728
crypto_min_variance,crypto,min_variance,2021-08-09,2021-07-31,0.05820320854332515,5.801355508531401
crypto_min_variance,crypto,min_variance,2021-08-10,2021-07-31,-0.015619701165532641,5.710740069133124
crypto_min_variance,crypto,min_variance,2021-08-11,2021-07-31,0.0045552731306628454,5.736754049926246
crypto_min_variance,crypto,min_variance,2021-08-12,2021-07-31,-0.025577672446297828,5.5900212339322595
crypto_min_variance,crypto,min_variance,2021-08-13,2021-07-31,0.07652449360487107,6.017794778099402
crypto_min_variance,crypto,min_variance,2021-08-14,2021-07-31,-0.010870394483387698,5.952378974941391
crypto_min_variance,crypto,min_variance,2021-08-15,2021-07-31,-0.0008821725025850069,5.947127949884733
crypto_min_variance,crypto,min_variance,2021-08-16,2021-07-31,-0.023205047521940168,5.809124563188599
crypto_min_variance,crypto,min_variance,2021-08-17,2021-07-31,-0.02951040397957936,5.6376949505612055
crypto_min_variance,crypto,min_variance,2021-08-18,2021-07-31,0.002992604505706079,5.6545663418720515
crypto_min_variance,crypto,min_variance,2021-08-19,2021-07-31,0.04330797967416554,5.899454186072067
crypto_min_variance,crypto,min_variance,2021-08-20,2021-07-31,0.05528924723306138,6.225630567105924
crypto_min_variance,crypto,min_variance,2021-08-21,2021-07-31,-0.00946211711258738,6.166722921580264
crypto_min_variance,crypto,min_variance,2021-08-22,2021-07-31,0.008448325042687006,6.218821401269962
crypto_min_variance,crypto,min_variance,2021-08-23,2021-07-31,0.004907105910958914,6.249337816527332
crypto_min_variance,crypto,min_variance,2021-08-24,2021-07-31,-0.03821905240791205,6.0104940470027275
crypto_min_variance,crypto,min_variance,2021-08-25,2021-07-31,0.026447633233146126,6.169457389107863
crypto_min_variance,crypto,min_variance,2021-08-26,2021-07-31,-0.04200651011279207,5.910300014901863
crypto_min_variance,crypto,min_variance,2021-08-27,2021-07-31,0.046263686695750386,6.183732283069172
crypto_min_variance,crypto,min_variance,2021-08-28,2021-07-31,-0.0037050531854787455,6.1608212260756385
crypto_min_variance,crypto,min_variance,2021-08-29,2021-07-31,-0.0014789386006559446,6.151709749752655
crypto_min_variance,crypto,min_variance,2021-08-30,2021-07-31,-0.03622353808137146,5.928873057366945
crypto_min_variance,crypto,min_variance,2021-08-31,2021-07-31,0.0039343676848159525,5.952199423931226
crypto_min_variance,crypto,min_variance,2021-09-01,2021-08-31,0.03628433978954126,6.168171050324258
crypto_min_variance,crypto,min_variance,2021-09-02,2021-08-31,0.010630891673597572,6.233744208584476
crypto_min_variance,crypto,min_variance,2021-09-03,2021-08-31,0.014324287552006348,6.323038153153894
crypto_min_variance,crypto,min_variance,2021-09-04,2021-08-31,-0.0018426351623375924,6.311387100720091
crypto_min_variance,crypto,min_variance,2021-09-05,2021-08-31,0.03621759955641023,6.539970391379464
crypto_min_variance,crypto,min_variance,2021-09-06,2021-08-31,0.01698673899003256,6.651063161420369
crypto_min_variance,crypto,min_variance,2021-09-07,2021-08-31,-0.11265220738816481,5.901806214808259
crypto_min_variance,crypto,min_variance,2021-09-08,2021-08-31,-0.013644296366186762,5.821280221717612
crypto_min_variance,crypto,min_variance,2021-09-09,2021-08-31,0.006256628068250809,5.857701806945964
crypto_min_variance,crypto,min_variance,2021-09-10,2021-08-31,-0.032300127784865004,5.668497290055974
crypto_min_variance,crypto,min_variance,2021-09-11,2021-08-31,0.007972951584571963,5.713691944506867
crypto_min_variance,crypto,min_variance,2021-09-12,2021-08-31,0.02207150529731347,5.839801726527268
crypto_min_variance,crypto,min_variance,2021-09-13,2021-08-31,-0.024957246171650106,5.6940563572447
crypto_min_variance,crypto,min_variance,2021-09-14,2021-08-31,0.04858140328902243,5.970681605486427
crypto_min_variance,crypto,min_variance,2021-09-15,2021-08-31,0.023000343800242837,6.108009335134401
crypto_min_variance,crypto,min_variance,2021-09-16,2021-08-31,-0.008909908409828582,6.053587531391976
crypto_min_variance,crypto,min_variance,2021-09-17,2021-08-31,-0.0123828847603935,5.9786266546037945
crypto_min_variance,crypto,min_variance,2021-09-18,2021-08-31,0.021011735902790228,6.104247978931711
crypto_min_variance,crypto,min_variance,2021-09-19,2021-08-31,-0.021127785727027035,5.975278735608204
crypto_min_variance,crypto,min_variance,2021-09-20,2021-08-31,-0.09431366783887579,5.411728281693354
crypto_min_variance,crypto,min_variance,2021-09-21,2021-08-31,-0.04976870941149848,5.142393549427769
crypto_min_variance,crypto,min_variance,2021-09-22,2021-08-31,0.0724510259051591,5.514965237691884
crypto_min_variance,crypto,min_variance,2021-09-23,2021-08-31,0.02950538477596036,5.677686409056029
crypto_min_variance,crypto,min_variance,2021-09-24,2021-08-31,-0.04630078260228776,5.414805084946361
crypto_min_variance,crypto,min_variance,2021-09-25,2021-08-31,-0.003156305170923973,5.3977143076572
crypto_min_variance,crypto,min_variance,2021-09-26,2021-08-31,0.010662225765877907,5.45526595622515
crypto_min_variance,crypto,min_variance,2021-09-27,2021-08-31,-0.02244427614957131,5.332826460634278
crypto_min_variance,crypto,min_variance,2021-09-28,2021-08-31,-0.028582315009966667,5.180401934842943
crypto_min_variance,crypto,min_variance,2021-09-29,2021-08-31,0.013553297669781465,5.2506134643149815
crypto_min_variance,crypto,min_variance,2021-09-30,2021-08-31,0.05304362024224348,5.529125010954916
crypto_min_variance,crypto,min_variance,2021-10-01,2021-09-30,0.09860686108607193,6.074334672837673
crypto_min_variance,crypto,min_variance,2021-10-02,2021-09-30,-0.008402244336354883,6.023296628735699
crypto_min_variance,crypto,min_variance,2021-10-03,2021-09-30,0.010297905661391913,6.085323969188999
crypto_min_variance,crypto,min_variance,2021-10-04,2021-09-30,0.018573081114765074,6.19834718487837
crypto_min_variance,crypto,min_variance,2021-10-05,2021-09-30,0.04876591601965114,6.50061526315679
crypto_min_variance,crypto,min_variance,2021-10-06,2021-09-30,0.0737234625584159,6.979863129116797
crypto_min_variance,crypto,min_variance,2021-10-07,2021-09-30,-0.027841425259402613,6.785533791486632
crypto_min_variance,crypto,min_variance,2021-10-08,2021-09-30,0.0030204787597425202,6.806029352177332
crypto_min_variance,crypto,min_variance,2021-10-09,2021-09-30,0.019236231011788694,6.93695170506883
crypto_min_variance,crypto,min_variance,2021-10-10,2021-09-30,-0.0038676884868128615,6.910121736825558
crypto_min_variance,crypto,min_variance,2021-10-11,2021-09-30,0.048936867322433776,7.248281447442456
crypto_min_variance,crypto,min_variance,2021-10-12,2021-09-30,-0.025135866477005768,7.066089612791784
crypto_min_variance,crypto,min_variance,2021-10-13,2021-09-30,0.02427366830535476,7.237609528268605
crypto_min_variance,crypto,min_variance,2021-10-14,2021-09-30,-0.0013749344737481422,7.227658289420661
crypto_min_variance,crypto,min_variance,2021-10-15,2021-09-30,0.07378020686005878,7.760916413127936
crypto_min_variance,crypto,min_variance,2021-10-16,2021-09-30,-0.011291904178571368,7.673280888652994
crypto_min_variance,crypto,min_variance,2021-10-17,2021-09-30,0.010449572942260866,7.75346339700543
crypto_min_variance,crypto,min_variance,2021-10-18,2021-09-30,0.007496905085213172,7.811590376174454
crypto_min_variance,crypto,min_variance,2021-10-19,2021-09-30,0.035784428582121906,8.091123674103459
crypto_min_variance,crypto,min_variance,2021-10-20,2021-09-30,0.02707401285333869,8.31018286045409
crypto_min_variance,crypto,min_variance,2021-10-21,2021-09-30,-0.0571477999993245,7.835274192387045
crypto_min_variance,crypto,min_variance,2021-10-22,2021-09-30,-0.024112421771190936,7.646346756367282
crypto_min_variance,crypto,min_variance,2021-10-23,2021-09-30,0.011500439916345659,7.734283107818428
crypto_min_variance,crypto,min_variance,2021-10-24,2021-09-30,-0.007579783838235131,7.675658913717451
crypto_min_variance,crypto,min_variance,2021-10-25,2021-09-30,0.03434626464936035,7.939289126126213
crypto_min_variance,crypto,min_variance,2021-10-26,2021-09-30,-0.04184793945179941,7.607046235485754
crypto_min_variance,crypto,min_variance,2021-10-27,2021-09-30,-0.031991257790178064,7.363687258344526
crypto_min_variance,crypto,min_variance,2021-10-28,2021-09-30,0.036855435125214206,7.635079156376809
crypto_min_variance,crypto,min_variance,2021-10-29,2021-09-30,0.02651019886713635,7.837486623178686
crypto_min_variance,crypto,min_variance,2021-10-30,2021-09-30,-0.0053053603375012,7.795905932502378
crypto_min_variance,crypto,min_variance,2021-10-31,2021-09-30,-0.008874996176803108,7.726717297156703
crypto_min_variance,crypto,min_variance,2021-11-01,2021-10-31,-0.005338692888278706,7.685466726472632
crypto_min_variance,crypto,min_variance,2021-11-02,2021-10-31,0.03698355388549183,7.969702599286288
crypto_min_variance,crypto,min_variance,2021-11-03,2021-10-31,-0.0035344845822552276,7.941533808323951
crypto_min_variance,crypto,min_variance,2021-11-04,2021-10-31,-0.023897880847421248,7.751747979626857
crypto_min_variance,crypto,min_variance,2021-11-05,2021-10-31,-0.0054664412335095934,7.70937350483925
crypto_min_variance,crypto,min_variance,2021-11-06,2021-10-31,0.006137287788438385,7.756688148707011
crypto_min_variance,crypto,min_variance,2021-11-07,2021-10-31,0.029359855549793895,7.984423392297846
crypto_min_variance,crypto,min_variance,2021-11-08,2021-10-31,0.06655396021294,8.515818389072104
crypto_min_variance,crypto,min_variance,2021-11-09,2021-10-31,-0.008079021589733514,8.44701890845254
crypto_min_variance,crypto,min_variance,2021-11-10,2021-10-31,-0.030363814430633865,8.190535193824232
crypto_min_variance,crypto,min_variance,2021-11-11,2021-10-31,-8.120798101229014e-05,8.189870056997732
crypto_min_variance,crypto,min_variance,2021-11-12,2021-10-31,-0.012349048271427476,8.08873295632715
crypto_min_variance,crypto,min_variance,2021-11-13,2021-10-31,0.005513038047590576,8.13332644887218
crypto_min_variance,crypto,min_variance,2021-11-14,2021-10-31,0.015664360148274666,8.260729803570802
crypto_min_variance,crypto,min_variance,2021-11-15,2021-10-31,-0.02757760124654682,8.032918691042461
crypto_min_variance,crypto,min_variance,2021-11-16,2021-10-31,-0.054606315378969913,7.594270599585775
crypto_min_variance,crypto,min_variance,2021-11-17,2021-10-31,0.0036570240983399313,7.622043030177775
crypto_min_variance,crypto,min_variance,2021-11-18,2021-10-31,-0.05734670729652507,7.184943959524651
crypto_min_variance,crypto,min_variance,2021-11-19,2021-10-31,0.021199347588973377,7.337260083929909
crypto_min_variance,crypto,min_variance,2021-11-20,2021-10-31,0.02665026776528772,7.532800029830199
crypto_min_variance,crypto,min_variance,2021-11-21,2021-10-31,-0.015826980679169423,7.4135785492980295
crypto_min_variance,crypto,min_variance,2021-11-22,2021-10-31,-0.041465615790514686,7.106169949540036
crypto_min_variance,crypto,min_variance,2021-11-23,2021-10-31,0.022589765330469046,7.266696661098576
crypto_min_variance,crypto,min_variance,2021-11-24,2021-10-31,-0.02236734529023217,7.104159947760407
crypto_min_variance,crypto,min_variance,2021-11-25,2021-10-31,0.016722965535830265,7.22296256972783
crypto_min_variance,crypto,min_variance,2021-11-26,2021-10-31,-0.06499752374231317,6.753487888612106
crypto_min_variance,crypto,min_variance,2021-11-27,2021-10-31,0.023015253192730647,6.908921122302553
crypto_min_variance,crypto,min_variance,2021-11-28,2021-10-31,0.043730470197064275,7.211051491535272
crypto_min_variance,crypto,min_variance,2021-11-29,2021-10-31,0.010003628704028914,7.283188173222224
crypto_min_variance,crypto,min_variance,2021-11-30,2021-10-31,-0.01342677227767496,7.185398464164914
crypto_min_variance,crypto,min_variance,2021-12-01,2021-11-30,0.0037980664216529882,7.212689084797856
crypto_min_variance,crypto,min_variance,2021-12-02,2021-11-30,-0.012916730584478496,7.1195247230999135
crypto_min_variance,crypto,min_variance,2021-12-03,2021-11-30,-0.05076360594075589,6.758111975571
crypto_min_variance,crypto,min_variance,2021-12-04,2021-11-30,-0.08192580744225841,6.20444819518715
crypto_min_variance,crypto,min_variance,2021-12-05,2021-11-30,0.002359896776483117,6.219090052482828
crypto_min_variance,crypto,min_variance,2021-12-06,2021-11-30,0.024802582616572054,6.373339547309436
crypto_min_variance,crypto,min_variance,2021-12-07,2021-11-30,0.002633498590947621,6.390123728026905
crypto_min_variance,crypto,min_variance,2021-12-08,2021-11-30,-0.0027932706514281584,6.3722743829584125
crypto_min_variance,crypto,min_variance,2021-12-09,2021-11-30,-0.055270314980292244,6.020076770671454
crypto_min_variance,crypto,min_variance,2021-12-10,2021-11-30,-0.009643595229842183,5.962021587042523
crypto_min_variance,crypto,min_variance,2021-12-11,2021-11-30,0.0448392956818128,6.229354435845274
crypto_min_variance,crypto,min_variance,2021-12-12,2021-11-30,0.014466077020549754,6.319468756902515
crypto_min_variance,crypto,min_variance,2021-12-13,2021-11-30,-0.06711231542008371,5.8953545764019095
crypto_min_variance,crypto,min_variance,2021-12-14,2021-11-30,-0.002317619158356028,5.881691389690339
crypto_min_variance,crypto,min_variance,2021-12-15,2021-11-30,0.04850445204308244,6.166979607633785
crypto_min_variance,crypto,min_variance,2021-12-16,2021-11-30,-0.025178423313165305,6.0117047845091225
crypto_min_variance,crypto,min_variance,2021-12-17,2021-11-30,-0.03102501248805904,5.825191568495203
crypto_min_variance,crypto,min_variance,2021-12-18,2021-11-30,0.014147227385246054,5.907601878177323
crypto_min_variance,crypto,min_variance,2021-12-19,2021-11-30,-0.0030234046259665203,5.889740807330473
crypto_min_variance,crypto,min_variance,2021-12-20,2021-11-30,0.003791163621893185,5.912069778421605
crypto_min_variance,crypto,min_variance,2021-12-21,2021-11-30,0.043814337701034635,6.171103200205451
crypto_min_variance,crypto,min_variance,2021-12-22,2021-11-30,-0.006010777859237178,6.1340100697225886
crypto_min_variance,crypto,min_variance,2021-12-23,2021-11-30,0.044298090144334806,6.405735000737417
crypto_min_variance,crypto,min_variance,2021-12-24,2021-11-30,-0.0004596266086071254,6.402790754483393
crypto_min_variance,crypto,min_variance,2021-12-25,2021-11-30,-0.007262786335626109,6.356288653281857
crypto_min_variance,crypto,min_variance,2021-12-26,2021-11-30,0.007306753553653998,6.402732487987275
crypto_min_variance,crypto,min_variance,2021-12-27,2021-11-30,-0.0032925742403995635,6.381651015929159
crypto_min_variance,crypto,min_variance,2021-12-28,2021-11-30,-0.06024217319981156,5.997206490126802
crypto_min_variance,crypto,min_variance,2021-12-29,2021-11-30,-0.024025532568397786,5.853120410278853
crypto_min_variance,crypto,min_variance,2021-12-30,2021-11-30,0.01597096154889286,5.946600371292456
crypto_min_variance,crypto,min_variance,2021-12-31,2021-11-30,-0.018602084459870775,5.835981208936575
crypto_min_variance,crypto,min_variance,2022-01-01,2021-12-31,0.029472623538595782,6.007982886085882
crypto_min_variance,crypto,min_variance,2022-01-02,2021-12-31,-0.006556763561220953,5.968589962821955
crypto_min_variance,crypto,min_variance,2022-01-03,2021-12-31,-0.01866356730436854,5.857194782338649
crypto_min_variance,crypto,min_variance,2022-01-04,2021-12-31,-0.012032320351632505,5.78671913835564
crypto_min_variance,crypto,min_variance,2022-01-05,2021-12-31,-0.05107121482532153,5.491184362106879
crypto_min_variance,crypto,min_variance,2022-01-06,2021-12-31,-0.009083695205962937,5.44130411704175
crypto_min_variance,crypto,min_variance,2022-01-07,2021-12-31,-0.03710206895753736,5.239420476472335
crypto_min_variance,crypto,min_variance,2022-01-08,2021-12-31,0.0032469664958601893,5.256432699217164
crypto_min_variance,crypto,min_variance,2022-01-09,2021-12-31,0.004380583670449598,5.2794589424641725
crypto_min_variance,crypto,min_variance,2022-01-10,2021-12-31,-0.0030656135577765272,5.263274161552429
crypto_min_variance,crypto,min_variance,2022-01-11,2021-12-31,0.022057202757550753,5.379367266902369
crypto_min_variance,crypto,min_variance,2022-01-12,2021-12-31,0.02885633634177712,5.53459609806205
crypto_min_variance,crypto,min_variance,2022-01-13,2021-12-31,-0.030878857813232505,5.3636940920963205
crypto_min_variance,crypto,min_variance,2022-01-14,2021-12-31,0.012064364024658068,5.428403650140278
crypto_min_variance,crypto,min_variance,2022-01-15,2021-12-31,0.0020871676978686357,5.439733638889843
crypto_min_variance,crypto,min_variance,2022-01-16,2021-12-31,-0.0010882640497301146,5.433813772330531
crypto_min_variance,crypto,min_variance,2022-01-17,2021-12-31,-0.01939732051291174,5.328412344981161
crypto_min_variance,crypto,min_variance,2022-01-18,2021-12-31,0.0021256369037855965,5.33973861490024
crypto_min_variance,crypto,min_variance,2022-01-19,2021-12-31,-0.014411745579386607,5.262783660521871
crypto_min_variance,crypto,min_variance,2022-01-20,2021-12-31,-0.02544389144667215,5.128877964356232
crypto_min_variance,crypto,min_variance,2022-01-21,2021-12-31,-0.10387409655023742,4.596120399492308
crypto_min_variance,crypto,min_variance,2022-01-22,2021-12-31,-0.03994316423324224,4.412536807539631
crypto_min_variance,crypto,min_variance,2022-01-23,2021-12-31,0.0353881026988853,4.568688113247455
crypto_min_variance,crypto,min_variance,2022-01-24,2021-12-31,0.00901532243468532,4.609876309691895
crypto_min_variance,crypto,min_variance,2022-01-25,2021-12-31,0.008315006883341476,4.648207462938336
crypto_min_variance,crypto,min_variance,2022-01-26,2021-12-31,-0.0024740179864531295,4.636707714070261
crypto_min_variance,crypto,min_variance,2022-01-27,2021-12-31,0.007383141306396068,4.670941182319698
crypto_min_variance,crypto,min_variance,2022-01-28,2021-12-31,0.017360430286581616,4.752030731088082
crypto_min_variance,crypto,min_variance,2022-01-29,2021-12-31,0.01005371803377483,4.799806308146274
crypto_min_variance,crypto,min_variance,2022-01-30,2021-12-31,-0.006317579671944066,4.76948314938466
crypto_min_variance,crypto,min_variance,2022-01-31,2021-12-31,0.01487221210618378,4.840415914419178
crypto_min_variance,crypto,min_variance,2022-02-01,2022-01-31,0.006945604145396538,4.874035527259811
crypto_min_variance,crypto,min_variance,2022-02-02,2022-01-31,-0.04567262522897483,4.651425529270565
crypto_min_variance,crypto,min_variance,2022-02-03,2022-01-31,0.005731988127173729,4.678087445178777
crypto_min_variance,crypto,min_variance,2022-02-04,2022-01-31,0.11593121926923092,5.220423826546434
crypto_min_variance,crypto,min_variance,2022-02-05,2022-01-31,-0.0011550810279977628,5.214393814026283
crypto_min_variance,crypto,min_variance,2022-02-06,2022-01-31,0.023425657399246066,5.33654441705841
crypto_min_variance,crypto,min_variance,2022-02-07,2022-01-31,0.03508938237508011,5.523800464670172
crypto_min_variance,crypto,min_variance,2022-02-08,2022-01-31,0.006521663078401036,5.559824830213066
crypto_min_variance,crypto,min_variance,2022-02-09,2022-01-31,0.0052814570543421036,5.5891888062835005
crypto_min_variance,crypto,min_variance,2022-02-10,2022-01-31,-0.017660737271991998,5.4904796112121685
crypto_min_variance,crypto,min_variance,2022-02-11,2022-01-31,-0.02782935352598096,5.337683113084555
crypto_min_variance,crypto,min_variance,2022-02-12,2022-01-31,-0.0032838652316081775,5.320154881092154
crypto_min_variance,crypto,min_variance,2022-02-13,2022-01-31,-0.0008860537110979313,5.315440938116147
crypto_min_variance,crypto,min_variance,2022-02-14,2022-01-31,0.008918983362868631,5.3628492674095165
crypto_min_variance,crypto,min_variance,2022-02-15,2022-01-31,0.04658771981543233,5.612692186491987
crypto_min_variance,crypto,min_variance,2022-02-16,2022-01-31,-0.01361028426411917,5.536301850346831
crypto_min_variance,crypto,min_variance,2022-02-17,2022-01-31,-0.07758357858963692,5.106775740644495
crypto_min_variance,crypto,min_variance,2022-02-18,2022-01-31,-0.011752318241680238,5.0467592869515485
crypto_min_variance,crypto,min_variance,2022-02-19,2022-01-31,0.002708805001254519,5.06042997374817
crypto_min_variance,crypto,min_variance,2022-02-20,2022-01-31,-0.041855071988237916,4.8486253129055035
crypto_min_variance,crypto,min_variance,2022-02-21,2022-01-31,-0.035843209152945935,4.674835021710764
crypto_min_variance,crypto,min_variance,2022-02-22,2022-01-31,0.03298520873131637,4.8290354306863605
crypto_min_variance,crypto,min_variance,2022-02-23,2022-01-31,-0.025927499162120247,4.703830618603391
crypto_min_variance,crypto,min_variance,2022-02-24,2022-01-31,0.027025372721133378,4.830953394288227
crypto_min_variance,crypto,min_variance,2022-02-25,2022-01-31,0.022635616397146063,4.940305002153825
crypto_min_variance,crypto,min_variance,2022-02-26,2022-01-31,-0.0028743491888946955,4.926104840477992
crypto_min_variance,crypto,min_variance,2022-02-27,2022-01-31,-0.03548610583620094,4.751296562748568
crypto_min_variance,crypto,min_variance,2022-02-28,2022-01-31,0.14327901260213058,5.432057642839079
crypto_min_variance,crypto,min_variance,2022-03-01,2022-02-28,0.026063708725036754,5.573637211019647
crypto_min_variance,crypto,min_variance,2022-03-02,2022-02-28,-0.009748699051675507,5.519301499226196
crypto_min_variance,crypto,min_variance,2022-03-03,2022-02-28,-0.03317844473796186,5.33617965944197
crypto_min_variance,crypto,min_variance,2022-03-04,2022-02-28,-0.07623891109230974,4.929355132813182
crypto_min_variance,crypto,min_variance,2022-03-05,2022-02-28,0.008032378915808564,4.9689495810505235
crypto_min_variance,crypto,min_variance,2022-03-06,2022-02-28,-0.02493373214203766,4.8450551231693195
crypto_min_variance,crypto,min_variance,2022-03-07,2022-02-28,-0.009109625490153268,4.800918485518099
crypto_min_variance,crypto,min_variance,2022-03-08,2022-02-28,0.018178058455612076,4.888189862388476
crypto_min_variance,crypto,min_variance,2022-03-09,2022-02-28,0.08088025194859808,5.283547890031039
crypto_min_variance,crypto,min_variance,2022-03-10,2022-02-28,-0.05895113540354148,4.972076742954723
crypto_min_variance,crypto,min_variance,2022-03-11,2022-02-28,-0.015128531159713438,4.896856525020445
crypto_min_variance,crypto,min_variance,2022-03-12,2022-02-28,0.0022835592719033836,4.908038787141337
crypto_min_variance,crypto,min_variance,2022-03-13,2022-02-28,-0.02632909281701186,4.778814578365199
crypto_min_variance,crypto,min_variance,2022-03-14,2022-02-28,0.046652818164389424,5.001759745931004
crypto_min_variance,crypto,min_variance,2022-03-15,2022-02-28,-0.007761739858130918,4.962937387950217
crypto_min_variance,crypto,min_variance,2022-03-16,2022-02-28,0.04454519331645496,5.184012393313921
crypto_min_variance,crypto,min_variance,2022-03-17,2022-02-28,-0.0046656188772768,5.159825767231639
crypto_min_variance,crypto,min_variance,2022-03-18,2022-02-28,0.02048414771600953,5.265520400436484
crypto_min_variance,crypto,min_variance,2022-03-19,2022-02-28,0.009165886735458028,5.313783564030129
crypto_min_variance,crypto,min_variance,2022-03-20,2022-02-28,-0.021795734664563565,5.19796574740361
crypto_min_variance,crypto,min_variance,2022-03-21,2022-02-28,-0.00362539920879584,5.179121046495625
crypto_min_variance,crypto,min_variance,2022-03-22,2022-02-28,0.030899987982913213,5.3391558245943935
crypto_min_variance,crypto,min_variance,2022-03-23,2022-02-28,0.012645380264260313,5.40667148028653
crypto_min_variance,crypto,min_variance,2022-03-24,2022-02-28,0.02463227471047266,5.539850097458225
crypto_min_variance,crypto,min_variance,2022-03-25,2022-02-28,0.007799276254713048,5.583056918778
crypto_min_variance,crypto,min_variance,2022-03-26,2022-02-28,0.004272954048087024,5.6069130644397935
crypto_min_variance,crypto,min_variance,2022-03-27,2022-02-28,0.0518131222975191,5.89742473675917
crypto_min_variance,crypto,min_variance,2022-03-28,2022-02-28,0.006286067581103861,5.934496347208912
crypto_min_variance,crypto,min_variance,2022-03-29,2022-02-28,0.007021912907170276,5.976167863706933
crypto_min_variance,crypto,min_variance,2022-03-30,2022-02-28,-0.006223223199606737,5.938976837212768
crypto_min_variance,crypto,min_variance,2022-03-31,2022-02-28,-0.03089504334664828,5.7554918903923395
crypto_min_variance,crypto,min_variance,2022-04-01,2022-03-31,0.01618926771770586,5.848669089452986
crypto_min_variance,crypto,min_variance,2022-04-02,2022-03-31,-0.009542427685904863,5.792858587608094
crypto_min_variance,crypto,min_variance,2022-04-03,2022-03-31,0.012084667682449946,5.862863358570764
crypto_min_variance,crypto,min_variance,2022-04-04,2022-03-31,0.0018001113979557197,5.873417165727185
crypto_min_variance,crypto,min_variance,2022-04-05,2022-03-31,-0.02267853503974709,5.740216668731189
crypto_min_variance,crypto,min_variance,2022-04-06,2022-03-31,-0.053452485375948586,5.433387821191059
crypto_min_variance,crypto,min_variance,2022-04-07,2022-03-31,0.007528098384228104,5.474290899268651
crypto_min_variance,crypto,min_variance,2022-04-08,2022-03-31,-0.028092533627032533,5.320504198096788
crypto_min_variance,crypto,min_variance,2022-04-09,2022-03-31,0.012262625109199943,5.385747546469974
crypto_min_variance,crypto,min_variance,2022-04-10,2022-03-31,-0.013855001441394626,5.3111280064506445
crypto_min_variance,crypto,min_variance,2022-04-11,2022-03-31,-0.06395390971250216,4.971460605454559
crypto_min_variance,crypto,min_variance,2022-04-12,2022-03-31,0.016080777982321975,5.0514055596987335
crypto_min_variance,crypto,min_variance,2022-04-13,2022-03-31,0.025856176142654414,5.1820155916182875
crypto_min_variance,crypto,min_variance,2022-04-14,2022-03-31,-0.029422760611039725,5.029546387383427
crypto_min_variance,crypto,min_variance,2022-04-15,2022-03-31,0.016380744471979198,5.111934101565121
crypto_min_variance,crypto,min_variance,2022-04-16,2022-03-31,-0.002972404257940637,5.096739366875317
crypto_min_variance,crypto,min_variance,2022-04-17,2022-03-31,-0.018077159987562225,5.004604793925406
crypto_min_variance,crypto,min_variance,2022-04-18,2022-03-31,0.02760486653645368,5.142756241329413
crypto_min_variance,crypto,min_variance,2022-04-19,2022-03-31,0.017177465379776394,5.231095758621478
crypto_min_variance,crypto,min_variance,2022-04-20,2022-03-31,-0.0035984092669035577,5.212272135167595
crypto_min_variance,crypto,min_variance,2022-04-21,2022-03-31,-0.012517905403938209,5.147025405639984
crypto_min_variance,crypto,min_variance,2022-04-22,2022-03-31,-0.021688118725360712,5.035396107560016
crypto_min_variance,crypto,min_variance,2022-04-23,2022-03-31,-0.005460746913116725,5.007899083809338
crypto_min_variance,crypto,min_variance,2022-04-24,2022-03-31,-0.0018911690705631955,4.998428299953536
crypto_min_variance,crypto,min_variance,2022-04-25,2022-03-31,0.023434889602843737,5.115565915350677
crypto_min_variance,crypto,min_variance,2022-04-26,2022-03-31,-0.05764174912262579,4.820695748237778
crypto_min_variance,crypto,min_variance,2022-04-27,2022-03-31,0.029015273958796925,4.960569556044905
crypto_min_variance,crypto,min_variance,2022-04-28,2022-03-31,0.013229820496660378,5.0261970008325765
crypto_min_variance,crypto,min_variance,2022-04-29,2022-03-31,-0.028063479744629097,4.885144423107196
crypto_min_variance,crypto,min_variance,2022-04-30,2022-03-31,-0.02268768078917611,4.774311825826715
crypto_min_variance,crypto,min_variance,2022-05-01,2022-04-30,0.02557384598895032,4.896409341163632
crypto_min_variance,crypto,min_variance,2022-05-02,2022-04-30,-8.608605313871556e-06,4.896367189908159
crypto_min_variance,crypto,min_variance,2022-05-03,2022-04-30,-0.01657469199977885,4.815211411817608
crypto_min_variance,crypto,min_variance,2022-05-04,2022-04-30,0.05875098188038447,5.098109810223525
crypto_min_variance,crypto,min_variance,2022-05-05,2022-04-30,-0.08152731814523913,4.682474589786066
crypto_min_variance,crypto,min_variance,2022-05-06,2022-04-30,-0.0059682336031613905,4.654528487593356
crypto_min_variance,crypto,min_variance,2022-05-07,2022-04-30,-0.01593851627733606,4.580342209530524
crypto_min_variance,crypto,min_variance,2022-05-08,2022-04-30,-0.035967337226368135,4.415599496668172
crypto_min_variance,crypto,min_variance,2022-05-09,2022-04-30,-0.11315393989337157,3.91595701662898
crypto_min_variance,crypto,min_variance,2022-05-10,2022-04-30,0.02535956625103396,4.0152639880283845
crypto_min_variance,crypto,min_variance,2022-05-11,2022-04-30,-0.06573559244812292,3.751318230939726
crypto_min_variance,crypto,min_variance,2022-05-12,2022-04-30,-0.0012731820648820198,3.7465421198484283
crypto_min_variance,crypto,min_variance,2022-05-13,2022-04-30,0.012957538929309518,3.795088085216662
crypto_min_variance,crypto,min_variance,2022-05-14,2022-04-30,0.025332194020017115,3.8912259929144257
crypto_min_variance,crypto,min_variance,2022-05-15,2022-04-30,0.03787985941199782,4.038625086466336
crypto_min_variance,crypto,min_variance,2022-05-16,2022-04-30,-0.0460410930284033,3.8526823731534963
crypto_min_variance,crypto,min_variance,2022-05-17,2022-04-30,0.02027356726782581,3.9307899884071906
crypto_min_variance,crypto,min_variance,2022-05-18,2022-04-30,-0.054171195985581504,3.717854393567023
crypto_min_variance,crypto,min_variance,2022-05-19,2022-04-30,0.05453530046655161,3.9206087000110896
crypto_min_variance,crypto,min_variance,2022-05-20,2022-04-30,-0.0364005069723619,3.7778965556904334
crypto_min_variance,crypto,min_variance,2022-05-21,2022-04-30,0.009455679589777726,3.8136191350443673
crypto_min_variance,crypto,min_variance,2022-05-22,2022-04-30,0.031510936444861186,3.933789845233657
crypto_min_variance,crypto,min_variance,2022-05-23,2022-04-30,-0.039547388396605175,3.7782187303535797
crypto_min_variance,crypto,min_variance,2022-05-24,2022-04-30,0.021015549118914446,3.8576200716633275
crypto_min_variance,crypto,min_variance,2022-05-25,2022-04-30,-0.00046608157509695815,3.855822106024201
crypto_min_variance,crypto,min_variance,2022-05-26,2022-04-30,-0.010866091043807523,3.8139243919714163
crypto_min_variance,crypto,min_variance,2022-05-27,2022-04-30,-0.02183569360242604,3.7306447075255096
crypto_min_variance,crypto,min_variance,2022-05-28,2022-04-30,0.006618959767676458,3.755337694752116
crypto_min_variance,crypto,min_variance,2022-05-29,2022-04-30,0.020300596183775426,3.831573288826989
crypto_min_variance,crypto,min_variance,2022-05-30,2022-04-30,0.07525138714014158,4.119904493740335
crypto_min_variance,crypto,min_variance,2022-05-31,2022-04-30,0.0025507138153115284,4.130413191050282
crypto_min_variance,crypto,min_variance,2022-06-01,2022-05-31,-0.06012586243013589,3.8820685357455744
crypto_min_variance,crypto,min_variance,2022-06-02,2022-05-31,0.02178998048283921,3.9666587333725145
crypto_min_variance,crypto,min_variance,2022-06-03,2022-05-31,-0.02559006729817593,3.8651516694366146
crypto_min_variance,crypto,min_variance,2022-06-04,2022-05-31,0.003667416503230491,3.879326790456595
crypto_min_variance,crypto,min_variance,2022-06-05,2022-05-31,0.0029797355230809885,3.8908861582997583
crypto_min_variance,crypto,min_variance,2022-06-06,2022-05-31,0.04679349525628489,4.0729543212909025
crypto_min_variance,crypto,min_variance,2022-06-07,2022-05-31,-0.0063555854461497426,4.047068312083673
crypto_min_variance,crypto,min_variance,2022-06-08,2022-05-31,-0.029570398810003482,3.9273948880840313
crypto_min_variance,crypto,min_variance,2022-06-09,2022-05-31,-0.003027660926238322,3.9155040680394713
crypto_min_variance,crypto,min_variance,2022-06-10,2022-05-31,-0.03371634869326403,3.7834875675715587
crypto_min_variance,crypto,min_variance,2022-06-11,2022-05-31,-0.02548049376805295,3.6870824361845456
crypto_min_variance,crypto,min_variance,2022-06-12,2022-05-31,-0.05338131848919013,3.490261114362679
crypto_min_variance,crypto,min_variance,2022-06-13,2022-05-31,-0.160008292639329,2.931790392588065
crypto_min_variance,crypto,min_variance,2022-06-14,2022-05-31,-0.01783949340159431,2.8794887372246327
crypto_min_variance,crypto,min_variance,2022-06-15,2022-05-31,0.021777780671175546,2.942197611389031
crypto_min_variance,crypto,min_variance,2022-06-16,2022-05-31,-0.09536427057612308,2.6616170822881045
crypto_min_variance,crypto,min_variance,2022-06-17,2022-05-31,0.00482770874292344,2.674466594346581
crypto_min_variance,crypto,min_variance,2022-06-18,2022-05-31,-0.06681879793269896,2.4957619514011835
crypto_min_variance,crypto,min_variance,2022-06-19,2022-05-31,0.07736332870770117,2.6888424036236067
crypto_min_variance,crypto,min_variance,2022-06-20,2022-05-31,0.00187972641318422,2.693896691710588
crypto_min_variance,crypto,min_variance,2022-06-21,2022-05-31,0.008000580432995195,2.7154494288707984
crypto_min_variance,crypto,min_variance,2022-06-22,2022-05-31,-0.03453885659416917,2.6216609104583113
crypto_min_variance,crypto,min_variance,2022-06-23,2022-05-31,0.05283795760048612,2.760184118487959
crypto_min_variance,crypto,min_variance,2022-06-24,2022-05-31,0.008188228667184074,2.782785137213669
crypto_min_variance,crypto,min_variance,2022-06-25,2022-05-31,0.011434034094964466,2.814603597351531
crypto_min_variance,crypto,min_variance,2022-06-26,2022-05-31,-0.02100832700238979,2.7554734845962674
crypto_min_variance,crypto,min_variance,2022-06-27,2022-05-31,-0.011680884172508304,2.7232871179822804
crypto_min_variance,crypto,min_variance,2022-06-28,2022-05-31,-0.02162634785557241,2.6643923634581963
crypto_min_variance,crypto,min_variance,2022-06-29,2022-05-31,-0.009162910677640385,2.6399787742216416
crypto_min_variance,crypto,min_variance,2022-06-30,2022-05-31,-0.015183868677443011,2.599893683202623
crypto_min_variance,crypto,min_variance,2022-07-01,2022-06-30,-0.024306491833669737,2.536699388623449
crypto_min_variance,crypto,min_variance,2022-07-02,2022-06-30,-0.0014871747337216307,2.532926873385641
crypto_min_variance,crypto,min_variance,2022-07-03,2022-06-30,0.004051758146368431,2.5431896804790366
crypto_min_variance,crypto,min_variance,2022-07-04,2022-06-30,0.046400133066292364,2.6611940200660857
crypto_min_variance,crypto,min_variance,2022-07-05,2022-06-30,-0.0010565410351929183,2.658382359381276
crypto_min_variance,crypto,min_variance,2022-07-06,2022-06-30,0.016135180598944948,2.701275838850942
crypto_min_variance,crypto,min_variance,2022-07-07,2022-06-30,0.05076733681307647,2.8384124191869136
crypto_min_variance,crypto,min_variance,2022-07-08,2022-06-30,0.004393740740382025,2.8508836674711016
crypto_min_variance,crypto,min_variance,2022-07-09,2022-06-30,-0.005301294982250269,2.835770292189758
crypto_min_variance,crypto,min_variance,2022-07-10,2022-06-30,-0.03373436248543753,2.740107389227594
crypto_min_variance,crypto,min_variance,2022-07-11,2022-06-30,-0.042697744927521805,2.6231109828483365
crypto_min_variance,crypto,min_variance,2022-07-12,2022-06-30,-0.03050148244785039,2.5431022092462245
crypto_min_variance,crypto,min_variance,2022-07-13,2022-06-30,0.04468532825746298,2.6567415662586717
crypto_min_variance,crypto,min_variance,2022-07-14,2022-06-30,0.01721998953090058,2.702490628215955
crypto_min_variance,crypto,min_variance,2022-07-15,2022-06-30,0.012342479692786365,2.735846063914656
crypto_min_variance,crypto,min_variance,2022-07-16,2022-06-30,0.017604505296974375,2.784009280438548
crypto_min_variance,crypto,min_variance,2022-07-17,2022-06-30,-0.019511128072459423,2.729690118812996
crypto_min_variance,crypto,min_variance,2022-07-18,2022-06-30,0.07865187517587967,2.9443853653067076
crypto_min_variance,crypto,min_variance,2022-07-19,2022-06-30,0.03783084722658679,3.055773958237823
crypto_min_variance,crypto,min_variance,2022-07-20,2022-06-30,-0.007673687440038467,3.0323249039948967
crypto_min_variance,crypto,min_variance,2022-07-21,2022-06-30,-0.002334958539629841,3.0252445510653816
crypto_min_variance,crypto,min_variance,2022-07-22,2022-06-30,-0.019108275282080745,2.9674373453880096
crypto_min_variance,crypto,min_variance,2022-07-23,2022-06-30,-0.01040864796776618,2.936550334693463
crypto_min_variance,crypto,min_variance,2022-07-24,2022-06-30,0.00599777222376497,2.954163094724575
crypto_min_variance,crypto,min_variance,2022-07-25,2022-06-30,-0.05463198492547276,2.7927713010661943
crypto_min_variance,crypto,min_variance,2022-07-26,2022-06-30,-0.003967928223244283,2.781689784999627
crypto_min_variance,crypto,min_variance,2022-07-27,2022-06-30,0.07787931827967698,2.9983258891209394
crypto_min_variance,crypto,min_variance,2022-07-28,2022-06-30,0.038390939580503394,3.1134344371728404
crypto_min_variance,crypto,min_variance,2022-07-29,2022-06-30,-0.001949005846386351,3.10736633525245
crypto_min_variance,crypto,min_variance,2022-07-30,2022-06-30,-0.005987800777145602,3.0887600446953494
crypto_min_variance,crypto,min_variance,2022-07-31,2022-06-30,-0.012860229864076238,3.049037880525593
crypto_min_variance,crypto,min_variance,2022-08-01,2022-07-31,9.81713319499774e-05,3.04933720863549
crypto_min_variance,crypto,min_variance,2022-08-02,2022-07-31,-0.014968283097841338,3.003693866035853
crypto_min_variance,crypto,min_variance,2022-08-03,2022-07-31,-0.005886735570756188,2.9860119145109976
crypto_min_variance,crypto,min_variance,2022-08-04,2022-07-31,-0.007630463526848832,2.9632272595065854
crypto_min_variance,crypto,min_variance,2022-08-05,2022-07-31,0.027959113537117785,3.0460764668914124
crypto_min_variance,crypto,min_variance,2022-08-06,2022-07-31,-0.013459964337353695,3.0050763862782017
crypto_min_variance,crypto,min_variance,2022-08-07,2022-07-31,0.008857613184000301,3.0316941904962276
crypto_min_variance,crypto,min_variance,2022-08-08,2022-07-31,0.025913111300911007,3.1102548194848816
crypto_min_variance,crypto,min_variance,2022-08-09,2022-07-31,-0.026835334626704045,3.0267900906296856
crypto_min_variance,crypto,min_variance,2022-08-10,2022-07-31,0.03334095452450943,3.1277061613966057
crypto_min_variance,crypto,min_variance,2022-08-11,2022-07-31,0.00039302837269381664,3.128935438659484
crypto_min_variance,crypto,min_variance,2022-08-12,2022-07-31,0.017412163796415962,3.1834169750258337
crypto_min_variance,crypto,min_variance,2022-08-13,2022-07-31,0.00027002517462164897,3.1842765777504085
crypto_min_variance,crypto,min_variance,2022-08-14,2022-07-31,-0.0034961583955462174,3.1731438424593654
crypto_min_variance,crypto,min_variance,2022-08-15,2022-07-31,-0.008423732474774577,3.1464141276265094
crypto_min_variance,crypto,min_variance,2022-08-16,2022-07-31,-0.008991634549997482,3.118122721647943
crypto_min_variance,crypto,min_variance,2022-08-17,2022-07-31,-0.022814949535392183,3.0469829091083853
crypto_min_variance,crypto,min_variance,2022-08-18,2022-07-31,-0.005705885377454232,3.029597173881951
crypto_min_variance,crypto,min_variance,2022-08-19,2022-07-31,-0.09706741245114868,2.7355220154439173
crypto_min_variance,crypto,min_variance,2022-08-20,2022-07-31,0.014710895923315174,2.77576399510905
crypto_min_variance,crypto,min_variance,2022-08-21,2022-07-31,0.016384508212518887,2.8212435230829285
crypto_min_variance,crypto,min_variance,2022-08-22,2022-07-31,-0.006288171314223597,2.8035030604906392
crypto_min_variance,crypto,min_variance,2022-08-23,2022-07-31,0.006357478308571821,2.821326270385723
crypto_min_variance,crypto,min_variance,2022-08-24,2022-07-31,-0.007226421255336518,2.8009381782571685
crypto_min_variance,crypto,min_variance,2022-08-25,2022-07-31,0.00964976064636078,2.827966561262604
crypto_min_variance,crypto,min_variance,2022-08-26,2022-07-31,-0.06185015618114811,2.6530563877734474
crypto_min_variance,crypto,min_variance,2022-08-27,2022-07-31,-0.008611430738092608,2.6302097764458825
crypto_min_variance,crypto,min_variance,2022-08-28,2022-07-31,-0.02130746365406121,2.5741666772317053
crypto_min_variance,crypto,min_variance,2022-08-29,2022-07-31,0.03444750149859787,2.6628402877032853
crypto_min_variance,crypto,min_variance,2022-08-30,2022-07-31,-0.02150759168934901,2.6055690060614145
crypto_min_variance,crypto,min_variance,2022-08-31,2022-07-31,0.010502387333322911,2.632933700986773
crypto_min_variance,crypto,min_variance,2022-09-01,2022-08-31,0.0033877437404152624,2.6418534056512195
crypto_min_variance,crypto,min_variance,2022-09-02,2022-08-31,-0.008009919485609182,2.620692372579171
crypto_min_variance,crypto,min_variance,2022-09-03,2022-08-31,-0.005764369084652981,2.60558573448629
crypto_min_variance,crypto,min_variance,2022-09-04,2022-08-31,0.007697575245210863,2.625642426735346
crypto_min_variance,crypto,min_variance,2022-09-05,2022-08-31,-0.0087356822104611,2.6027056488970826
crypto_min_variance,crypto,min_variance,2022-09-06,2022-08-31,-0.04812424010607635,2.4774524173241184
crypto_min_variance,crypto,min_variance,2022-09-07,2022-08-31,0.023531875497694494,2.5357515191600517
crypto_min_variance,crypto,min_variance,2022-09-08,2022-08-31,0.001184221178374406,2.538754409812136
crypto_min_variance,crypto,min_variance,2022-09-09,2022-08-31,0.10088338512854853,2.7948725486840145
crypto_min_variance,crypto,min_variance,2022-09-10,2022-08-31,0.01443075960009364,2.8352046825469746
crypto_min_variance,crypto,min_variance,2022-09-11,2022-08-31,0.0031303209741029418,2.8440797832306264
crypto_min_variance,crypto,min_variance,2022-09-12,2022-08-31,0.02524196318699048,2.915869940419798
crypto_min_variance,crypto,min_variance,2022-09-13,2022-08-31,-0.08898088249195553,2.6564132598894785
crypto_min_variance,crypto,min_variance,2022-09-14,2022-08-31,-0.0019125715128266118,2.651332679562319
crypto_min_variance,crypto,min_variance,2022-09-15,2022-08-31,-0.025116192880418654,2.5847412965922745
crypto_min_variance,crypto,min_variance,2022-09-16,2022-08-31,0.003400537591449658,2.593530806535509
crypto_min_variance,crypto,min_variance,2022-09-17,2022-08-31,0.0178269638622829,2.639765586499335
crypto_min_variance,crypto,min_variance,2022-09-18,2022-08-31,-0.03424804729097865,2.549358769855808
crypto_min_variance,crypto,min_variance,2022-09-19,2022-08-31,0.005278395390998958,2.5628152934366173
crypto_min_variance,crypto,min_variance,2022-09-20,2022-08-31,-0.03166509565849796,2.4816635020148854
crypto_min_variance,crypto,min_variance,2022-09-21,2022-08-31,-0.017514802293692126,2.438197656417623
crypto_min_variance,crypto,min_variance,2022-09-22,2022-08-31,0.04456399782460937,2.5468534914741854
crypto_min_variance,crypto,min_variance,2022-09-23,2022-08-31,-0.005295361269961689,2.5333669821351665
crypto_min_variance,crypto,min_variance,2022-09-24,2022-08-31,-0.018005995692310036,2.4877511871678
crypto_min_variance,crypto,min_variance,2022-09-25,2022-08-31,-0.006773136406997729,2.470901309030442
crypto_min_variance,crypto,min_variance,2022-09-26,2022-08-31,0.02048066510810205,2.5215070112558653
crypto_min_variance,crypto,min_variance,2022-09-27,2022-08-31,-0.005571320789843607,2.5074588868223193
crypto_min_variance,crypto,min_variance,2022-09-28,2022-08-31,0.015544909477667086,2.5464371082369444
crypto_min_variance,crypto,min_variance,2022-09-29,2022-08-31,0.00876639942511107,2.568760193038674
crypto_min_variance,crypto,min_variance,2022-09-30,2022-08-31,-0.006701970743022987,2.5515444373790865
crypto_min_variance,crypto,min_variance,2022-10-01,2022-09-30,-0.006384688865678471,2.5352536200194686
crypto_min_variance,crypto,min_variance,2022-10-02,2022-09-30,-0.012147039796360014,2.5044577934032266
crypto_min_variance,crypto,min_variance,2022-10-03,2022-09-30,0.02857950500606582,2.5760339574472746
crypto_min_variance,crypto,min_variance,2022-10-04,2022-09-30,0.03455810862839151,2.6650568187791626
crypto_min_variance,crypto,min_variance,2022-10-05,2022-09-30,-0.007788686403880301,2.644299526969169
crypto_min_variance,crypto,min_variance,2022-10-06,2022-09-30,-0.008842635157548604,2.620916951004902
crypto_min_variance,crypto,min_variance,2022-10-07,2022-09-30,-0.01913446318491619,2.5707671120951763
crypto_min_variance,crypto,min_variance,2022-10-08,2022-09-30,-0.006679130920013509,2.5535966219886275
crypto_min_variance,crypto,min_variance,2022-10-09,2022-09-30,0.0018895495357568383,2.5584217693002165
crypto_min_variance,crypto,min_variance,2022-10-10,2022-09-30,-0.013815845719853214,2.523075008849251
crypto_min_variance,crypto,min_variance,2022-10-11,2022-09-30,-0.0059230301133888835,2.508130759593498
crypto_min_variance,crypto,min_variance,2022-10-12,2022-09-30,0.005300492907895433,2.5214250888967977
crypto_min_variance,crypto,min_variance,2022-10-13,2022-09-30,0.009733865200962456,2.545968300826444
crypto_min_variance,crypto,min_variance,2022-10-14,2022-09-30,-0.005276545020100129,2.5325343844673855
crypto_min_variance,crypto,min_variance,2022-10-15,2022-09-30,-0.008421020905493118,2.5112078594719054
crypto_min_variance,crypto,min_variance,2022-10-16,2022-09-30,0.00962576521782828,2.535380156740347
crypto_min_variance,crypto,min_variance,2022-10-17,2022-09-30,0.014584428940199087,2.5723572284727174
crypto_min_variance,crypto,min_variance,2022-10-18,2022-09-30,-0.01079922239908672,2.544577770672542
crypto_min_variance,crypto,min_variance,2022-10-19,2022-09-30,-0.009755152636564679,2.519755026124022
crypto_min_variance,crypto,min_variance,2022-10-20,2022-09-30,-0.003519843120460118,2.5108858837300745
crypto_min_variance,crypto,min_variance,2022-10-21,2022-09-30,0.00496175644574009,2.52334428794819
crypto_min_variance,crypto,min_variance,2022-10-22,2022-09-30,0.0016763460646361133,2.527574286215014
crypto_min_variance,crypto,min_variance,2022-10-23,2022-09-30,0.017436324032081774,2.571645890484617
crypto_min_variance,crypto,min_variance,2022-10-24,2022-09-30,-0.011064847975442613,2.5431910196597327
crypto_min_variance,crypto,min_variance,2022-10-25,2022-09-30,0.0369556714904449,2.6371763515197273
crypto_min_variance,crypto,min_variance,2022-10-26,2022-09-30,0.03211898368423191,2.7218797757266318
crypto_min_variance,crypto,min_variance,2022-10-27,2022-09-30,-0.02196928377525226,2.662082026531573
crypto_min_variance,crypto,min_variance,2022-10-28,2022-09-30,0.014752829243802015,2.7013552681019877
crypto_min_variance,crypto,min_variance,2022-10-29,2022-09-30,0.010740283833557919,2.73036859041668
crypto_min_variance,crypto,min_variance,2022-10-30,2022-09-30,-0.00941375679486565,2.7046655645461573
crypto_min_variance,crypto,min_variance,2022-10-31,2022-09-30,-0.005976790304487051,2.6885003456230976
crypto_min_variance,crypto,min_variance,2022-11-01,2022-10-31,-0.0011448230683023199,2.6854224884082893
crypto_min_variance,crypto,min_variance,2022-11-02,2022-10-31,-0.016255687789006566,2.641769098855147
crypto_min_variance,crypto,min_variance,2022-11-03,2022-10-31,0.0026085267410676646,2.648660224193237
crypto_min_variance,crypto,min_variance,2022-11-04,2022-10-31,0.045106710364397264,2.7681325737796203
crypto_min_variance,crypto,min_variance,2022-11-05,2022-10-31,0.005627747456397996,2.7837109248306806
crypto_min_variance,crypto,min_variance,2022-11-06,2022-10-31,-0.016427423041091002,2.7379817278443803
crypto_min_variance,crypto,min_variance,2022-11-07,2022-10-31,-0.014777568244536566,2.697521016008866
crypto_min_variance,crypto,min_variance,2022-11-08,2022-10-31,-0.09627134130390141,2.4378270496022294
crypto_min_variance,crypto,min_variance,2022-11-09,2022-10-31,-0.1387453248173153,2.099589943756731
crypto_min_variance,crypto,min_variance,2022-11-10,2022-10-31,0.10488285533657565,2.319800932093897
crypto_min_variance,crypto,min_variance,2022-11-11,2022-10-31,-0.03147563683456965,2.2467837204268135
crypto_min_variance,crypto,min_variance,2022-11-12,2022-10-31,-0.01403525219649127,2.2152495442796525
crypto_min_variance,crypto,min_variance,2022-11-13,2022-10-31,-0.03065175093843648,2.1473482669819077
crypto_min_variance,crypto,min_variance,2022-11-14,2022-10-31,0.013458967666805837,2.1762493578765887
crypto_min_variance,crypto,min_variance,2022-11-15,2022-10-31,0.015603976120111987,2.2102075008883038
crypto_min_variance,crypto,min_variance,2022-11-16,2022-10-31,-0.012430225976718659,2.1827341221968237
crypto_min_variance,crypto,min_variance,2022-11-17,2022-10-31,0.0007096840521653692,2.1842831737934643
crypto_min_variance,crypto,min_variance,2022-11-18,2022-10-31,0.001638486697446371,2.187862092717181
crypto_min_variance,crypto,min_variance,2022-11-19,2022-10-31,0.0033201265478638733,2.1951260717342764
crypto_min_variance,crypto,min_variance,2022-11-20,2022-10-31,-0.02647528546337818,2.1370094823570076
crypto_min_variance,crypto,min_variance,2022-11-21,2022-10-31,-0.025892694270250424,2.0816765491777116
crypto_min_variance,crypto,min_variance,2022-11-22,2022-10-31,0.021953413763074657,2.127376455782699
crypto_min_variance,crypto,min_variance,2022-11-23,2022-10-31,0.02564941065890925,2.1819424081231644
crypto_min_variance,crypto,min_variance,2022-11-24,2022-10-31,0.001591152362013161,2.1854142109396264
crypto_min_variance,crypto,min_variance,2022-11-25,2022-10-31,-0.0044331709582925,2.175725896127849
crypto_min_variance,crypto,min_variance,2022-11-26,2022-10-31,-0.0034551912948489407,2.168208346951571
crypto_min_variance,crypto,min_variance,2022-11-27,2022-10-31,-0.00035043770256424457,2.1674485249997844
crypto_min_variance,crypto,min_variance,2022-11-28,2022-10-31,-0.012957067989465453,2.1393647470976953
crypto_min_variance,crypto,min_variance,2022-11-29,2022-10-31,0.013279883301026646,2.167775261277483
crypto_min_variance,crypto,min_variance,2022-11-30,2022-10-31,0.042314354361555985,2.2595032718593933
crypto_min_variance,crypto,min_variance,2022-12-01,2022-11-30,-0.011432162394172161,2.2336722635253334
crypto_min_variance,crypto,min_variance,2022-12-02,2022-11-30,0.006946830478024636,2.2491892060835097
crypto_min_variance,crypto,min_variance,2022-12-03,2022-11-30,-0.010928155415161317,2.224609716881326
crypto_min_variance,crypto,min_variance,2022-12-04,2022-11-30,0.011074534673399146,2.249246234325709
crypto_min_variance,crypto,min_variance,2022-12-05,2022-11-30,-0.008007086798451064,2.2312363244963738
crypto_min_variance,crypto,min_variance,2022-12-06,2022-11-30,0.006750102655663661,2.24629739873577
crypto_min_variance,crypto,min_variance,2022-12-07,2022-11-30,-0.013755255775607003,2.215399003468079
crypto_min_variance,crypto,min_variance,2022-12-08,2022-11-30,0.023178041513643638,2.2667476135397466
crypto_min_variance,crypto,min_variance,2022-12-09,2022-11-30,-0.004973375445126679,2.2554742266182686
crypto_min_variance,crypto,min_variance,2022-12-10,2022-11-30,8.758369910877735e-06,2.25549398089587
crypto_min_variance,crypto,min_variance,2022-12-11,2022-11-30,-0.002773430118011053,2.2492385259582606
crypto_min_variance,crypto,min_variance,2022-12-12,2022-11-30,0.004601332093119768,2.2595880193728335
crypto_min_variance,crypto,min_variance,2022-12-13,2022-11-30,0.03185834027294469,2.331574743370682
crypto_min_variance,crypto,min_variance,2022-12-14,2022-11-30,0.003932979118739499,2.3407447781501394
crypto_min_variance,crypto,min_variance,2022-12-15,2022-11-30,-0.022670378638851536,2.287679207732561
crypto_min_variance,crypto,min_variance,2022-12-16,2022-11-30,-0.04220416460955195,2.191129617875567
crypto_min_variance,crypto,min_variance,2022-12-17,2022-11-30,0.011505998746043635,2.2163407525112624
crypto_min_variance,crypto,min_variance,2022-12-18,2022-11-30,-0.0039034894773377414,2.2076892897056397
crypto_min_variance,crypto,min_variance,2022-12-19,2022-11-30,-0.017438699370177897,2.1691900598797016
crypto_min_variance,crypto,min_variance,2022-12-20,2022-11-30,0.02807906433927517,2.23009888713518
crypto_min_variance,crypto,min_variance,2022-12-21,2022-11-30,-0.004985838788176138,2.2189799736022326
crypto_min_variance,crypto,min_variance,2022-12-22,2022-11-30,0.0019299533786293792,2.223262501499397
crypto_min_variance,crypto,min_variance,2022-12-23,2022-11-30,-0.004081178782781723,2.2141889697497237
crypto_min_variance,crypto,min_variance,2022-12-24,2022-11-30,0.00363376185821498,2.2222348051748804
crypto_min_variance,crypto,min_variance,2022-12-25,2022-11-30,-0.00018227466691988982,2.2218297480659492
crypto_min_variance,crypto,min_variance,2022-12-26,2022-11-30,0.0037121814931724267,2.2300775833376996
crypto_min_variance,crypto,min_variance,2022-12-27,2022-11-30,-0.011608749444196988,2.204189171431612
crypto_min_variance,crypto,min_variance,2022-12-28,2022-11-30,-0.008825198245974206,2.1847367650220986
crypto_min_variance,crypto,min_variance,2022-12-29,2022-11-30,0.00466548391272627,2.194929619252851
crypto_min_variance,crypto,min_variance,2022-12-30,2022-11-30,-0.0015140094890929488,2.191606474981411
crypto_min_variance,crypto,min_variance,2022-12-31,2022-11-30,-0.0027736160750360763,2.1855278000322493
crypto_min_variance,crypto,min_variance,2023-01-01,2022-12-31,0.004803600135144454,2.196026201667846
crypto_min_variance,crypto,min_variance,2023-01-02,2022-12-31,0.004039943252990224,2.2048980229046635
crypto_min_variance,crypto,min_variance,2023-01-03,2022-12-31,-0.0010371250828839793,2.2026112678599077
crypto_min_variance,crypto,min_variance,2023-01-04,2022-12-31,0.009745990690242715,2.224077896770694
crypto_min_variance,crypto,min_variance,2023-01-05,2022-12-31,-0.0033215252906982212,2.2166905657880873
crypto_min_variance,crypto,min_variance,2023-01-06,2022-12-31,0.004063899205598922,2.2256989728174523
crypto_min_variance,crypto,min_variance,2023-01-07,2022-12-31,-0.0007142885503093413,2.224109181524734
crypto_min_variance,crypto,min_variance,2023-01-08,2022-12-31,0.01060199451758519,2.24768917487377
crypto_min_variance,crypto,min_variance,2023-01-09,2022-12-31,0.007033203687621131,2.263497630667118
crypto_min_variance,crypto,min_variance,2023-01-10,2022-12-31,0.013388119374919905,2.293801607151338
crypto_min_variance,crypto,min_variance,2023-01-11,2022-12-31,0.028307487782960085,2.3587333681223086
crypto_min_variance,crypto,min_variance,2023-01-12,2022-12-31,0.0481240606039481,2.472245195678381
crypto_min_variance,crypto,min_variance,2023-01-13,2022-12-31,0.05469278267743564,2.6074591648909533
crypto_min_variance,crypto,min_variance,2023-01-14,2022-12-31,0.051388915546019744,2.7414536637052294
crypto_min_variance,crypto,min_variance,2023-01-15,2022-12-31,-0.0033541543419427075,2.7322584049958776
crypto_min_variance,crypto,min_variance,2023-01-16,2022-12-31,0.012602867914068509,2.7666926967811443
crypto_min_variance,crypto,min_variance,2023-01-17,2022-12-31,-0.0014425056151596085,2.7627017270306164
crypto_min_variance,crypto,min_variance,2023-01-18,2022-12-31,-0.02445686620984342,2.695134700514925
crypto_min_variance,crypto,min_variance,2023-01-19,2022-12-31,0.019262598628097982,2.7470499984996035
crypto_min_variance,crypto,min_variance,2023-01-20,2022-12-31,0.07238937033377839,2.9459072181663966
crypto_min_variance,crypto,min_variance,2023-01-21,2022-12-31,0.0023228986929135624,2.95275026219292
crypto_min_variance,crypto,min_variance,2023-01-22,2022-12-31,-0.0023508936384617632,2.945808660385564
crypto_min_variance,crypto,min_variance,2023-01-23,2022-12-31,0.010307129344340877,2.9761714912718373
crypto_min_variance,crypto,min_variance,2023-01-24,2022-12-31,-0.01578234871295582,2.9292005149670275
crypto_min_variance,crypto,min_variance,2023-01-25,2022-12-31,0.02184387719984975,2.9931856113097037
crypto_min_variance,crypto,min_variance,2023-01-26,2022-12-31,-0.00349701850997058,2.9827183858231763
crypto_min_variance,crypto,min_variance,2023-01-27,2022-12-31,0.004716726228496721,2.9967870518658075
crypto_min_variance,crypto,min_variance,2023-01-28,2022-12-31,-0.002612841372162274,2.9889569226731325
crypto_min_variance,crypto,min_variance,2023-01-29,2022-12-31,0.03022437763641311,3.079296285442976
crypto_min_variance,crypto,min_variance,2023-01-30,2022-12-31,-0.03783987463452829,2.962776100039245
crypto_min_variance,crypto,min_variance,2023-01-31,2022-12-31,0.011781578681166732,2.997682279776538
crypto_min_variance,crypto,min_variance,2023-02-01,2023-01-31,0.024293964858012485,3.070507867736916
crypto_min_variance,crypto,min_variance,2023-02-02,2023-01-31,-0.008650459198828607,3.043946564707376
crypto_min_variance,crypto,min_variance,2023-02-03,2023-01-31,-0.00029611262378160754,3.0430452137034494
crypto_min_variance,crypto,min_variance,2023-02-04,2023-01-31,-0.0049733639859272216,3.0279110422300684
crypto_min_variance,crypto,min_variance,2023-02-05,2023-01-31,-0.014094752910077887,2.985233384256139
crypto_min_variance,crypto,min_variance,2023-02-06,2023-01-31,-0.00905922615073284,2.958189479915445
crypto_min_variance,crypto,min_variance,2023-02-07,2023-01-31,0.024026012642808584,3.0292629777597173
crypto_min_variance,crypto,min_variance,2023-02-08,2023-01-31,-0.0108856008240993,2.9962876301926027
crypto_min_variance,crypto,min_variance,2023-02-09,2023-01-31,-0.050331366970494104,2.8454803779282267
crypto_min_variance,crypto,min_variance,2023-02-10,2023-01-31,-0.00578476052438066,2.8290199553650877
crypto_min_variance,crypto,min_variance,2023-02-11,2023-01-31,0.009892456507365434,2.857005912232006
crypto_min_variance,crypto,min_variance,2023-02-12,2023-01-31,-0.003350342524711843,2.847433963830902
crypto_min_variance,crypto,min_variance,2023-02-13,2023-01-31,0.0035930367957586412,2.8576648988364393
crypto_min_variance,crypto,min_variance,2023-02-14,2023-01-31,0.01877830748227819,2.9113270089881036
crypto_min_variance,crypto,min_variance,2023-02-15,2023-01-31,0.09062410016591871,3.175163399466386
crypto_min_variance,crypto,min_variance,2023-02-16,2023-01-31,-0.030910310207908246,3.0770181138280837
crypto_min_variance,crypto,min_variance,2023-02-17,2023-01-31,0.04124286276703265,3.2039231496283693
crypto_min_variance,crypto,min_variance,2023-02-18,2023-01-31,0.002317078664923686,3.211346891602428
crypto_min_variance,crypto,min_variance,2023-02-19,2023-01-31,-0.011097352107860906,3.1757094444058316
crypto_min_variance,crypto,min_variance,2023-02-20,2023-01-31,0.020762976162282645,3.241646623898366
crypto_min_variance,crypto,min_variance,2023-02-21,2023-01-31,-0.01768201613861012,3.1843277759789244
crypto_min_variance,crypto,min_variance,2023-02-22,2023-01-31,-0.009159990677368987,3.1551593632372703
crypto_min_variance,crypto,min_variance,2023-02-23,2023-01-31,-0.00874527654988013,3.1275666220468166
crypto_min_variance,crypto,min_variance,2023-02-24,2023-01-31,-0.03066371070687934,3.031663823931881
crypto_min_variance,crypto,min_variance,2023-02-25,2023-01-31,-0.0009089681973732332,3.0289081379308
crypto_min_variance,crypto,min_variance,2023-02-26,2023-01-31,0.017461762527053497,3.0817982125516075
crypto_min_variance,crypto,min_variance,2023-02-27,2023-01-31,-0.0016314813039889626,3.076770316385163
crypto_min_variance,crypto,min_variance,2023-02-28,2023-01-31,-0.01492010943594627,3.0308645665554255
crypto_min_variance,crypto,min_variance,2023-03-01,2023-02-28,0.020653588982947484,3.093462797576041
crypto_min_variance,crypto,min_variance,2023-03-02,2023-02-28,-0.006830999198852204,3.0723313556841196
crypto_min_variance,crypto,min_variance,2023-03-03,2023-02-28,-0.046224033097750694,2.9303158094117197
crypto_min_variance,crypto,min_variance,2023-03-04,2023-02-28,-0.0010917711873579203,2.9271165750411443
crypto_min_variance,crypto,min_variance,2023-03-05,2023-02-28,0.00417253838506706,2.9393300813080696
crypto_min_variance,crypto,min_variance,2023-03-06,2023-02-28,-1.204454047924771e-05,2.9392946784279235
crypto_min_variance,crypto,min_variance,2023-03-07,2023-02-28,-0.010124416954692782,2.9095360335508094
crypto_min_variance,crypto,min_variance,2023-03-08,2023-02-28,-0.021824258503050628,2.846037567030656
crypto_min_variance,crypto,min_variance,2023-03-09,2023-02-28,-0.06663488070943127,2.6563921932570085
crypto_min_variance,crypto,min_variance,2023-03-10,2023-02-28,-0.009560436073849526,2.6309959255063022
crypto_min_variance,crypto,min_variance,2023-03-11,2023-02-28,0.023091282360549775,2.6917489953116243
crypto_min_variance,crypto,min_variance,2023-03-12,2023-02-28,0.07600514413571476,2.8963357656774495
crypto_min_variance,crypto,min_variance,2023-03-13,2023-02-28,0.08638388666937129,3.146532506216177
crypto_min_variance,crypto,min_variance,2023-03-14,2023-02-28,0.020240518643538607,3.210219956070746
crypto_min_variance,crypto,min_variance,2023-03-15,2023-02-28,-0.016188287440910373,3.158251992673326
crypto_min_variance,crypto,min_variance,2023-03-16,2023-02-28,0.02503582695328929,3.2373214430367767
crypto_min_variance,crypto,min_variance,2023-03-17,2023-02-28,0.08881781965783592,3.5248532751388626
crypto_min_variance,crypto,min_variance,2023-03-18,2023-02-28,-0.017877134975476702,3.461838997370454
crypto_min_variance,crypto,min_variance,2023-03-19,2023-02-28,0.03712367620264944,3.590355187374539
crypto_min_variance,crypto,min_variance,2023-03-20,2023-02-28,-0.011216491085538025,3.5500840004214376
crypto_min_variance,crypto,min_variance,2023-03-21,2023-02-28,0.016448433989289645,3.608477322758803
crypto_min_variance,crypto,min_variance,2023-03-22,2023-02-28,-0.03872123190829453,3.4687526355084373
crypto_min_variance,crypto,min_variance,2023-03-23,2023-02-28,0.04290223953312659,3.6175698919581847
crypto_min_variance,crypto,min_variance,2023-03-24,2023-02-28,-0.02948990053498283,3.5108881156659892
crypto_min_variance,crypto,min_variance,2023-03-25,2023-02-28,0.0004937878938466351,3.5126217497141554
crypto_min_variance,crypto,min_variance,2023-03-26,2023-02-28,0.017113998800352016,3.5727367541248536
crypto_min_variance,crypto,min_variance,2023-03-27,2023-02-28,-0.0284322701477194,3.4711557375648896
crypto_min_variance,crypto,min_variance,2023-03-28,2023-02-28,0.005258563980450491,3.4894090320969826
crypto_min_variance,crypto,min_variance,2023-03-29,2023-02-28,0.03580153512984255,3.614335232141993
crypto_min_variance,crypto,min_variance,2023-03-30,2023-02-28,-0.00922713865703064,3.5809852598020275
crypto_min_variance,crypto,min_variance,2023-03-31,2023-02-28,0.015507092993115933,3.6365159312327555
crypto_min_variance,crypto,min_variance,2023-04-01,2023-03-31,-0.00018836726713930676,3.6358309306648806
crypto_min_variance,crypto,min_variance,2023-04-02,2023-03-31,-0.009050843783612976,3.6029235928878047
crypto_min_variance,crypto,min_variance,2023-04-03,2023-03-31,-0.012292906906264686,3.55863318857005
crypto_min_variance,crypto,min_variance,2023-04-04,2023-03-31,0.012223832858495532,3.6021333258718258
crypto_min_variance,crypto,min_variance,2023-04-05,2023-03-31,0.0008280623109336584,3.605116116717938
crypto_min_variance,crypto,min_variance,2023-04-06,2023-03-31,-0.0042753141785968505,3.589703112668646
crypto_min_variance,crypto,min_variance,2023-04-07,2023-03-31,-0.0037574259782291986,3.576215068938975
crypto_min_variance,crypto,min_variance,2023-04-08,2023-03-31,0.0007667963116056691,3.5789572974633455
crypto_min_variance,crypto,min_variance,2023-04-09,2023-03-31,0.013138503859717961,3.6259794417298337
crypto_min_variance,crypto,min_variance,2023-04-10,2023-03-31,0.04282481794737104,3.7812613512028244
crypto_min_variance,crypto,min_variance,2023-04-11,2023-03-31,0.0162067821021725,3.842543429993135
crypto_min_variance,crypto,min_variance,2023-04-12,2023-03-31,-0.005038121557829159,3.823184229101592
crypto_min_variance,crypto,min_variance,2023-04-13,2023-03-31,0.008184453596056159,3.854474903013848
crypto_min_variance,crypto,min_variance,2023-04-14,2023-03-31,0.004059436269320838,3.8701218982343297
crypto_min_variance,crypto,min_variance,2023-04-15,2023-03-31,-0.005318352129348189,3.849539227196018
crypto_min_variance,crypto,min_variance,2023-04-16,2023-03-31,0.0007716244708240149,3.8525096258651192
crypto_min_variance,crypto,min_variance,2023-04-17,2023-03-31,-0.02693072166282057,3.7487587614276086
crypto_min_variance,crypto,min_variance,2023-04-18,2023-03-31,0.030538393455380706,3.8632398314533902
crypto_min_variance,crypto,min_variance,2023-04-19,2023-03-31,-0.04786039890865713,3.678343632040218
crypto_min_variance,crypto,min_variance,2023-04-20,2023-03-31,-0.018622003259984896,3.6098455049330203
crypto_min_variance,crypto,min_variance,2023-04-21,2023-03-31,-0.03140802796802856,3.496467376353822
crypto_min_variance,crypto,min_variance,2023-04-22,2023-03-31,0.0194772964336768,3.564569107913746
crypto_min_variance,crypto,min_variance,2023-04-23,2023-03-31,-0.006343361161032176,3.541957758678791
crypto_min_variance,crypto,min_variance,2023-04-24,2023-03-31,-0.002979777616343787,3.5314035122314444
crypto_min_variance,crypto,min_variance,2023-04-25,2023-03-31,0.02504297319017745,3.6198403557119545
crypto_min_variance,crypto,min_variance,2023-04-26,2023-03-31,0.002575999286307833,3.6291650618848172
crypto_min_variance,crypto,min_variance,2023-04-27,2023-03-31,0.03412177178030707,3.752998603879515
crypto_min_variance,crypto,min_variance,2023-04-28,2023-03-31,-0.0026195135914314585,3.7431675730280296
crypto_min_variance,crypto,min_variance,2023-04-29,2023-03-31,-0.0007953815527465461,3.740190326591604
crypto_min_variance,crypto,min_variance,2023-04-30,2023-03-31,-0.00038377797342442263,3.7387549239278433
crypto_min_variance,crypto,min_variance,2023-05-01,2023-04-30,-0.03401465965726244,3.6115824476485234
crypto_min_variance,crypto,min_variance,2023-05-02,2023-04-30,0.0198713173279193,3.6833493485216904
crypto_min_variance,crypto,min_variance,2023-05-03,2023-04-30,0.010130124063645813,3.720662134391964
crypto_min_variance,crypto,min_variance,2023-05-04,2023-04-30,-0.004551058226271601,3.7037291843780626
crypto_min_variance,crypto,min_variance,2023-05-05,2023-04-30,0.023641282048241702,3.7912900906562483
crypto_min_variance,crypto,min_variance,2023-05-06,2023-04-30,-0.02004813225039175,3.7152818055191723
crypto_min_variance,crypto,min_variance,2023-05-07,2023-04-30,-0.015388695858675094,3.6581084637847687
crypto_min_variance,crypto,min_variance,2023-05-08,2023-04-30,-0.025252572765582217,3.5657318136186515
crypto_min_variance,crypto,min_variance,2023-05-09,2023-04-30,-0.00013004164428547172,3.565268119990528
crypto_min_variance,crypto,min_variance,2023-05-10,2023-04-30,-0.0006825485890902844,3.5628346512654994
crypto_min_variance,crypto,min_variance,2023-05-11,2023-04-30,-0.022703057102454426,3.4819474127312153
crypto_min_variance,crypto,min_variance,2023-05-12,2023-04-30,-0.00424904081692734,3.4671524760521257
crypto_min_variance,crypto,min_variance,2023-05-13,2023-04-30,-0.0002519027252513727,3.4662790908945462
crypto_min_variance,crypto,min_variance,2023-05-14,2023-04-30,0.00491355750683667,3.483310852542402
crypto_min_variance,crypto,min_variance,2023-05-15,2023-04-30,0.009988593610176701,3.518104229066366
crypto_min_variance,crypto,min_variance,2023-05-16,2023-04-30,-0.004631074138093907,3.501811627556018
crypto_min_variance,crypto,min_variance,2023-05-17,2023-04-30,0.012702700299402783,3.5462940911658256
crypto_min_variance,crypto,min_variance,2023-05-18,2023-04-30,-0.019625469119314756,3.4766964059916425
crypto_min_variance,crypto,min_variance,2023-05-19,2023-04-30,0.002538718025939294,3.4855227578282517
crypto_min_variance,crypto,min_variance,2023-05-20,2023-04-30,0.010961670927933915,3.5237299113113894
crypto_min_variance,crypto,min_variance,2023-05-21,2023-04-30,-0.008675995091133653,3.493158047898371
crypto_min_variance,crypto,min_variance,2023-05-22,2023-04-30,0.007625928737664625,3.519796622241043
crypto_min_variance,crypto,min_variance,2023-05-23,2023-04-30,0.012871486821856891,3.565101638079835
crypto_min_variance,crypto,min_variance,2023-05-24,2023-04-30,-0.03136712165956982,3.4532746612694534
crypto_min_variance,crypto,min_variance,2023-05-25,2023-04-30,0.004669542207853183,3.469399873055561
crypto_min_variance,crypto,min_variance,2023-05-26,2023-04-30,0.006327600096211906,3.4913528480261045
crypto_min_variance,crypto,min_variance,2023-05-27,2023-04-30,0.007408778380865626,3.517219507526534
crypto_min_variance,crypto,min_variance,2023-05-28,2023-04-30,0.04077440178056055,3.660632028876846
crypto_min_variance,crypto,min_variance,2023-05-29,2023-04-30,-0.012587016701049792,3.6145555923929753
crypto_min_variance,crypto,min_variance,2023-05-30,2023-04-30,-0.001056343497589996,3.6107373800962734
crypto_min_variance,crypto,min_variance,2023-05-31,2023-04-30,-0.017125544837559084,3.548901535196784
crypto_min_variance,crypto,min_variance,2023-06-01,2023-05-31,-0.01380333772209999,3.499914848763984
crypto_min_variance,crypto,min_variance,2023-06-02,2023-05-31,0.026099457740837217,3.5912607284558278
crypto_min_variance,crypto,min_variance,2023-06-03,2023-05-31,-0.006926272625148769,3.5663866775825523
crypto_min_variance,crypto,min_variance,2023-06-04,2023-05-31,0.0009590449060436801,3.56980700255867
crypto_min_variance,crypto,min_variance,2023-06-05,2023-05-31,-0.04881286600369548,3.3955544916837197
crypto_min_variance,crypto,min_variance,2023-06-06,2023-05-31,0.05086316347218993,3.568263134872957
crypto_min_variance,crypto,min_variance,2023-06-07,2023-05-31,-0.031254690531185826,3.456738174858664
crypto_min_variance,crypto,min_variance,2023-06-08,2023-05-31,0.006564845596723774,3.479431127244912
crypto_min_variance,crypto,min_variance,2023-06-09,2023-05-31,-0.008836074037074064,3.4486866161976755
crypto_min_variance,crypto,min_variance,2023-06-10,2023-05-31,-0.024797098490423563,3.3631691945132163
crypto_min_variance,crypto,min_variance,2023-06-11,2023-05-31,0.003977342407903209,3.3765456699755076
crypto_min_variance,crypto,min_variance,2023-06-12,2023-05-31,6.471806108641647e-05,3.3767641934644383
crypto_min_variance,crypto,min_variance,2023-06-13,2023-05-31,0.0019429567666140936,3.38332510030339
crypto_min_variance,crypto,min_variance,2023-06-14,2023-05-31,-0.028705890476264637,3.2862037405284843
crypto_min_variance,crypto,min_variance,2023-06-15,2023-05-31,0.01595926334297063,3.3386491314222333
crypto_min_variance,crypto,min_variance,2023-06-16,2023-05-31,0.025419597035595893,3.423516246986229
crypto_min_variance,crypto,min_variance,2023-06-17,2023-05-31,0.007882929298669105,3.4505035835140663
crypto_min_variance,crypto,min_variance,2023-06-18,2023-05-31,-0.008132830669920205,3.4224412221433935
crypto_min_variance,crypto,min_variance,2023-06-19,2023-05-31,0.017134743547949888,3.481083874792753
crypto_min_variance,crypto,min_variance,2023-06-20,2023-05-31,0.04986454721764654,3.6546665460359438
crypto_min_variance,crypto,min_variance,2023-06-21,2023-05-31,0.05616009652640372,3.859912972033141
crypto_min_variance,crypto,min_variance,2023-06-22,2023-05-31,-0.004092497616555873,3.8441162873949826
crypto_min_variance,crypto,min_variance,2023-06-23,2023-05-31,0.025151705587166524,3.9408023684983733
crypto_min_variance,crypto,min_variance,2023-06-24,2023-05-31,-0.005625016760425916,3.9186352891260436
crypto_min_variance,crypto,min_variance,2023-06-25,2023-05-31,-0.0005192377950852636,3.9166005855787747
crypto_min_variance,crypto,min_variance,2023-06-26,2023-05-31,-0.00523501707974528,3.8960971146187293
crypto_min_variance,crypto,min_variance,2023-06-27,2023-05-31,0.01320972605526035,3.947563490187533
crypto_min_variance,crypto,min_variance,2023-06-28,2023-05-31,-0.018433475512989777,3.8747961752551885
crypto_min_variance,crypto,min_variance,2023-06-29,2023-05-31,0.011668849630828381,3.92001058917435
crypto_min_variance,crypto,min_variance,2023-06-30,2023-05-31,0.003555447377487199,3.9339479805433526
crypto_min_variance,crypto,min_variance,2023-07-01,2023-06-30,0.0047968217960645725,3.9528184279610072
crypto_min_variance,crypto,min_variance,2023-07-02,2023-06-30,-0.0009385063857929151,3.9491086826244857
crypto_min_variance,crypto,min_variance,2023-07-03,2023-06-30,0.01753108172793675,4.018340829692081
crypto_min_variance,crypto,min_variance,2023-07-04,2023-06-30,-0.011163470176945562,3.9734822016790106
crypto_min_variance,crypto,min_variance,2023-07-05,2023-06-30,-0.007571984052712285,3.9433950578141608
crypto_min_variance,crypto,min_variance,2023-07-06,2023-06-30,-0.01735956679551577,3.874939427906929
crypto_min_variance,crypto,min_variance,2023-07-07,2023-06-30,0.015187309826507761,3.9337893335575025
crypto_min_variance,crypto,min_variance,2023-07-08,2023-06-30,0.00038909383380958325,3.9353199467306954
crypto_min_variance,crypto,min_variance,2023-07-09,2023-06-30,-0.007159582853324674,3.9071446975177357
crypto_min_variance,crypto,min_variance,2023-07-10,2023-06-30,0.007213816841734497,3.9353301237397824
crypto_min_variance,crypto,min_variance,2023-07-11,2023-06-30,0.0056560050030731186,3.9575883706083994
crypto_min_variance,crypto,min_variance,2023-07-12,2023-06-30,-0.00588181818552313,3.9343105553593403
crypto_min_variance,crypto,min_variance,2023-07-13,2023-06-30,0.03717830050894329,4.080581535481997
crypto_min_variance,crypto,min_variance,2023-07-14,2023-06-30,-0.03459847488184636,3.939399637723297
crypto_min_variance,crypto,min_variance,2023-07-15,2023-06-30,0.00027511415272638126,3.94048342231688
crypto_min_variance,crypto,min_variance,2023-07-16,2023-06-30,-0.002819401778251578,3.929373616348829
crypto_min_variance,crypto,min_variance,2023-07-17,2023-06-30,-0.0028192338455426966,3.9182957932578355
crypto_min_variance,crypto,min_variance,2023-07-18,2023-06-30,-0.008753148896398354,3.8839983667593185
crypto_min_variance,crypto,min_variance,2023-07-19,2023-06-30,0.0024121232622523253,3.8933670495703283
crypto_min_variance,crypto,min_variance,2023-07-20,2023-06-30,-0.003018406993127199,3.881615283241094
crypto_min_variance,crypto,min_variance,2023-07-21,2023-06-30,0.0032939822115848724,3.8944012549363065
crypto_min_variance,crypto,min_variance,2023-07-22,2023-06-30,0.0005901289398228114,3.896699453820127
crypto_min_variance,crypto,min_variance,2023-07-23,2023-06-30,0.008675869104342182,3.9305067082204324
crypto_min_variance,crypto,min_variance,2023-07-24,2023-06-30,-0.029294958989541462,3.815362675394997
crypto_min_variance,crypto,min_variance,2023-07-25,2023-06-30,0.0021052306896048247,3.8233948939912112
crypto_min_variance,crypto,min_variance,2023-07-26,2023-06-30,0.004504863836733954,3.8406187673827055
crypto_min_variance,crypto,min_variance,2023-07-27,2023-06-30,-0.004061252852400981,3.8250210434586878
crypto_min_variance,crypto,min_variance,2023-07-28,2023-06-30,0.0069913101879493155,3.851762952048941
crypto_min_variance,crypto,min_variance,2023-07-29,2023-06-30,-0.0014660841105390747,3.846115943587379
crypto_min_variance,crypto,min_variance,2023-07-30,2023-06-30,-0.006954033485884323,3.8193699245250787
crypto_min_variance,crypto,min_variance,2023-07-31,2023-06-30,-0.0043093261017158185,3.8029110140172144
crypto_min_variance,crypto,min_variance,2023-08-01,2023-07-31,0.014401403603082551,3.8576782703966845
crypto_min_variance,crypto,min_variance,2023-08-02,2023-07-31,-0.01875077013353613,3.7853438318993393
crypto_min_variance,crypto,min_variance,2023-08-03,2023-07-31,0.001775978668730088,3.792066521798602
crypto_min_variance,crypto,min_variance,2023-08-04,2023-07-31,-0.0037570351398554867,3.777819594623535
crypto_min_variance,crypto,min_variance,2023-08-05,2023-07-31,4.582854742443151e-05,3.7779927266079882
crypto_min_variance,crypto,min_variance,2023-08-06,2023-07-31,-0.0008039123781475163,3.774955551490517
crypto_min_variance,crypto,min_variance,2023-08-07,2023-07-31,0.004069691342522555,3.790318455416826
crypto_min_variance,crypto,min_variance,2023-08-08,2023-07-31,0.017811321354107904,3.8578290354606617
crypto_min_variance,crypto,min_variance,2023-08-09,2023-07-31,-0.0061846827069590785,3.8339695869386436
crypto_min_variance,crypto,min_variance,2023-08-10,2023-07-31,-0.003133852826959018,3.8219544905101412
crypto_min_variance,crypto,min_variance,2023-08-11,2023-07-31,-0.0011059870010976711,3.81772745852485
crypto_min_variance,crypto,min_variance,2023-08-12,2023-07-31,0.0009863837420529514,3.8214932028215283
crypto_min_variance,crypto,min_variance,2023-08-13,2023-07-31,-0.004509246863945925,3.8042611465811147
crypto_min_variance,crypto,min_variance,2023-08-14,2023-07-31,0.004281483427609897,3.820549027634502
crypto_min_variance,crypto,min_variance,2023-08-15,2023-07-31,-0.008885442014971944,3.786601760784098
crypto_min_variance,crypto,min_variance,2023-08-16,2023-07-31,-0.016743243380902592,3.7232017659167354
crypto_min_variance,crypto,min_variance,2023-08-17,2023-07-31,-0.06567845580474345,3.4786676232818303
crypto_min_variance,crypto,min_variance,2023-08-18,2023-07-31,-0.02000322884344059,3.409083038743056
crypto_min_variance,crypto,min_variance,2023-08-19,2023-07-31,0.0032825583731218287,3.4202735528165493
crypto_min_variance,crypto,min_variance,2023-08-20,2023-07-31,0.006003303421578879,3.440806492738909
crypto_min_variance,crypto,min_variance,2023-08-21,2023-07-31,-0.0033923872260829897,3.429133944745518
crypto_min_variance,crypto,min_variance,2023-08-22,2023-07-31,-0.0026609392028769264,3.420009227800029
crypto_min_variance,crypto,min_variance,2023-08-23,2023-07-31,0.016903156202045397,3.4778181779899695
crypto_min_variance,crypto,min_variance,2023-08-24,2023-07-31,-0.010582532650593581,3.4410140535685625
crypto_min_variance,crypto,min_variance,2023-08-25,2023-07-31,-0.002885942063126364,3.43108348637156
crypto_min_variance,crypto,min_variance,2023-08-26,2023-07-31,-0.000989059070692089,3.427689942127062
crypto_min_variance,crypto,min_variance,2023-08-27,2023-07-31,0.002887158762812818,3.4375862271796795
crypto_min_variance,crypto,min_variance,2023-08-28,2023-07-31,-0.0011224309670747887,3.4337277739463032
crypto_min_variance,crypto,min_variance,2023-08-29,2023-07-31,0.05638637184816314,3.627343225033405
crypto_min_variance,crypto,min_variance,2023-08-30,2023-07-31,-0.016266247384830117,3.5683399627853243
crypto_min_variance,crypto,min_variance,2023-08-31,2023-07-31,-0.04262187253357307,3.4162506317350334
crypto_min_variance,crypto,min_variance,2023-09-01,2023-08-31,-0.005407397275296097,3.397777607377261
crypto_min_variance,crypto,min_variance,2023-09-02,2023-08-31,0.003799439511185104,3.41068725786895
crypto_min_variance,crypto,min_variance,2023-09-03,2023-08-31,0.0034431678111441827,3.422430826449124
crypto_min_variance,crypto,min_variance,2023-09-04,2023-08-31,-0.0047229401357064054,3.406266890537209
crypto_min_variance,crypto,min_variance,2023-09-05,2023-08-31,-0.0011246975867014622,3.402435870385761
crypto_min_variance,crypto,min_variance,2023-09-06,2023-08-31,0.0013156332410991399,3.406912228117548
crypto_min_variance,crypto,min_variance,2023-09-07,2023-08-31,0.01692054942774034,3.4645590548693836
crypto_min_variance,crypto,min_variance,2023-09-08,2023-08-31,-0.01109632843289171,3.4261151697214043
crypto_min_variance,crypto,min_variance,2023-09-09,2023-08-31,-0.0003027310092342599,3.425077978418322
crypto_min_variance,crypto,min_variance,2023-09-10,2023-08-31,-0.0033983432610870776,3.413438387751666
crypto_min_variance,crypto,min_variance,2023-09-11,2023-08-31,-0.024075599036437127,3.3312578137925746
crypto_min_variance,crypto,min_variance,2023-09-12,2023-08-31,0.028527300209498938,3.4262896055218746
crypto_min_variance,crypto,min_variance,2023-09-13,2023-08-31,0.014050942364338872,3.474432203292596
crypto_min_variance,crypto,min_variance,2023-09-14,2023-08-31,0.014151541017106724,3.5236007731286474
crypto_min_variance,crypto,min_variance,2023-09-15,2023-08-31,0.0027855508437669616,3.5334159422353335
crypto_min_variance,crypto,min_variance,2023-09-16,2023-08-31,-0.0020803014783320663,3.5260653718271393
crypto_min_variance,crypto,min_variance,2023-09-17,2023-08-31,-0.001328845823130752,3.521379774585701
crypto_min_variance,crypto,min_variance,2023-09-18,2023-08-31,0.00825652900600896,3.5504541488357413
crypto_min_variance,crypto,min_variance,2023-09-19,2023-08-31,0.015805036998169736,3.6065692080183953
crypto_min_variance,crypto,min_variance,2023-09-20,2023-08-31,-0.0026711009322951166,3.5969356976444704
crypto_min_variance,crypto,min_variance,2023-09-21,2023-08-31,-0.020346702878775057,3.523749915730439
crypto_min_variance,crypto,min_variance,2023-09-22,2023-08-31,0.0008290960138491717,3.526671442739372
crypto_min_variance,crypto,min_variance,2023-09-23,2023-08-31,0.00037017006290517024,3.5279769109291763
crypto_min_variance,crypto,min_variance,2023-09-24,2023-08-31,-0.01071651775272787,3.4901692837319898
crypto_min_variance,crypto,min_variance,2023-09-25,2023-08-31,0.0028220810274059743,3.500018824250045
crypto_min_variance,crypto,min_variance,2023-09-26,2023-08-31,-0.0026625923512439446,3.4906997008993867
crypto_min_variance,crypto,min_variance,2023-09-27,2023-08-31,0.005633069705477297,3.510363055635442
crypto_min_variance,crypto,min_variance,2023-09-28,2023-08-31,0.024176696693666178,3.595232038516191
crypto_min_variance,crypto,min_variance,2023-09-29,2023-08-31,-0.000244244399048399,3.594353923227504
crypto_min_variance,crypto,min_variance,2023-09-30,2023-08-31,0.0012260875467901434,3.59876091581153
crypto_min_variance,crypto,min_variance,2023-10-01,2023-09-30,0.0350848353390776,3.725022849967486
crypto_min_variance,crypto,min_variance,2023-10-02,2023-09-30,-0.017644534299118626,3.659296556526234
crypto_min_variance,crypto,min_variance,2023-10-03,2023-09-30,0.0012960119009735869,3.664039048412683
crypto_min_variance,crypto,min_variance,2023-10-04,2023-09-30,0.0093905744852845,3.6984464800137933
crypto_min_variance,crypto,min_variance,2023-10-05,2023-09-30,-0.013113178123686972,3.6499480925404493
crypto_min_variance,crypto,min_variance,2023-10-06,2023-09-30,0.01565591566519534,3.7070913720596033
crypto_min_variance,crypto,min_variance,2023-10-07,2023-09-30,0.001888611082611681,3.7140926259091294
crypto_min_variance,crypto,min_variance,2023-10-08,2023-09-30,-0.0012048671260597883,3.7096176378010304
crypto_min_variance,crypto,min_variance,2023-10-09,2023-09-30,-0.013559358380688842,3.659317602794762
crypto_min_variance,crypto,min_variance,2023-10-10,2023-09-30,-0.006039251405000867,3.637218063820739
crypto_min_variance,crypto,min_variance,2023-10-11,2023-09-30,-0.016975947116630474,3.5754728423176654
crypto_min_variance,crypto,min_variance,2023-10-12,2023-09-30,-0.005433881414247746,3.556044146892648
crypto_min_variance,crypto,min_variance,2023-10-13,2023-09-30,0.004341011734237984,3.571480976261777
crypto_min_variance,crypto,min_variance,2023-10-14,2023-09-30,-0.0006151156886583176,3.5692841022815336
crypto_min_variance,crypto,min_variance,2023-10-15,2023-09-30,0.012053249211864705,3.61230557307428
crypto_min_variance,crypto,min_variance,2023-10-16,2023-09-30,0.047143790427172746,3.782603349970202
crypto_min_variance,crypto,min_variance,2023-10-17,2023-09-30,-0.0036727723694251627,3.7687107089019363
crypto_min_variance,crypto,min_variance,2023-10-18,2023-09-30,-0.0018257644035835573,3.761829931042219
crypto_min_variance,crypto,min_variance,2023-10-19,2023-09-30,0.013176584035016469,3.8113979992540368
crypto_min_variance,crypto,min_variance,2023-10-20,2023-09-30,0.030563762984764865,3.927888664343844
crypto_min_variance,crypto,min_variance,2023-10-21,2023-09-30,0.008088873144607931,3.9596608574758645
crypto_min_variance,crypto,min_variance,2023-10-22,2023-09-30,0.0006219478506341315,3.962123560035412
crypto_min_variance,crypto,min_variance,2023-10-23,2023-09-30,0.09317882874045026,4.3313095926844545
crypto_min_variance,crypto,min_variance,2023-10-24,2023-09-30,0.02183018901475114,4.425862899774161
crypto_min_variance,crypto,min_variance,2023-10-25,2023-09-30,0.017084545881587976,4.5014767575509715
crypto_min_variance,crypto,min_variance,2023-10-26,2023-09-30,-0.009660397754763054,4.457990701589209
crypto_min_variance,crypto,min_variance,2023-10-27,2023-09-30,-0.005341159856759731,4.434179860612072
crypto_min_variance,crypto,min_variance,2023-10-28,2023-09-30,0.005568007504715362,4.458869407353217
crypto_min_variance,crypto,min_variance,2023-10-29,2023-09-30,0.012282829770133539,4.513636941250993
crypto_min_variance,crypto,min_variance,2023-10-30,2023-09-30,7.045676753698711e-06,4.513668742877865
crypto_min_variance,crypto,min_variance,2023-10-31,2023-09-30,0.006181437272646113,4.541569703081468
crypto_min_variance,crypto,min_variance,2023-11-01,2023-10-31,0.023398265898323167,4.6478345585899365
crypto_min_variance,crypto,min_variance,2023-11-02,2023-10-31,-0.013514253888182231,4.585022542334885
crypto_min_variance,crypto,min_variance,2023-11-03,2023-10-31,-0.007668711526683499,4.549861327114378
crypto_min_variance,crypto,min_variance,2023-11-04,2023-10-31,0.009405244377317181,4.592653884778794
crypto_min_variance,crypto,min_variance,2023-11-05,2023-10-31,-0.00024758900726438526,4.591516794162752
crypto_min_variance,crypto,min_variance,2023-11-06,2023-10-31,-0.0009385368116038247,4.587207486630333
crypto_min_variance,crypto,min_variance,2023-11-07,2023-10-31,0.0087732412949815,4.627452164780686
crypto_min_variance,crypto,min_variance,2023-11-08,2023-10-31,0.007492008598997411,4.6621210761906715
crypto_min_variance,crypto,min_variance,2023-11-09,2023-10-31,0.026064580734361846,4.783637307374413
crypto_min_variance,crypto,min_variance,2023-11-10,2023-10-31,0.024142812011013485,4.8991277636152235
crypto_min_variance,crypto,min_variance,2023-11-11,2023-10-31,-0.0020400075508080454,4.889133505985075
crypto_min_variance,crypto,min_variance,2023-11-12,2023-10-31,-0.0014723256640980364,4.881935109249012
crypto_min_variance,crypto,min_variance,2023-11-13,2023-10-31,-0.014486496923267962,4.811212971309282
crypto_min_variance,crypto,min_variance,2023-11-14,2023-10-31,-0.028837074378282916,4.672471665005877
crypto_min_variance,crypto,min_variance,2023-11-15,2023-10-31,0.059867404256472245,4.952200415051696
crypto_min_variance,crypto,min_variance,2023-11-16,2023-10-31,-0.041882059477125706,4.744792062725853
crypto_min_variance,crypto,min_variance,2023-11-17,2023-10-31,0.012255417995968378,4.802941472758512
crypto_min_variance,crypto,min_variance,2023-11-18,2023-10-31,-0.0010751888328847754,4.7977774037220025
crypto_min_variance,crypto,min_variance,2023-11-19,2023-10-31,0.019731453002491465,4.892444523079958
crypto_min_variance,crypto,min_variance,2023-11-20,2023-10-31,-0.0007859646395990751,4.888599234683617
crypto_min_variance,crypto,min_variance,2023-11-21,2023-10-31,-0.04486128352602421,4.66929039837137
crypto_min_variance,crypto,min_variance,2023-11-22,2023-10-31,0.04603366545823722,4.884234950497357
crypto_min_variance,crypto,min_variance,2023-11-23,2023-10-31,-0.0022759520344494176,4.873118666025043
crypto_min_variance,crypto,min_variance,2023-11-24,2023-10-31,0.013351217943585162,4.9381807354000955
crypto_min_variance,crypto,min_variance,2023-11-25,2023-10-31,0.006700498461586253,4.971269007820678
crypto_min_variance,crypto,min_variance,2023-11-26,2023-10-31,-0.008453979749378653,4.929242000299848
crypto_min_variance,crypto,min_variance,2023-11-27,2023-10-31,-0.011977534609991793,4.87020183364023
crypto_min_variance,crypto,min_variance,2023-11-28,2023-10-31,0.014698630608122472,4.941787131379909
crypto_min_variance,crypto,min_variance,2023-11-29,2023-10-31,0.0012465138911993566,4.947947137686525
crypto_min_variance,crypto,min_variance,2023-11-30,2023-10-31,-0.003399339352857726,4.931127386265528
crypto_min_variance,crypto,min_variance,2023-12-01,2023-11-30,0.022176885523166264,5.040484433810889
crypto_min_variance,crypto,min_variance,2023-12-02,2023-11-30,0.01790463247285829,5.130732455083436
crypto_min_variance,crypto,min_variance,2023-12-03,2023-11-30,0.010949534543086867,5.186911587331708
crypto_min_variance,crypto,min_variance,2023-12-04,2023-11-30,0.04455296310932553,5.418003867933431
crypto_min_variance,crypto,min_variance,2023-12-05,2023-11-30,0.04343097468434615,5.653313056761337
crypto_min_variance,crypto,min_variance,2023-12-06,2023-11-30,-0.0052049029675266725,5.623888110855843
crypto_min_variance,crypto,min_variance,2023-12-07,2023-11-30,-0.00974851781845215,5.569063537398184
crypto_min_variance,crypto,min_variance,2023-12-08,2023-11-30,0.02065730459515969,5.684105379200015
crypto_min_variance,crypto,min_variance,2023-12-09,2023-11-30,-0.008757525851237164,5.634326679400515
crypto_min_variance,crypto,min_variance,2023-12-10,2023-11-30,0.0024396945493691488,5.648072715489614
crypto_min_variance,crypto,min_variance,2023-12-11,2023-11-30,-0.05531977526778455,5.335622602172624
crypto_min_variance,crypto,min_variance,2023-12-12,2023-11-30,0.004171253835311775,5.357878838415712
crypto_min_variance,crypto,min_variance,2023-12-13,2023-11-30,0.03116381788968542,5.524850798811099
crypto_min_variance,crypto,min_variance,2023-12-14,2023-11-30,0.004764235674783699,5.551172490084652
crypto_min_variance,crypto,min_variance,2023-12-15,2023-11-30,-0.027502447550129195,5.398501659834379
crypto_min_variance,crypto,min_variance,2023-12-16,2023-11-30,0.007953886984857576,5.441440731924268
crypto_min_variance,crypto,min_variance,2023-12-17,2023-11-30,-0.018889853313662774,5.338652714683229
crypto_min_variance,crypto,min_variance,2023-12-18,2023-11-30,0.02507491042639716,5.472518953301553
crypto_min_variance,crypto,min_variance,2023-12-19,2023-11-30,-0.007655358103183967,5.430624860987568
crypto_min_variance,crypto,min_variance,2023-12-20,2023-11-30,0.03121771977090544,5.60015658607879
crypto_min_variance,crypto,min_variance,2023-12-21,2023-11-30,0.0067772708688030115,5.638110364170357
crypto_min_variance,crypto,min_variance,2023-12-22,2023-11-30,0.0031191398022405213,5.655696418616666
crypto_min_variance,crypto,min_variance,2023-12-23,2023-11-30,-0.0031354883956750033,5.6379630481266325
crypto_min_variance,crypto,min_variance,2023-12-24,2023-11-30,-0.014897283088121004,5.553972716558325
crypto_min_variance,crypto,min_variance,2023-12-25,2023-11-30,0.011569879798619669,5.6182315132937175
crypto_min_variance,crypto,min_variance,2023-12-26,2023-11-30,-0.02530691707340243,5.476051394287618
crypto_min_variance,crypto,min_variance,2023-12-27,2023-11-30,0.02182254375951091,5.59555276546879
crypto_min_variance,crypto,min_variance,2023-12-28,2023-11-30,-0.016146444422955108,5.505204483725436
crypto_min_variance,crypto,min_variance,2023-12-29,2023-11-30,-0.010714717581663766,5.446217772453009
crypto_min_variance,crypto,min_variance,2023-12-30,2023-11-30,0.0015481269066740014,5.454649208726149
crypto_min_variance,crypto,min_variance,2023-12-31,2023-11-30,0.004265851177623677,5.477917930476718
equity_equal_weight,equity,equal_weight,2021-01-04,2020-12-31,-0.013701064199660195,0.9862989358003398
equity_equal_weight,equity,equal_weight,2021-01-05,2020-12-31,0.012674408604811126,0.9987996915191637
equity_equal_weight,equity,equal_weight,2021-01-06,2020-12-31,0.013264430714510804,1.0120482008249945
equity_equal_weight,equity,equal_weight,2021-01-07,2020-12-31,0.009679796812702826,1.0218446217736419
equity_equal_weight,equity,equal_weight,2021-01-08,2020-12-31,0.0028657693620504298,1.0247729927834968
equity_equal_weight,equity,equal_weight,2021-01-11,2020-12-31,-8.806647741709245e-05,1.0246827446358702
equity_equal_weight,equity,equal_weight,2021-01-12,2020-12-31,0.003012843574414888,1.02776995345886
equity_equal_weight,equity,equal_weight,2021-01-13,2020-12-31,8.709165777319526e-05,1.0278594636479161
equity_equal_weight,equity,equal_weight,2021-01-14,2020-12-31,0.003088648294878564,1.031034160027687
equity_equal_weight,equity,equal_weight,2021-01-15,2020-12-31,-0.010835450462099166,1.019862440461975
equity_equal_weight,equity,equal_weight,2021-01-19,2020-12-31,0.007283796632033242,1.027290911070949
equity_equal_weight,equity,equal_weight,2021-01-20,2020-12-31,0.007972222095949909,1.0354807023711574
equity_equal_weight,equity,equal_weight,2021-01-21,2020-12-31,-0.007354873075140488,1.0278648732334603
equity_equal_weight,equity,equal_weight,2021-01-22,2020-12-31,-0.0028008371292316974,1.024985991132675
equity_equal_weight,equity,equal_weight,2021-01-25,2020-12-31,0.0019324605381932259,1.0269667361127397
equity_equal_weight,equity,equal_weight,2021-01-26,2020-12-31,-0.005039220682649926,1.0217916240957268
equity_equal_weight,equity,equal_weight,2021-01-27,2020-12-31,-0.025815778404221418,0.9954132779527819
equity_equal_weight,equity,equal_weight,2021-01-28,2020-12-31,0.010643214962448222,1.0060076754465086
equity_equal_weight,equity,equal_weight,2021-01-29,2020-12-31,-0.014793783126670682,0.9911250160721868
equity_equal_weight,equity,equal_weight,2021-02-01,2021-01-29,0.008517686014717273,0.9995671077604215
equity_equal_weight,equity,equal_weight,2021-02-02,2021-01-29,0.017473889706152945,1.0170334331553255
equity_equal_weight,equity,equal_weight,2021-02-03,2021-01-29,0.001902784610192674,1.0189686287199848
equity_equal_weight,equity,equal_weight,2021-02-04,2021-01-29,0.009138734300265725,1.028280712278163
equity_equal_weight,equity,equal_weight,2021-02-05,2021-01-29,0.006317001689045663,1.0347763632744373
equity_equal_weight,equity,equal_weight,2021-02-08,2021-01-29,0.013036997474039065,1.0482667401086414
equity_equal_weight,equity,equal_weight,2021-02-09,2021-01-29,-0.0027438667563593655,1.04539043584866
equity_equal_weight,equity,equal_weight,2021-02-10,2021-01-29,0.0014557026145883103,1.0469122134393907
equity_equal_weight,equity,equal_weight,2021-02-11,2021-01-29,-0.0010303835566599063,1.0458334923093964
equity_equal_weight,equity,equal_weight,2021-02-12,2021-01-29,0.004467629428637099,1.0505058887970922
equity_equal_weight,equity,equal_weight,2021-02-16,2021-01-29,0.000556028999220457,1.0510900005351151
equity_equal_weight,equity,equal_weight,2021-02-17,2021-01-29,0.002470031678470779,1.0536862261333606
equity_equal_weight,equity,equal_weight,2021-02-18,2021-01-29,-0.005919355778125217,1.0474490824823672
equity_equal_weight,equity,equal_weight,2021-02-19,2021-01-29,0.0011058595895655544,1.048607414094812
equity_equal_weight,equity,equal_weight,2021-02-22,2021-01-29,0.002141918707192052,1.050853445931562
equity_equal_weight,equity,equal_weight,2021-02-23,2021-01-29,0.000247470338147786,1.0511135009891706
equity_equal_weight,equity,equal_weight,2021-02-24,2021-01-29,0.014576435503532907,1.0664349891432319
equity_equal_weight,equity,equal_weight,2021-02-25,2021-01-29,-0.018364899811465808,1.0468500174121749
equity_equal_weight,equity,equal_weight,2021-02-26,2021-01-29,-0.012928311779984663,1.0333160140001878
equity_equal_weight,equity,equal_weight,2021-03-01,2021-02-26,0.019963326496913784,1.053944438962163
equity_equal_weight,equity,equal_weight,2021-03-02,2021-02-26,-0.002791341663546041,1.0510025199386253
equity_equal_weight,equity,equal_weight,2021-03-03,2021-02-26,-0.00703708544492842,1.043606525402982
equity_equal_weight,equity,equal_weight,2021-03-04,2021-02-26,-0.007899217627752664,1.035362850341081
equity_equal_weight,equity,equal_weight,2021-03-05,2021-02-26,0.017580768996769722,1.0535653254407646
equity_equal_weight,equity,equal_weight,2021-03-08,2021-02-26,0.0018204582191550915,1.05548329709688
equity_equal_weight,equity,equal_weight,2021-03-09,2021-02-26,0.007318624501726561,1.0632079830161763
equity_equal_weight,equity,equal_weight,2021-03-10,2021-02-26,0.009821255768227701,1.0736500205521997
equity_equal_weight,equity,equal_weight,2021-03-11,2021-02-26,0.00529644073907005,1.0793365442605558
equity_equal_weight,equity,equal_weight,2021-03-12,2021-02-26,0.007082392417840365,1.0869808292179246
equity_equal_weight,equity,equal_weight,2021-03-15,2021-02-26,0.005841980012247008,1.0933309494959116
equity_equal_weight,equity,equal_weight,2021-03-16,2021-02-26,-0.00020791992646234758,1.0931036242052934
equity_equal_weight,equity,equal_weight,2021-03-17,2021-02-26,0.0021785532396102394,1.0954850086470354
equity_equal_weight,equity,equal_weight,2021-03-18,2021-02-26,-0.013475213399477742,1.080723114379588
equity_equal_weight,equity,equal_weight,2021-03-19,2021-02-26,-0.004686513277944681,1.0756582911542663
equity_equal_weight,equity,equal_weight,2021-03-22,2021-02-26,0.005873122338467358,1.081975763892602
equity_equal_weight,equity,equal_weight,2021-03-23,2021-02-26,-0.008100983457706074,1.073210696127669
equity_equal_weight,equity,equal_weight,2021-03-24,2021-02-26,-0.003305425688800321,1.0696632779231934
equity_equal_weight,equity,equal_weight,2021-03-25,2021-02-26,0.007122806063378128,1.0772822820049577
equity_equal_weight,equity,equal_weight,2021-03-26,2021-02-26,0.019635042704920398,1.098434765617379
equity_equal_weight,equity,equal_weight,2021-03-29,2021-02-26,0.0011022909356362364,1.0996455603029067
equity_equal_weight,equity,equal_weight,2021-03-30,2021-02-26,-0.0033269240650195876,1.095987123025343
equity_equal_weight,equity,equal_weight,2021-03-31,2021-02-26,-0.0009145486313490103,1.0949847895020042
equity_equal_weight,equity,equal_weight,2021-04-01,2021-03-31,0.011919235422437929,1.1080361709920672
equity_equal_weight,equity,equal_weight,2021-04-05,2021-03-31,0.005203894475596237,1.1138022743010536
equity_equal_weight,equity,equal_weight,2021-04-06,2021-03-31,0.0003117814222571468,1.1141495371582484
equity_equal_weight,equity,equal_weight,2021-04-07,2021-03-31,-0.000984327907634923,1.1130528486755449
equity_equal_weight,equity,equal_weight,2021-04-08,2021-03-31,-0.0012589867542405497,1.1116515298822927
equity_equal_weight,equity,equal_weight,2021-04-09,2021-03-31,0.0025702524318601074,1.1145087549303536
equity_equal_weight,equity,equal_weight,2021-04-12,2021-03-31,-0.00040732999993069044,1.1140547820792852
equity_equal_weight,equity,equal_weight,2021-04-13,2021-03-31,0.0017323719424837077,1.1159847393261493
equity_equal_weight,equity,equal_weight,2021-04-14,2021-03-31,0.0033581112989769886,1.1197323402887662
equity_equal_weight,equity,equal_weight,2021-04-15,2021-03-31,0.009449393897939496,1.1303131322324163
equity_equal_weight,equity,equal_weight,2021-04-16,2021-03-31,0.0028414438132387267,1.1335248534890205
equity_equal_weight,equity,equal_weight,2021-04-19,2021-03-31,-0.003529347591823395,1.129524250277087
equity_equal_weight,equity,equal_weight,2021-04-20,2021-03-31,-0.008747199313497123,1.119644076530485
equity_equal_weight,equity,equal_weight,2021-04-21,2021-03-31,0.01074810100907438,1.1316781241592464
equity_equal_weight,equity,equal_weight,2021-04-22,2021-03-31,-0.009628306971395235,1.1207819797870284
equity_equal_weight,equity,equal_weight,2021-04-23,2021-03-31,0.008856224632086743,1.1307078767636172
equity_equal_weight,equity,equal_weight,2021-04-26,2021-03-31,0.0010310242022457847,1.1318736639502305
equity_equal_weight,equity,equal_weight,2021-04-27,2021-03-31,0.0010263258205212855,1.1330353351171105
equity_equal_weight,equity,equal_weight,2021-04-28,2021-03-31,0.0005173149641775311,1.1336214712509085
equity_equal_weight,equity,equal_weight,2021-04-29,2021-03-31,0.008854898351562737,1.1436595741479845
equity_equal_weight,equity,equal_weight,2021-04-30,2021-03-31,-0.006729647523317546,1.1359631483273012
equity_equal_weight,equity,equal_weight,2021-05-03,2021-04-30,0.0074376449481444815,1.1444120388987362
equity_equal_weight,equity,equal_weight,2021-05-04,2021-04-30,-0.0023142375990448214,1.1417635975295173
equity_equal_weight,equity,equal_weight,2021-05-05,2021-04-30,0.005992361499102263,1.1486054577524296
equity_equal_weight,equity,equal_weight,2021-05-06,2021-04-30,0.008050152328450045,1.1578519066526256
equity_equal_weight,equity,equal_weight,2021-05-07,2021-04-30,0.00963665939255605,1.1690097311040586
equity_equal_weight,equity,equal_weight,2021-05-10,2021-04-30,-0.004327123236936114,1.1639512819323938
equity_equal_weight,equity,equal_weight,2021-05-11,2021-04-30,-0.009261384465219461,1.1531714816116327
equity_equal_weight,equity,equal_weight,2021-05-12,2021-04-30,-0.015936792590103527,1.1347936268883658
equity_equal_weight,equity,equal_weight,2021-05-13,2021-04-30,0.008494958615479206,1.144433651785892
equity_equal_weight,equity,equal_weight,2021-05-14,2021-04-30,0.013989839118725322,1.160444094456432
equity_equal_weight,equity,equal_weight,2021-05-17,2021-04-30,0.003109889447838574,1.1640529473005887
equity_equal_weight,equity,equal_weight,2021-05-18,2021-04-30,-0.008646340971441622,1.1539881486094163
equity_equal_weight,equity,equal_weight,2021-05-19,2021-04-30,-0.005355264782657151,1.1478082365175646
equity_equal_weight,equity,equal_weight,2021-05-20,2021-04-30,0.008595708763838071,1.157674461835404
equity_equal_weight,equity,equal_weight,2021-05-21,2021-04-30,0.0023746797752530243,1.1604235679662516
equity_equal_weight,equity,equal_weight,2021-05-24,2021-04-30,0.006160084121522578,1.1675718747615211
equity_equal_weight,equity,equal_weight,2021-05-25,2021-04-30,-0.005482264863134029,1.1611709364973324
equity_equal_weight,equity,equal_weight,2021-05-26,2021-04-30,0.0037127526757294287,1.1654820769987921
equity_equal_weight,equity,equal_weight,2021-05-27,2021-04-30,0.002493264197657326,1.1683879317343846
equity_equal_weight,equity,equal_weight,2021-05-28,2021-04-30,0.0029368120789191243,1.1718192675251653
equity_equal_weight,equity,equal_weight,2021-06-01,2021-05-28,0.006155867931106326,1.179032832175176
equity_equal_weight,equity,equal_weight,2021-06-02,2021-05-28,0.003927973385446997,1.1836640417605282
equity_equal_weight,equity,equal_weight,2021-06-03,2021-05-28,0.0015356426218946576,1.1854817267130597
equity_equal_weight,equity,equal_weight,2021-06-04,2021-05-28,0.006630268468109691,1.1933417888252056
equity_equal_weight,equity,equal_weight,2021-06-07,2021-05-28,-0.0019190242636381518,1.1910517369776368
equity_equal_weight,equity,equal_weight,2021-06-08,2021-05-28,-0.002625652344064506,1.1879244491925394
equity_equal_weight,equity,equal_weight,2021-06-09,2021-05-28,-0.002621494186845723,1.1848103121545692
equity_equal_weight,equity,equal_weight,2021-06-10,2021-05-28,0.0035983856432469483,1.189073716571797
equity_equal_weight,equity,equal_weight,2021-06-11,2021-05-28,-0.00019304660451298556,1.1888441699282972
equity_equal_weight,equity,equal_weight,2021-06-14,2021-05-28,-0.001521826261606398,1.1870349556495428
equity_equal_weight,equity,equal_weight,2021-06-15,2021-05-28,-0.0014924320060200657,1.1852633866894666
equity_equal_weight,equity,equal_weight,2021-06-16,2021-05-28,-0.007942953726279381,1.175848894455539
equity_equal_weight,equity,equal_weight,2021-06-17,2021-05-28,-0.008628992318018565,1.1657025033781314
equity_equal_weight,equity,equal_weight,2021-06-18,2021-05-28,-0.015075440337741249,1.1481290248368987
equity_equal_weight,equity,equal_weight,2021-06-21,2021-05-28,0.016981836922855056,1.1676263647030756
equity_equal_weight,equity,equal_weight,2021-06-22,2021-05-28,0.0013849084679286626,1.1692434203429296
equity_equal_weight,equity,equal_weight,2021-06-23,2021-05-28,-0.003409218992398384,1.1652572134675596
equity_equal_weight,equity,equal_weight,2021-06-24,2021-05-28,0.008045844887354254,1.1746326922609902
equity_equal_weight,equity,equal_weight,2021-06-25,2021-05-28,0.007796049512859092,1.1837901868892797
equity_equal_weight,equity,equal_weight,2021-06-28,2021-05-28,-0.0016871117212886436,1.1817930005894324
equity_equal_weight,equity,equal_weight,2021-06-29,2021-05-28,-0.00041512416175831335,1.181302409760691
equity_equal_weight,equity,equal_weight,2021-06-30,2021-05-28,0.004396661504242163,1.1864961965905543
equity_equal_weight,equity,equal_weight,2021-07-01,2021-06-30,0.006588444236266209,1.1943133606183332
equity_equal_weight,equity,equal_weight,2021-07-02,2021-06-30,0.0037870288658624985,1.19883625978988
equity_equal_weight,equity,equal_weight,2021-07-06,2021-06-30,-0.008689862235726455,1.1884185378491126
equity_equal_weight,equity,equal_weight,2021-07-07,2021-06-30,9.602564581949078e-05,1.1885326565067134
equity_equal_weight,equity,equal_weight,2021-07-08,2021-06-30,-0.006922522612545075,1.1803050123162973
equity_equal_weight,equity,equal_weight,2021-07-09,2021-06-30,0.01211670315324331,1.1946064177808189
equity_equal_weight,equity,equal_weight,2021-07-12,2021-06-30,0.004299687110597881,1.1997428515975885
equity_equal_weight,equity,equal_weight,2021-07-13,2021-06-30,-0.004766188522257003,1.1940246509886443
equity_equal_weight,equity,equal_weight,2021-07-14,2021-06-30,-0.0013789228043061597,1.1923781831684923
equity_equal_weight,equity,equal_weight,2021-07-15,2021-06-30,-0.0012527313665276264,1.190884453617674
equity_equal_weight,equity,equal_weight,2021-07-16,2021-06-30,-0.009458350867190799,1.179620650613075
equity_equal_weight,equity,equal_weight,2021-07-19,2021-06-30,-0.01726527922780359,1.159254170697357
equity_equal_weight,equity,equal_weight,2021-07-20,2021-06-30,0.011365506267585472,1.1724296812401422
equity_equal_weight,equity,equal_weight,2021-07-21,2021-06-30,0.010312805453817256,1.1845207204510528
equity_equal_weight,equity,equal_weight,2021-07-22,2021-06-30,-0.001290319131949631,1.182992310703264
equity_equal_weight,equity,equal_weight,2021-07-23,2021-06-30,0.005172454986152822,1.1891112851793417
equity_equal_weight,equity,equal_weight,2021-07-26,2021-06-30,0.005689444061937252,1.195876667319788
equity_equal_weight,equity,equal_weight,2021-07-27,2021-06-30,-0.0020674143337947658,1.1934042947563204
equity_equal_weight,equity,equal_weight,2021-07-28,2021-06-30,0.0024506105914112643,1.196328863960886
equity_equal_weight,equity,equal_weight,2021-07-29,2021-06-30,0.006330181297196202,1.203901842560827
equity_equal_weight,equity,equal_weight,2021-07-30,2021-06-30,-0.005476928437086,1.1973081583238454
equity_equal_weight,equity,equal_weight,2021-08-02,2021-07-30,-0.0025946151195928866,1.1942016044734465
equity_equal_weight,equity,equal_weight,2021-08-03,2021-07-30,0.006555937558699149,1.2020307156248728
equity_equal_weight,equity,equal_weight,2021-08-04,2021-07-30,-0.007995184894552278,1.1924202578045209
equity_equal_weight,equity,equal_weight,2021-08-05,2021-07-30,0.004858409186381643,1.198213523339066
equity_equal_weight,equity,equal_weight,2021-08-06,2021-07-30,0.003386159313318462,1.2022708652204648
equity_equal_weight,equity,equal_weight,2021-08-09,2021-07-30,-0.0025151353318879433,1.1992469912888493
equity_equal_weight,equity,equal_weight,2021-08-10,2021-07-30,0.00622520196822989,1.2067125460194144
equity_equal_weight,equity,equal_weight,2021-08-11,2021-07-30,0.008553749273534143,1.2170344625832925
equity_equal_weight,equity,equal_weight,2021-08-12,2021-07-30,0.0018025545333928794,1.2192282335711173
equity_equal_weight,equity,equal_weight,2021-08-13,2021-07-30,0.0011371561711445756,1.2206146864809564
equity_equal_weight,equity,equal_weight,2021-08-16,2021-07-30,-0.001306759976129792,1.2190196360623868
equity_equal_weight,equity,equal_weight,2021-08-17,2021-07-30,-0.005347927817360969,1.2125004070407797
equity_equal_weight,equity,equal_weight,2021-08-18,2021-07-30,-0.012821725418145535,1.1969540597523132
equity_equal_weight,equity,equal_weight,2021-08-19,2021-07-30,-0.00462008735737864,1.1914240274334884
equity_equal_weight,equity,equal_weight,2021-08-20,2021-07-30,0.005321036088544203,1.1977636376802208
equity_equal_weight,equity,equal_weight,2021-08-23,2021-07-30,0.010275235784609368,1.2100709414716164
equity_equal_weight,equity,equal_weight,2021-08-24,2021-07-30,0.0021334034039965657,1.2126525109372293
equity_equal_weight,equity,equal_weight,2021-08-25,2021-07-30,0.00029726073591912483,1.2130129849150446
equity_equal_weight,equity,equal_weight,2021-08-26,2021-07-30,-0.007054964671320487,1.2044552211606159
equity_equal_weight,equity,equal_weight,2021-08-27,2021-07-30,0.011274058695481981,1.2180343200200605
equity_equal_weight,equity,equal_weight,2021-08-30,2021-07-30,-0.0008556941413459173,1.2169920551884612
equity_equal_weight,equity,equal_weight,2021-08-31,2021-07-30,-0.00035154282498478507,1.2165642303633963
equity_equal_weight,equity,equal_weight,2021-09-01,2021-08-31,-0.002052550198318417,1.2140671712110969
equity_equal_weight,equity,equal_weight,2021-09-02,2021-08-31,0.006924134192625771,1.2224735352234242
equity_equal_weight,equity,equal_weight,2021-09-03,2021-08-31,-0.0034739609787678314,1.2182267098644817
equity_equal_weight,equity,equal_weight,2021-09-07,2021-08-31,-0.010009097258011457,1.2060333602431408
equity_equal_weight,equity,equal_weight,2021-09-08,2021-08-31,-0.0019721439613384533,1.2036548888345644
equity_equal_weight,equity,equal_weight,2021-09-09,2021-08-31,-0.006242056306770114,1.1961416072445399
equity_equal_weight,equity,equal_weight,2021-09-10,2021-08-31,-0.0037122719779800507,1.1917012042742698
equity_equal_weight,equity,equal_weight,2021-09-13,2021-08-31,0.005540850199334926,1.1983042421295207
equity_equal_weight,equity,equal_weight,2021-09-14,2021-08-31,-0.009594622715975658,1.1868069650273347
equity_equal_weight,equity,equal_weight,2021-09-15,2021-08-31,0.008697701909292485,1.1971294582330145
equity_equal_weight,equity,equal_weight,2021-09-16,2021-08-31,-0.004843745212585662,1.191330868150853
equity_equal_weight,equity,equal_weight,2021-09-17,2021-08-31,-0.011501394104243307,1.1776289023276996
equity_equal_weight,equity,equal_weight,2021-09-20,2021-08-31,-0.017107007363820308,1.157483196023732
equity_equal_weight,equity,equal_weight,2021-09-21,2021-08-31,-0.002108905432231736,1.1550421734239205
equity_equal_weight,equity,equal_weight,2021-09-22,2021-08-31,0.008905878341474214,1.1653288384997058
equity_equal_weight,equity,equal_weight,2021-09-23,2021-08-31,0.011459114793696433,1.178682475432479
equity_equal_weight,equity,equal_weight,2021-09-24,2021-08-31,-0.0023443356466225375,1.1759192480892733
equity_equal_weight,equity,equal_weight,2021-09-27,2021-08-31,0.0032894814945791896,1.1797874126949823
equity_equal_weight,equity,equal_weight,2021-09-28,2021-08-31,-0.011152180037691917,1.1666302110624052
equity_equal_weight,equity,equal_weight,2021-09-29,2021-08-31,0.003919694130095626,1.1712030446526986
equity_equal_weight,equity,equal_weight,2021-09-30,2021-08-31,-0.010112777369907561,1.159358929007168
equity_equal_weight,equity,equal_weight,2021-10-01,2021-09-30,0.012342170182835961,1.1736679342119647
equity_equal_weight,equity,equal_weight,2021-10-04,2021-09-30,-0.002745104393907883,1.1704460932087706
equity_equal_weight,equity,equal_weight,2021-10-05,2021-09-30,0.005693677902995396,1.1771102362663208
equity_equal_weight,equity,equal_weight,2021-10-06,2021-09-30,0.001097153300396221,1.1784017066469707
equity_equal_weight,equity,equal_weight,2021-10-07,2021-09-30,0.008043666617446345,1.1878803771166688
equity_equal_weight,equity,equal_weight,2021-10-08,2021-09-30,-0.0008405341466329586,1.1868819230975869
equity_equal_weight,equity,equal_weight,2021-10-11,2021-09-30,-0.008973806475380097,1.1762310744105822
equity_equal_weight,equity,equal_weight,2021-10-12,2021-09-30,-0.0007657505468342873,1.1753303748221489
equity_equal_weight,equity,equal_weight,2021-10-13,2021-09-30,0.0032749128553063644,1.179179479375886
equity_equal_weight,equity,equal_weight,2021-10-14,2021-09-30,0.012783921551769491,1.194254017335684
equity_equal_weight,equity,equal_weight,2021-10-15,2021-09-30,0.004786977308970226,1.1999708842178163
equity_equal_weight,equity,equal_weight,2021-10-18,2021-09-30,0.0002736249556802517,1.200299226197828
equity_equal_weight,equity,equal_weight,2021-10-19,2021-09-30,0.009805851901735375,1.2120691826476915
equity_equal_weight,equity,equal_weight,2021-10-20,2021-09-30,0.00885848761322351,1.2228062824885462
equity_equal_weight,equity,equal_weight,2021-10-21,2021-09-30,0.0007577563531104437,1.2237328717177254
equity_equal_weight,equity,equal_weight,2021-10-22,2021-09-30,0.0012181275672072385,1.2252235344636624
equity_equal_weight,equity,equal_weight,2021-10-25,2021-09-30,0.006157737969974208,1.2327681399435353
equity_equal_weight,equity,equal_weight,2021-10-26,2021-09-30,0.005035039278010809,1.2389751759488312
equity_equal_weight,equity,equal_weight,2021-10-27,2021-09-30,-0.01602157001977568,1.2191248484146031
equity_equal_weight,equity,equal_weight,2021-10-28,2021-09-30,0.008177747360443858,1.2290945434257772
equity_equal_weight,equity,equal_weight,2021-10-29,2021-09-30,-0.00296408785075164,1.2254513992221836
equity_equal_weight,equity,equal_weight,2021-11-01,2021-10-29,0.0074611757318912,1.2345947074626722
equity_equal_weight,equity,equal_weight,2021-11-02,2021-10-29,0.004540063787491218,1.2401998461862518
equity_equal_weight,equity,equal_weight,2021-11-03,2021-10-29,0.005006007983429448,1.2464082965173082
equity_equal_weight,equity,equal_weight,2021-11-04,2021-10-29,0.00456680554199933,1.2521004008334375
equity_equal_weight,equity,equal_weight,2021-11-05,2021-10-29,0.004317548129979447,1.2575064045776025
equity_equal_weight,equity,equal_weight,2021-11-08,2021-10-29,0.003743337195565299,1.2622136750755195
equity_equal_weight,equity,equal_weight,2021-11-09,2021-10-29,-0.0007145187867039062,1.2613117996918435
equity_equal_weight,equity,equal_weight,2021-11-10,2021-10-29,-0.007127343452293766,1.2523219972950088
equity_equal_weight,equity,equal_weight,2021-11-11,2021-10-29,0.0010659591267172441,1.2536569213576143
equity_equal_weight,equity,equal_weight,2021-11-12,2021-10-29,0.0021581365565475717,1.256362484188965
equity_equal_weight,equity,equal_weight,2021-11-15,2021-10-29,-0.0008570796974349083,1.2552856814111477
equity_equal_weight,equity,equal_weight,2021-11-16,2021-10-29,-4.381857837486595e-05,1.255230676577134
equity_equal_weight,equity,equal_weight,2021-11-17,2021-10-29,-0.006410498431443284,1.2471840222938368
equity_equal_weight,equity,equal_weight,2021-11-18,2021-10-29,-0.0012952494090488888,1.2455686079259856
equity_equal_weight,equity,equal_weight,2021-11-19,2021-10-29,-0.008108011963673636,1.2354695227513455
equity_equal_weight,equity,equal_weight,2021-11-22,2021-10-29,0.0021290502357046793,1.2380998994299652
equity_equal_weight,equity,equal_weight,2021-11-23,2021-10-29,0.0076140353899424845,1.2475268358805094
equity_equal_weight,equity,equal_weight,2021-11-24,2021-10-29,0.0015933253638177255,1.249514552030161
equity_equal_weight,equity,equal_weight,2021-11-26,2021-10-29,-0.021907080259714436,1.222141336453155
equity_equal_weight,equity,equal_weight,2021-11-29,2021-10-29,0.007100239839562272,1.2308188330598158
equity_equal_weight,equity,equal_weight,2021-11-30,2021-10-29,-0.022736652197169208,1.202834133334809
equity_equal_weight,equity,equal_weight,2021-12-01,2021-11-30,-0.013137975243081343,1.187031328269523
equity_equal_weight,equity,equal_weight,2021-12-02,2021-11-30,0.021514026022957163,1.212569151155979
equity_equal_weight,equity,equal_weight,2021-12-03,2021-11-30,-0.000915153001143347,1.2114594648582049
equity_equal_weight,equity,equal_weight,2021-12-06,2021-11-30,0.013552429844853976,1.22787768426558
equity_equal_weight,equity,equal_weight,2021-12-07,2021-11-30,0.014952137327276696,1.2462370800218177
equity_equal_weight,equity,equal_weight,2021-12-08,2021-11-30,-0.0005769049565259764,1.2455181196733467
equity_equal_weight,equity,equal_weight,2021-12-09,2021-11-30,-0.006819833181712463,1.2370238938723743
equity_equal_weight,equity,equal_weight,2021-12-10,2021-11-30,0.005428423454781844,1.2437389833919967
equity_equal_weight,equity,equal_weight,2021-12-13,2021-11-30,-0.006038152907783944,1.236229097232904
equity_equal_weight,equity,equal_weight,2021-12-14,2021-11-30,-0.0019345036185553588,1.2338376075709434
equity_equal_weight,equity,equal_weight,2021-12-15,2021-11-30,0.008657972774681652,1.244520139985671
equity_equal_weight,equity,equal_weight,2021-12-16,2021-11-30,0.004803852555990486,1.2504986312411228
equity_equal_weight,equity,equal_weight,2021-12-17,2021-11-30,-0.012437317144134917,1.2349457831760704
equity_equal_weight,equity,equal_weight,2021-12-20,2021-11-30,-0.008131606148534015,1.2249036904524897
equity_equal_weight,equity,equal_weight,2021-12-21,2021-11-30,0.01462265780225411,1.2428150379586946
equity_equal_weight,equity,equal_weight,2021-12-22,2021-11-30,0.005938186176970402,1.250195105037632
equity_equal_weight,equity,equal_weight,2021-12-23,2021-11-30,0.005000741890955203,1.2564470080712609
equity_equal_weight,equity,equal_weight,2021-12-27,2021-11-30,0.012643323884424486,1.272332674537922
equity_equal_weight,equity,equal_weight,2021-12-28,2021-11-30,0.0017823302262577135,1.2746003915216062
equity_equal_weight,equity,equal_weight,2021-12-29,2021-11-30,0.000380450480048644,1.2750853138524307
equity_equal_weight,equity,equal_weight,2021-12-30,2021-11-30,-0.0015226750242771357,1.273143773291205
equity_equal_weight,equity,equal_weight,2021-12-31,2021-11-30,-0.001103778985073085,1.2717385039492695
equity_equal_weight,equity,equal_weight,2022-01-03,2021-12-31,0.007893532580496583,1.281777013264065
equity_equal_weight,equity,equal_weight,2022-01-04,2021-12-31,0.008287326862424097,1.292399518337726
equity_equal_weight,equity,equal_weight,2022-01-05,2021-12-31,-0.009811024567845612,1.2797197549118426
equity_equal_weight,equity,equal_weight,2022-01-06,2021-12-31,0.0005963769310551336,1.2804829502518875
equity_equal_weight,equity,equal_weight,2022-01-07,2021-12-31,0.0013930725716407813,1.282266755928337
equity_equal_weight,equity,equal_weight,2022-01-10,2021-12-31,-0.006524926800297903,1.273900059207449
equity_equal_weight,equity,equal_weight,2022-01-11,2021-12-31,0.01010867090205998,1.2867774956680917
equity_equal_weight,equity,equal_weight,2022-01-12,2021-12-31,0.0028088568181742126,1.290391869410272
equity_equal_weight,equity,equal_weight,2022-01-13,2021-12-31,-0.005023576980461089,1.2839094865193286
equity_equal_weight,equity,equal_weight,2022-01-14,2021-12-31,0.001807202440442065,1.286229770876673
equity_equal_weight,equity,equal_weight,2022-01-18,2021-12-31,-0.010761970773172893,1.2723874036749134
equity_equal_weight,equity,equal_weight,2022-01-19,2021-12-31,-0.0067844203426378705,1.2637549926897051
equity_equal_weight,equity,equal_weight,2022-01-20,2021-12-31,-0.011862060931541647,1.24876425396388
equity_equal_weight,equity,equal_weight,2022-01-21,2021-12-31,-0.012930960558085396,1.232616532649526
equity_equal_weight,equity,equal_weight,2022-01-24,2021-12-31,0.002307455792883595,1.2354607408081921
equity_equal_weight,equity,equal_weight,2022-01-25,2021-12-31,-0.003389437755906941,1.231273223527356
equity_equal_weight,equity,equal_weight,2022-01-26,2021-12-31,-0.00884844116500199,1.220378374850932
equity_equal_weight,equity,equal_weight,2022-01-27,2021-12-31,-0.003411783232470778,1.2162147083743455
equity_equal_weight,equity,equal_weight,2022-01-28,2021-12-31,0.0168862597049742,1.2367520257969642
equity_equal_weight,equity,equal_weight,2022-01-31,2021-12-31,0.014021638256743595,1.254093315315984
equity_equal_weight,equity,equal_weight,2022-02-01,2022-01-31,0.01095025843212488,1.2678259612166942
equity_equal_weight,equity,equal_weight,2022-02-02,2022-01-31,0.00999170295568433,1.2804937016206765
equity_equal_weight,equity,equal_weight,2022-02-03,2022-01-31,-0.00951382855415483,1.2683113040787823
equity_equal_weight,equity,equal_weight,2022-02-04,2022-01-31,-0.0009650934505631595,1.2670872651459406
equity_equal_weight,equity,equal_weight,2022-02-07,2022-01-31,0.0023266470700742488,1.2700353300189209
equity_equal_weight,equity,equal_weight,2022-02-08,2022-01-31,0.004025120961881327,1.27514737584811
equity_equal_weight,equity,equal_weight,2022-02-09,2022-01-31,0.012606793313618202,1.29122289525983
equity_equal_weight,equity,equal_weight,2022-02-10,2022-01-31,-0.016922118858680186,1.2693726679531938
equity_equal_weight,equity,equal_weight,2022-02-11,2022-01-31,-0.010206802133622503,1.256416432297567
equity_equal_weight,equity,equal_weight,2022-02-14,2022-01-31,-0.00634100905569615,1.2484494843226428
equity_equal_weight,equity,equal_weight,2022-02-15,2022-01-31,0.010470141652055797,1.261520927268937
equity_equal_weight,equity,equal_weight,2022-02-16,2022-01-31,-0.0004521061122067474,1.260950585947042
equity_equal_weight,equity,equal_weight,2022-02-17,2022-01-31,-0.015235853249305863,1.2417389278649267
equity_equal_weight,equity,equal_weight,2022-02-18,2022-01-31,-0.008409016441980765,1.2312971248038629
equity_equal_weight,equity,equal_weight,2022-02-22,2022-01-31,-0.006636163123505222,1.2231260362301615
equity_equal_weight,equity,equal_weight,2022-02-23,2022-01-31,-0.011444759515712766,1.2091276528881003
equity_equal_weight,equity,equal_weight,2022-02-24,2022-01-31,0.0066461620133129295,1.2171637111639715
equity_equal_weight,equity,equal_weight,2022-02-25,2022-01-31,0.02542752148262096,1.24811316757746
equity_equal_weight,equity,equal_weight,2022-02-28,2022-01-31,-0.002195598379704531,1.245372812329039
equity_equal_weight,equity,equal_weight,2022-03-01,2022-02-28,-0.012896231197349313,1.2293121966143508
equity_equal_weight,equity,equal_weight,2022-03-02,2022-02-28,0.019780619392027854,1.253628753289557
equity_equal_weight,equity,equal_weight,2022-03-03,2022-02-28,-0.0008418490610408493,1.2525733871007063
equity_equal_weight,equity,equal_weight,2022-03-04,2022-02-28,0.0018169686926337771,1.2548492737302945
equity_equal_weight,equity,equal_weight,2022-03-07,2022-02-28,-0.01776749892036473,1.232553740614071
equity_equal_weight,equity,equal_weight,2022-03-08,2022-02-28,-0.004451663647359794,1.227066825933562
equity_equal_weight,equity,equal_weight,2022-03-09,2022-02-28,0.015019626125899074,1.2454969108905778
equity_equal_weight,equity,equal_weight,2022-03-10,2022-02-28,-0.0008810613935192377,1.2443995516466446
equity_equal_weight,equity,equal_weight,2022-03-11,2022-02-28,-0.008321164119682884,1.2340446987469331
equity_equal_weight,equity,equal_weight,2022-03-14,2022-02-28,-0.009521426509802986,1.222294832838002
equity_equal_weight,equity,equal_weight,2022-03-15,2022-02-28,0.009821014009503297,1.2342990075150475
equity_equal_weight,equity,equal_weight,2022-03-16,2022-02-28,0.015830145929724593,1.2538381409249248
equity_equal_weight,equity,equal_weight,2022-03-17,2022-02-28,0.014569366617528792,1.2721057684791008
equity_equal_weight,equity,equal_weight,2022-03-18,2022-02-28,0.004900691902451892,1.2783399669177486
equity_equal_weight,equity,equal_weight,2022-03-21,2022-02-28,0.003616403556229848,1.2829629601201806
equity_equal_weight,equity,equal_weight,2022-03-22,2022-02-28,0.0055469342443239394,1.2900794712978705
equity_equal_weight,equity,equal_weight,2022-03-23,2022-02-28,-0.00967533361960664,1.277597522017258
equity_equal_weight,equity,equal_weight,2022-03-24,2022-02-28,0.010775713212324893,1.291364546515293
equity_equal_weight,equity,equal_weight,2022-03-25,2022-02-28,0.009012400337871585,1.3030028407906227
equity_equal_weight,equity,equal_weight,2022-03-28,2022-02-28,0.0008465485017869992,1.3041058958933183
equity_equal_weight,equity,equal_weight,2022-03-29,2022-02-28,0.012421936723784475,1.3203054168132193
equity_equal_weight,equity,equal_weight,2022-03-30,2022-02-28,-0.004279865159334702,1.3146546876601197
equity_equal_weight,equity,equal_weight,2022-03-31,2022-02-28,-0.014612859704207257,1.295443823149864
equity_equal_weight,equity,equal_weight,2022-04-01,2022-03-31,0.006186125023239844,1.3034576006004528
equity_equal_weight,equity,equal_weight,2022-04-04,2022-03-31,0.0023851263573864533,1.3065665116793805
equity_equal_weight,equity,equal_weight,2022-04-05,2022-03-31,-0.010698340505611343,1.2925884182442058
equity_equal_weight,equity,equal_weight,2022-04-06,2022-03-31,-0.0012633246356550413,1.2909554594516754
equity_equal_weight,equity,equal_weight,2022-04-07,2022-03-31,0.0016102370143205457,1.2930342037163236
equity_equal_weight,equity,equal_weight,2022-04-08,2022-03-31,0.003154132343436489,1.297112604719435
equity_equal_weight,equity,equal_weight,2022-04-11,2022-03-31,-0.011840453695113766,1.2817542029859061
equity_equal_weight,equity,equal_weight,2022-04-12,2022-03-31,-0.0008602131354637925,1.2806516211840617
equity_equal_weight,equity,equal_weight,2022-04-13,2022-03-31,0.009111691535789815,1.2923205237211002
equity_equal_weight,equity,equal_weight,2022-04-14,2022-03-31,-0.002157609439999568,1.2895322007596144
equity_equal_weight,equity,equal_weight,2022-04-18,2022-03-31,0.0008561339045568393,1.2906362129977023
equity_equal_weight,equity,equal_weight,2022-04-19,2022-03-31,0.012514123824200304,1.3067873943791526
equity_equal_weight,equity,equal_weight,2022-04-20,2022-03-31,0.0015008733592365075,1.3087487167655625
equity_equal_weight,equity,equal_weight,2022-04-21,2022-03-31,-0.01236558266008561,1.292565276327117
equity_equal_weight,equity,equal_weight,2022-04-22,2022-03-31,-0.02310687701405426,1.2626981294543893
equity_equal_weight,equity,equal_weight,2022-04-25,2022-03-31,-0.002562322005097424,1.259462690251493
equity_equal_weight,equity,equal_weight,2022-04-26,2022-03-31,-0.02058994664206025,1.233530420661549
equity_equal_weight,equity,equal_weight,2022-04-27,2022-03-31,0.0004532832337849474,1.2340895593195984
equity_equal_weight,equity,equal_weight,2022-04-28,2022-03-31,0.017596976760320904,1.2558058046151
equity_equal_weight,equity,equal_weight,2022-04-29,2022-03-31,-0.03513723368055067,1.2116802626009473
equity_equal_weight,equity,equal_weight,2022-05-02,2022-04-29,0.004282752066340887,1.216869588749346
equity_equal_weight,equity,equal_weight,2022-05-03,2022-04-29,0.006419254004216234,1.2246809837295343
equity_equal_weight,equity,equal_weight,2022-05-04,2022-04-29,0.030597475828033592,1.2621531305262512
equity_equal_weight,equity,equal_weight,2022-05-05,2022-04-29,-0.02522333353713442,1.2303174211400492
equity_equal_weight,equity,equal_weight,2022-05-06,2022-04-29,-0.0037348140552296697,1.2257224143431813
equity_equal_weight,equity,equal_weight,2022-05-09,2022-04-29,-0.03505511084284932,1.1827545792458163
equity_equal_weight,equity,equal_weight,2022-05-10,2022-04-29,-0.004350157266790659,1.1776094108180801
equity_equal_weight,equity,equal_weight,2022-05-11,2022-04-29,-0.0034181327814378337,1.173584185487233
equity_equal_weight,equity,equal_weight,2022-05-12,2022-04-29,0.0022033135934364755,1.1761699594761592
equity_equal_weight,equity,equal_weight,2022-05-13,2022-04-29,0.022291124944625013,1.2023881109989567
equity_equal_weight,equity,equal_weight,2022-05-16,2022-04-29,0.001318169203224606,1.203973061977199
equity_equal_weight,equity,equal_weight,2022-05-17,2022-04-29,0.01945053993405474,1.2273909880987128
equity_equal_weight,equity,equal_weight,2022-05-18,2022-04-29,-0.028013871852139105,1.193007014245645
equity_equal_weight,equity,equal_weight,2022-05-19,2022-04-29,-0.0018228315479148116,1.1908323634231943
equity_equal_weight,equity,equal_weight,2022-05-20,2022-04-29,0.0006859801810684972,1.1916492508234777
equity_equal_weight,equity,equal_weight,2022-05-23,2022-04-29,0.019290594368582818,1.214636873150739
equity_equal_weight,equity,equal_weight,2022-05-24,2022-04-29,0.0004160499764193637,1.2151422227931716
equity_equal_weight,equity,equal_weight,2022-05-25,2022-04-29,0.008934932428617256,1.2259994364449884
equity_equal_weight,equity,equal_weight,2022-05-26,2022-04-29,0.015234428874930362,1.2446768376602144
equity_equal_weight,equity,equal_weight,2022-05-27,2022-04-29,0.019582410573768305,1.2690506105269364
equity_equal_weight,equity,equal_weight,2022-05-31,2022-04-29,-0.0076868323484519125,1.2592956312421153
equity_equal_weight,equity,equal_weight,2022-06-01,2022-05-31,-0.005248085487194567,1.252686740115706
equity_equal_weight,equity,equal_weight,2022-06-02,2022-05-31,0.014666480722361937,1.2710592460407715
equity_equal_weight,equity,equal_weight,2022-06-03,2022-05-31,-0.008281688042044991,1.260532729882105
equity_equal_weight,equity,equal_weight,2022-06-06,2022-05-31,-0.0004726634839063061,1.259936922090421
equity_equal_weight,equity,equal_weight,2022-06-07,2022-05-31,0.010212564518665375,1.2728041091967184
equity_equal_weight,equity,equal_weight,2022-06-08,2022-05-31,-0.01288874606797629,1.256399260239005
equity_equal_weight,equity,equal_weight,2022-06-09,2022-05-31,-0.023559022078012807,1.2267997223282354
equity_equal_weight,equity,equal_weight,2022-06-10,2022-05-31,-0.02572519852341478,1.1952400559228713
equity_equal_weight,equity,equal_weight,2022-06-13,2022-05-31,-0.04038529147505947,1.1469699378817597
equity_equal_weight,equity,equal_weight,2022-06-14,2022-05-31,-0.0064914420956830995,1.139524448944511
equity_equal_weight,equity,equal_weight,2022-06-15,2022-05-31,0.010895650187921786,1.151940308720795
equity_equal_weight,equity,equal_weight,2022-06-16,2022-05-31,-0.02883302653138866,1.1187263832368721
equity_equal_weight,equity,equal_weight,2022-06-17,2022-05-31,-0.0040129501461385695,1.1142369900337727
equity_equal_weight,equity,equal_weight,2022-06-21,2022-05-31,0.021283145794544638,1.137951458342336
equity_equal_weight,equity,equal_weight,2022-06-22,2022-05-31,-0.0034361485113255366,1.1340412881327921
equity_equal_weight,equity,equal_weight,2022-06-23,2022-05-31,0.0025338360448495245,1.1369147628250105
equity_equal_weight,equity,equal_weight,2022-06-24,2022-05-31,0.02872286471939655,1.1695702117551179
equity_equal_weight,equity,equal_weight,2022-06-27,2022-05-31,-0.00309911627675398,1.165945577675061
equity_equal_weight,equity,equal_weight,2022-06-28,2022-05-31,-0.009510549810128442,1.1548567941826833
equity_equal_weight,equity,equal_weight,2022-06-29,2022-05-31,-0.005108620032928053,1.1489570696287585
equity_equal_weight,equity,equal_weight,2022-06-30,2022-05-31,-0.00757003786096443,1.1402594211110462
equity_equal_weight,equity,equal_weight,2022-07-01,2022-06-30,0.010735052336339567,1.1525001656736775
equity_equal_weight,equity,equal_weight,2022-07-05,2022-06-30,-0.006293927342713391,1.1452464133684623
equity_equal_weight,equity,equal_weight,2022-07-06,2022-06-30,-0.0001359733330719325,1.145090690396448
equity_equal_weight,equity,equal_weight,2022-07-07,2022-06-30,0.01411019528266564,1.1612481436543043
equity_equal_weight,equity,equal_weight,2022-07-08,2022-06-30,-0.0033276940985262076,1.1573838650597414
equity_equal_weight,equity,equal_weight,2022-07-11,2022-06-30,-0.007581620815643346,1.1486090194567147
equity_equal_weight,equity,equal_weight,2022-07-12,2022-06-30,-0.0038619318641055773,1.1441731696850757
equity_equal_weight,equity,equal_weight,2022-07-13,2022-06-30,-0.0037269688378600164,1.1399088719365438
equity_equal_weight,equity,equal_weight,2022-07-14,2022-06-30,-0.004163211008786747,1.135163190771884
equity_equal_weight,equity,equal_weight,2022-07-15,2022-06-30,0.018608815343360566,1.1562872329735379
equity_equal_weight,equity,equal_weight,2022-07-18,2022-06-30,-0.003209800204396856,1.1525757819767979
equity_equal_weight,equity,equal_weight,2022-07-19,2022-06-30,0.027385120685752964,1.1841392088657086
equity_equal_weight,equity,equal_weight,2022-07-20,2022-06-30,0.0026521370079764716,1.187279708284137
equity_equal_weight,equity,equal_weight,2022-07-21,2022-06-30,0.005351057035176228,1.193632909719873
equity_equal_weight,equity,equal_weight,2022-07-22,2022-06-30,-0.0049439479230477265,1.187731650774982
equity_equal_weight,equity,equal_weight,2022-07-25,2022-06-30,0.003585901730108284,1.1919907397564005
equity_equal_weight,equity,equal_weight,2022-07-26,2022-06-30,-0.004859655657097752,1.1861980752147352
equity_equal_weight,equity,equal_weight,2022-07-27,2022-06-30,0.01169157046844971,1.2000665936006476
equity_equal_weight,equity,equal_weight,2022-07-28,2022-06-30,0.010345161395059147,1.2124814761962652
equity_equal_weight,equity,equal_weight,2022-07-29,2022-06-30,0.009706179215131488,1.2242500386992532
equity_equal_weight,equity,equal_weight,2022-08-01,2022-07-29,-0.0016167632894356567,1.222270716179594
equity_equal_weight,equity,equal_weight,2022-08-02,2022-07-29,-0.009763777204931854,1.210336737222704
equity_equal_weight,equity,equal_weight,2022-08-03,2022-07-29,0.0063489694907891345,1.2180211282409124
equity_equal_weight,equity,equal_weight,2022-08-04,2022-07-29,-0.0016205048618749829,1.2160473190807315
equity_equal_weight,equity,equal_weight,2022-08-05,2022-07-29,0.0015885986438003055,1.21797913020262
equity_equal_weight,equity,equal_weight,2022-08-08,2022-07-29,-0.00012185518376140337,1.2178307131318915
equity_equal_weight,equity,equal_weight,2022-08-09,2022-07-29,-0.0008059676403024048,1.216849180985741
equity_equal_weight,equity,equal_weight,2022-08-10,2022-07-29,0.01673915248481959,1.2372182049772888
equity_equal_weight,equity,equal_weight,2022-08-11,2022-07-29,0.005926270642628073,1.2445502949039706
equity_equal_weight,equity,equal_weight,2022-08-12,2022-07-29,0.014869254887947707,1.263055830459768
equity_equal_weight,equity,equal_weight,2022-08-15,2022-07-29,0.004334572828434533,1.2685306379432748
equity_equal_weight,equity,equal_weight,2022-08-16,2022-07-29,0.0029590749949569162,1.2722843152343495
equity_equal_weight,equity,equal_weight,2022-08-17,2022-07-29,-0.008142599544448665,1.2619246135487132
equity_equal_weight,equity,equal_weight,2022-08-18,2022-07-29,0.00399189397737818,1.2669620828134436
equity_equal_weight,equity,equal_weight,2022-08-19,2022-07-29,-0.008808503379777,1.2558020430249321
equity_equal_weight,equity,equal_weight,2022-08-22,2022-07-29,-0.01933968438097945,1.2315152278678407
equity_equal_weight,equity,equal_weight,2022-08-23,2022-07-29,0.0019793433425868744,1.2339528193354155
equity_equal_weight,equity,equal_weight,2022-08-24,2022-07-29,0.0023558955475155587,1.236859883288332
equity_equal_weight,equity,equal_weight,2022-08-25,2022-07-29,0.01385520701878383,1.2539968330245206
equity_equal_weight,equity,equal_weight,2022-08-26,2022-07-29,-0.027690347312465235,1.2192732251893401
equity_equal_weight,equity,equal_weight,2022-08-29,2022-07-29,-0.0038147275975503716,1.214622029968256
equity_equal_weight,equity,equal_weight,2022-08-30,2022-07-29,-0.01336454234573552,1.198389162414682
equity_equal_weight,equity,equal_weight,2022-08-31,2022-07-29,-0.007346647125874834,1.1895850201189486
equity_equal_weight,equity,equal_weight,2022-09-01,2022-08-31,-0.0006877551969647984,1.1887668768391302
equity_equal_weight,equity,equal_weight,2022-09-02,2022-08-31,-0.009523452905370695,1.1774457114720882
equity_equal_weight,equity,equal_weight,2022-09-06,2022-08-31,-0.003960837321840622,1.1727820405536484
equity_equal_weight,equity,equal_weight,2022-09-07,2022-08-31,0.015912572907354684,1.1914440202783945
equity_equal_weight,equity,equal_weight,2022-09-08,2022-08-31,0.006066542642071269,1.198671966233054
equity_equal_weight,equity,equal_weight,2022-09-09,2022-08-31,0.01464305635253413,1.2162241873828077
equity_equal_weight,equity,equal_weight,2022-09-12,2022-08-31,0.008484821861791864,1.2265436329567534
equity_equal_weight,equity,equal_weight,2022-09-13,2022-08-31,-0.04004930998571301,1.1774214067894657
equity_equal_weight,equity,equal_weight,2022-09-14,2022-08-31,0.003131862301450781,1.1811089285063108
equity_equal_weight,equity,equal_weight,2022-09-15,2022-08-31,-0.0161715370948445,1.162008581655919
equity_equal_weight,equity,equal_weight,2022-09-16,2022-08-31,-0.007247144972022488,1.1535873370059242
equity_equal_weight,equity,equal_weight,2022-09-19,2022-08-31,0.006236594572679688,1.1607817935310074
equity_equal_weight,equity,equal_weight,2022-09-20,2022-08-31,-0.015572445225681554,1.1427055826322774
equity_equal_weight,equity,equal_weight,2022-09-21,2022-08-31,-0.01695516019963178,1.1233308264177335
equity_equal_weight,equity,equal_weight,2022-09-22,2022-08-31,-0.009265739650809665,1.112922335438418
equity_equal_weight,equity,equal_weight,2022-09-23,2022-08-31,-0.022218416288988616,1.0881949636923338
equity_equal_weight,equity,equal_weight,2022-09-26,2022-08-31,-0.016062688619373506,1.0707156268333733
equity_equal_weight,equity,equal_weight,2022-09-27,2022-08-31,-0.0036657890507521195,1.0667906092120583
equity_equal_weight,equity,equal_weight,2022-09-28,2022-08-31,0.021300718433708198,1.0895140156066083
equity_equal_weight,equity,equal_weight,2022-09-29,2022-08-31,-0.019865724827656663,1.0678700299766921
equity_equal_weight,equity,equal_weight,2022-09-30,2022-08-31,-0.014866290633047612,1.0519947637527374
equity_equal_weight,equity,equal_weight,2022-10-03,2022-09-30,0.0321847780436476,1.0858529817271987
equity_equal_weight,equity,equal_weight,2022-10-04,2022-09-30,0.02965210942898404,1.1180508131651623
equity_equal_weight,equity,equal_weight,2022-10-05,2022-09-30,-0.0032365855896064845,1.114432146014824
equity_equal_weight,equity,equal_weight,2022-10-06,2022-09-30,-0.011450484466690943,1.1016713580377002
equity_equal_weight,equity,equal_weight,2022-10-07,2022-09-30,-0.02349631739433913,1.0757861381449938
equity_equal_weight,equity,equal_weight,2022-10-10,2022-09-30,-0.0056979257390414656,1.0696563886187533
equity_equal_weight,equity,equal_weight,2022-10-11,2022-09-30,-0.0033305028978534044,1.066093894916751
equity_equal_weight,equity,equal_weight,2022-10-12,2022-09-30,-0.005622661763774912,1.0600996095372088
equity_equal_weight,equity,equal_weight,2022-10-13,2022-09-30,0.029678419866633287,1.0915616908495083
equity_equal_weight,equity,equal_weight,2022-10-14,2022-09-30,-0.01841214369489535,1.0714637001457443
equity_equal_weight,equity,equal_weight,2022-10-17,2022-09-30,0.020060602583880396,1.092957907617422
equity_equal_weight,equity,equal_weight,2022-10-18,2022-09-30,0.011945856181977303,1.1060142255947747
equity_equal_weight,equity,equal_weight,2022-10-19,2022-09-30,-0.007761574600824359,1.0974298136732479
equity_equal_weight,equity,equal_weight,2022-10-20,2022-09-30,-0.004160841489002483,1.092863582173248
equity_equal_weight,equity,equal_weight,2022-10-21,2022-09-30,0.023757129279621488,1.118826883579928
equity_equal_weight,equity,equal_weight,2022-10-24,2022-09-30,0.008125459137320445,1.1279178657041924
equity_equal_weight,equity,equal_weight,2022-10-25,2022-09-30,0.01680246788305665,1.146869669417413
equity_equal_weight,equity,equal_weight,2022-10-26,2022-09-30,0.004962875049564561,1.152561440284867
equity_equal_weight,equity,equal_weight,2022-10-27,2022-09-30,-0.00014844107300958435,1.1523903528279615
equity_equal_weight,equity,equal_weight,2022-10-28,2022-09-30,0.02428404944569426,1.1803750571367768
equity_equal_weight,equity,equal_weight,2022-10-31,2022-09-30,-0.007574400264519283,1.171434423991768
equity_equal_weight,equity,equal_weight,2022-11-01,2022-10-31,0.0023824155053552665,1.174225267526993
equity_equal_weight,equity,equal_weight,2022-11-02,2022-10-31,-0.01718405492843421,1.154047316031454
equity_equal_weight,equity,equal_weight,2022-11-03,2022-10-31,-0.0024372190071154628,1.1512346499777115
equity_equal_weight,equity,equal_weight,2022-11-04,2022-10-31,0.01858260290394176,1.1726275863275057
equity_equal_weight,equity,equal_weight,2022-11-07,2022-10-31,0.00764460536987435,1.1815918614708079
equity_equal_weight,equity,equal_weight,2022-11-08,2022-10-31,0.006914344387095319,1.1897617945260062
equity_equal_weight,equity,equal_weight,2022-11-09,2022-10-31,-0.02140736571925811,1.164292128671787
equity_equal_weight,equity,equal_weight,2022-11-10,2022-10-31,0.0495644501631361,1.2219996278586716
equity_equal_weight,equity,equal_weight,2022-11-11,2022-10-31,0.011668351522039638,1.2362583490763281
equity_equal_weight,equity,equal_weight,2022-11-14,2022-10-31,-0.00878482610937268,1.2253980344534323
equity_equal_weight,equity,equal_weight,2022-11-15,2022-10-31,0.009768660956136386,1.237368532388324
equity_equal_weight,equity,equal_weight,2022-11-16,2022-10-31,-0.010351341361087306,1.2245601083201048
equity_equal_weight,equity,equal_weight,2022-11-17,2022-10-31,-0.002303154749941374,1.2217397568900386
equity_equal_weight,equity,equal_weight,2022-11-18,2022-10-31,0.005043184604821627,1.2279012160230849
equity_equal_weight,equity,equal_weight,2022-11-21,2022-10-31,0.0008225379434163567,1.228911211364031
equity_equal_weight,equity,equal_weight,2022-11-22,2022-10-31,0.014802864627182208,1.2471026176646793
equity_equal_weight,equity,equal_weight,2022-11-23,2022-10-31,0.0033861557980510845,1.2513255014242493
equity_equal_weight,equity,equal_weight,2022-11-25,2022-10-31,0.0007421905149644118,1.2522542233425396
equity_equal_weight,equity,equal_weight,2022-11-28,2022-10-31,-0.018420829031751164,1.2291866623900582
equity_equal_weight,equity,equal_weight,2022-11-29,2022-10-31,0.004199710872548121,1.234348890980489
equity_equal_weight,equity,equal_weight,2022-11-30,2022-10-31,0.023794226081712402,1.2637192675561897
equity_equal_weight,equity,equal_weight,2022-12-01,2022-11-30,-0.0002670937734517387,1.2633817360084345
equity_equal_weight,equity,equal_weight,2022-12-02,2022-11-30,0.0015015822510261343,1.2652788075994952
equity_equal_weight,equity,equal_weight,2022-12-05,2022-11-30,-0.017223212605578297,1.2434866416908765
equity_equal_weight,equity,equal_weight,2022-12-06,2022-11-30,-0.01234790929014816,1.2281321814357666
equity_equal_weight,equity,equal_weight,2022-12-07,2022-11-30,-0.0011825738283450572,1.2266798244602524
equity_equal_weight,equity,equal_weight,2022-12-08,2022-11-30,0.007090693516795499,1.2353778351387366
equity_equal_weight,equity,equal_weight,2022-12-09,2022-11-30,-0.01023016726281893,1.2227397132524882
equity_equal_weight,equity,equal_weight,2022-12-12,2022-11-30,0.016624031574858235,1.2430665768534308
equity_equal_weight,equity,equal_weight,2022-12-13,2022-11-30,0.008769632273229216,1.253967813623577
equity_equal_weight,equity,equal_weight,2022-12-14,2022-11-30,-0.008793645194072683,1.2429408655857843
equity_equal_weight,equity,equal_weight,2022-12-15,2022-11-30,-0.021585069814526618,1.216111900226787
equity_equal_weight,equity,equal_weight,2022-12-16,2022-11-30,-0.009499489174056306,1.2045594583961416
equity_equal_weight,equity,equal_weight,2022-12-19,2022-11-30,-0.006694591923182898,1.1964954243749693
equity_equal_weight,equity,equal_weight,2022-12-20,2022-11-30,0.003179262990366381,1.2002993979958274
equity_equal_weight,equity,equal_weight,2022-12-21,2022-11-30,0.017830127277777864,1.2217008890335332
equity_equal_weight,equity,equal_weight,2022-12-22,2022-11-30,-0.011582264695177423,1.2075508259584133
equity_equal_weight,equity,equal_weight,2022-12-23,2022-11-30,0.007750029854520149,1.2169093809104414
equity_equal_weight,equity,equal_weight,2022-12-27,2022-11-30,0.00026554827864285933,1.2172325291018067
equity_equal_weight,equity,equal_weight,2022-12-28,2022-11-30,-0.012808033008290868,1.2016421746903052
equity_equal_weight,equity,equal_weight,2022-12-29,2022-11-30,0.013599359712046972,1.217983738869085
equity_equal_weight,equity,equal_weight,2022-12-30,2022-11-30,-0.0018817762241893558,1.215691766027832
equity_equal_weight,equity,equal_weight,2023-01-03,2022-12-30,0.002250905749167053,1.218428173613199
equity_equal_weight,equity,equal_weight,2023-01-04,2022-12-30,0.018428178719494946,1.2408815857534108
equity_equal_weight,equity,equal_weight,2023-01-05,2022-12-30,-0.006797638011936682,1.2324465219177811
equity_equal_weight,equity,equal_weight,2023-01-06,2022-12-30,0.023249459158050573,1.26110023699359
equity_equal_weight,equity,equal_weight,2023-01-09,2022-12-30,0.0001720890313203482,1.261317258511772
equity_equal_weight,equity,equal_weight,2023-01-10,2022-12-30,0.00761660497420216,1.2709242138169998
equity_equal_weight,equity,equal_weight,2023-01-11,2022-12-30,0.009853849638699681,1.2834477099221353
equity_equal_weight,equity,equal_weight,2023-01-12,2022-12-30,0.007037757028810944,1.292480303063751
equity_equal_weight,equity,equal_weight,2023-01-13,2022-12-30,0.0034311464254617027,1.2969149922355878
equity_equal_weight,equity,equal_weight,2023-01-17,2022-12-30,-0.004052224805721267,1.291659601133139
equity_equal_weight,equity,equal_weight,2023-01-18,2022-12-30,-0.01596550501830723,1.2710376032893032
equity_equal_weight,equity,equal_weight,2023-01-19,2022-12-30,-0.007476202030265403,1.261535069379048
equity_equal_weight,equity,equal_weight,2023-01-20,2022-12-30,0.01531290783669132,1.2808528396292034
equity_equal_weight,equity,equal_weight,2023-01-23,2022-12-30,0.011435710954858262,1.2955003024789122
equity_equal_weight,equity,equal_weight,2023-01-24,2022-12-30,-0.002883421629474606,1.2917648288857535
equity_equal_weight,equity,equal_weight,2023-01-25,2022-12-30,0.0018486905394841727,1.294152902304153
equity_equal_weight,equity,equal_weight,2023-01-26,2022-12-30,0.00842206428422566,1.3050523412409758
equity_equal_weight,equity,equal_weight,2023-01-27,2022-12-30,-0.0012064818542402752,1.3034778192724348
equity_equal_weight,equity,equal_weight,2023-01-30,2022-12-30,-0.010144239154965134,1.2902550285405427
equity_equal_weight,equity,equal_weight,2023-01-31,2022-12-30,0.011922802217140906,1.305638484055503
equity_equal_weight,equity,equal_weight,2023-02-01,2023-01-31,0.006518284067217186,1.3141490065836676
equity_equal_weight,equity,equal_weight,2023-02-02,2023-01-31,0.0001570453670352758,1.3143553875967455
equity_equal_weight,equity,equal_weight,2023-02-03,2023-01-31,-0.012768350780830778,1.2975732369572355
equity_equal_weight,equity,equal_weight,2023-02-06,2023-01-31,-0.004594982931553284,1.2916109100809767
equity_equal_weight,equity,equal_weight,2023-02-07,2023-01-31,0.01095346104811467,1.3057585198738686
equity_equal_weight,equity,equal_weight,2023-02-08,2023-01-31,-0.009564990182089905,1.2932689524510947
equity_equal_weight,equity,equal_weight,2023-02-09,2023-01-31,-0.009694773106965707,1.2807310033907982
equity_equal_weight,equity,equal_weight,2023-02-10,2023-01-31,0.007601926295478061,1.2904670260829088
equity_equal_weight,equity,equal_weight,2023-02-13,2023-01-31,0.008750994416299038,1.3017598958225785
equity_equal_weight,equity,equal_weight,2023-02-14,2023-01-31,-0.0006439293321590836,1.30092165444223
equity_equal_weight,equity,equal_weight,2023-02-15,2023-01-31,0.00028921341721578126,1.3012978984394414
equity_equal_weight,equity,equal_weight,2023-02-16,2023-01-31,-0.013939445741509309,1.2831585269906047
equity_equal_weight,equity,equal_weight,2023-02-17,2023-01-31,-0.0027721399648127053,1.279601431956744
equity_equal_weight,equity,equal_weight,2023-02-21,2023-01-31,-0.0175027760743078,1.2572048546288415
equity_equal_weight,equity,equal_weight,2023-02-22,2023-01-31,-0.0055512586445058175,1.2502257853116685
equity_equal_weight,equity,equal_weight,2023-02-23,2023-01-31,0.0054789650955139645,1.2570757287509027
equity_equal_weight,equity,equal_weight,2023-02-24,2023-01-31,-0.009477223615106894,1.2451621409684068
equity_equal_weight,equity,equal_weight,2023-02-27,2023-01-31,0.0017761100564900152,1.2473736859689413
equity_equal_weight,equity,equal_weight,2023-02-28,2023-01-31,-0.0042929255026671834,1.2420188036610893
equity_equal_weight,equity,equal_weight,2023-03-01,2023-02-28,-0.0010580319937396518,1.2407047080299896
equity_equal_weight,equity,equal_weight,2023-03-02,2023-02-28,0.01196363459680069,1.2555480457993906
equity_equal_weight,equity,equal_weight,2023-03-03,2023-02-28,0.013041698662887867,1.271922525069484
equity_equal_weight,equity,equal_weight,2023-03-06,2023-02-28,-0.001808663736776781,1.2696220449224012
equity_equal_weight,equity,equal_weight,2023-03-07,2023-02-28,-0.017166087290682315,1.2478276020730885
equity_equal_weight,equity,equal_weight,2023-03-08,2023-02-28,0.0031917270516937154,1.2518103271864753
equity_equal_weight,equity,equal_weight,2023-03-09,2023-02-28,-0.017318717825019155,1.230130577359488
equity_equal_weight,equity,equal_weight,2023-03-10,2023-02-28,-0.013042274760361034,1.214086876378444
equity_equal_weight,equity,equal_weight,2023-03-13,2023-02-28,-0.003516018063804469,1.2098181249900695
equity_equal_weight,equity,equal_weight,2023-03-14,2023-02-28,0.01454549521775727,1.2274155287414685
equity_equal_weight,equity,equal_weight,2023-03-15,2023-02-28,-0.00968814247115212,1.2155241522277167
equity_equal_weight,equity,equal_weight,2023-03-16,2023-02-28,0.01420064899894593,1.232785384063244
equity_equal_weight,equity,equal_weight,2023-03-17,2023-02-28,-0.012241012240181462,1.2176948430874088
equity_equal_weight,equity,equal_weight,2023-03-20,2023-02-28,0.011381656021337802,1.2315542269303865
equity_equal_weight,equity,equal_weight,2023-03-21,2023-02-28,0.008352348230895295,1.2418405966989403
equity_equal_weight,equity,equal_weight,2023-03-22,2023-02-28,-0.01994875486296806,1.217067423056511
equity_equal_weight,equity,equal_weight,2023-03-23,2023-02-28,0.0017877909140547076,1.2192432851372434
equity_equal_weight,equity,equal_weight,2023-03-24,2023-02-28,0.007631212702629167,1.2285475899823781
equity_equal_weight,equity,equal_weight,2023-03-27,2023-02-28,0.004297343942389523,1.233827081526126
equity_equal_weight,equity,equal_weight,2023-03-28,2023-02-28,0.001599486089735003,1.2358005707801656
equity_equal_weight,equity,equal_weight,2023-03-29,2023-02-28,0.01557046620206545,1.2550425617999914
equity_equal_weight,equity,equal_weight,2023-03-30,2023-02-28,0.004909293457587829,1.2612039340376304
equity_equal_weight,equity,equal_weight,2023-03-31,2023-02-28,0.012455541654871609,1.276912912173324
equity_equal_weight,equity,equal_weight,2023-04-03,2023-03-31,0.006940014431519135,1.2857747062115998
equity_equal_weight,equity,equal_weight,2023-04-04,2023-03-31,-0.005064090563162219,1.279263426655521
equity_equal_weight,equity,equal_weight,2023-04-05,2023-03-31,0.0037000673038339793,1.2839967874334794
equity_equal_weight,equity,equal_weight,2023-04-06,2023-03-31,-0.00016101982917674716,1.2837900384901035
equity_equal_weight,equity,equal_weight,2023-04-10,2023-03-31,0.0035142478174856424,1.2883015948309773
equity_equal_weight,equity,equal_weight,2023-04-11,2023-03-31,0.002569206481788522,1.2916115076389156
equity_equal_weight,equity,equal_weight,2023-04-12,2023-03-31,-0.0022219339949199977,1.2887416321218628
equity_equal_weight,equity,equal_weight,2023-04-13,2023-03-31,0.00697289572006567,1.2977278931327558
equity_equal_weight,equity,equal_weight,2023-04-14,2023-03-31,-0.005796901834398558,1.2902050919285044
equity_equal_weight,equity,equal_weight,2023-04-17,2023-03-31,0.0050131419049538805,1.2966730731408362
equity_equal_weight,equity,equal_weight,2023-04-18,2023-03-31,0.0003185701739072886,1.2970861545072476
equity_equal_weight,equity,equal_weight,2023-04-19,2023-03-31,0.0021501861398795594,1.2998751311788987
equity_equal_weight,equity,equal_weight,2023-04-20,2023-03-31,-0.006963271769652835,1.290823747373887
equity_equal_weight,equity,equal_weight,2023-04-21,2023-03-31,-0.0010172047667623984,1.2895107153050083
equity_equal_weight,equity,equal_weight,2023-04-24,2023-03-31,0.0017570893495593108,1.2917765008490134
equity_equal_weight,equity,equal_weight,2023-04-25,2023-03-31,-0.014954209205319131,1.2724590048088023
equity_equal_weight,equity,equal_weight,2023-04-26,2023-03-31,-0.012476823412631977,1.2565827585059894
equity_equal_weight,equity,equal_weight,2023-04-27,2023-03-31,0.01466191302179606,1.2750066656158927
equity_equal_weight,equity,equal_weight,2023-04-28,2023-03-31,0.009482238561268227,1.2870965829864698
equity_equal_weight,equity,equal_weight,2023-05-01,2023-04-28,-0.0034225665792960934,1.2826914092372141
equity_equal_weight,equity,equal_weight,2023-05-02,2023-04-28,-0.016682054474223173,1.2612934812747008
equity_equal_weight,equity,equal_weight,2023-05-03,2023-04-28,-0.012217496177713009,1.2458836329882528
equity_equal_weight,equity,equal_weight,2023-05-04,2023-04-28,-0.005351289952589209,1.2392165484209474
equity_equal_weight,equity,equal_weight,2023-05-05,2023-04-28,0.01751524961317628,1.2609217355913191
equity_equal_weight,equity,equal_weight,2023-05-08,2023-04-28,-0.0006943661313251723,1.2600461942438728
equity_equal_weight,equity,equal_weight,2023-05-09,2023-04-28,-0.004258718762879401,1.2546800118743515
equity_equal_weight,equity,equal_weight,2023-05-10,2023-04-28,-0.0017783329876314966,1.2524487730203135
equity_equal_weight,equity,equal_weight,2023-05-11,2023-04-28,-0.008972948417903201,1.2412106147839361
equity_equal_weight,equity,equal_weight,2023-05-12,2023-04-28,-0.0008388740546909411,1.2401693954027868
equity_equal_weight,equity,equal_weight,2023-05-15,2023-04-28,0.0045668756813419045,1.2458330948553964
equity_equal_weight,equity,equal_weight,2023-05-16,2023-04-28,-0.015969316778035862,1.2259379915110897
equity_equal_weight,equity,equal_weight,2023-05-17,2023-04-28,0.012319075380388223,1.2410404140401965
equity_equal_weight,equity,equal_weight,2023-05-18,2023-04-28,0.0058853739811349,1.2483444010025255
equity_equal_weight,equity,equal_weight,2023-05-19,2023-04-28,-0.002475010238817859,1.2452547358284733
equity_equal_weight,equity,equal_weight,2023-05-22,2023-04-28,0.000673317462929217,1.246093187587902
equity_equal_weight,equity,equal_weight,2023-05-23,2023-04-28,-0.007158860298573352,1.2371725805389562
equity_equal_weight,equity,equal_weight,2023-05-24,2023-04-28,-0.009243029757406198,1.2257373575619877
equity_equal_weight,equity,equal_weight,2023-05-25,2023-04-28,9.278741905413925e-05,1.2258510905678341
equity_equal_weight,equity,equal_weight,2023-05-26,2023-04-28,0.00866367468365841,1.2364714656271216
equity_equal_weight,equity,equal_weight,2023-05-30,2023-04-28,-0.001819071116654152,1.2342222360974324
equity_equal_weight,equity,equal_weight,2023-05-31,2023-04-28,-0.004663092855496196,1.228466943206192
equity_equal_weight,equity,equal_weight,2023-06-01,2023-05-31,0.005148317863618266,1.2347914815147651
equity_equal_weight,equity,equal_weight,2023-06-02,2023-05-31,0.019500197664424096,1.25887015947865
equity_equal_weight,equity,equal_weight,2023-06-05,2023-05-31,-0.005896949385171215,1.251446665865702
equity_equal_weight,equity,equal_weight,2023-06-06,2023-05-31,0.004403184679716094,1.2569570166523236
equity_equal_weight,equity,equal_weight,2023-06-07,2023-05-31,0.008253330916676531,1.2673310988587938
equity_equal_weight,equity,equal_weight,2023-06-08,2023-05-31,0.004105881849056212,1.2725346106143427
equity_equal_weight,equity,equal_weight,2023-06-09,2023-05-31,-0.0028027315168983645,1.2689680377548298
equity_equal_weight,equity,equal_weight,2023-06-12,2023-05-31,0.0052286646422442075,1.2756030460659764
equity_equal_weight,equity,equal_weight,2023-06-13,2023-05-31,0.007318719029048488,1.2849388263527317
equity_equal_weight,equity,equal_weight,2023-06-14,2023-05-31,0.00012724349296770347,1.2851023264572468
equity_equal_weight,equity,equal_weight,2023-06-15,2023-05-31,0.010003512200136698,1.297957863258386
equity_equal_weight,equity,equal_weight,2023-06-16,2023-05-31,0.0005502064556709696,1.2986720080539398
equity_equal_weight,equity,equal_weight,2023-06-20,2023-05-31,-0.012622406708579167,1.2822796417872357
equity_equal_weight,equity,equal_weight,2023-06-21,2023-05-31,-0.0031648906733249046,1.2782213669083489
equity_equal_weight,equity,equal_weight,2023-06-22,2023-05-31,-0.005592422870120342,1.271073012502974
equity_equal_weight,equity,equal_weight,2023-06-23,2023-05-31,-0.007259581439822718,1.2618455544527478
equity_equal_weight,equity,equal_weight,2023-06-26,2023-05-31,0.006682503230795585,1.2702778414471434
equity_equal_weight,equity,equal_weight,2023-06-27,2023-05-31,0.007222896182025429,1.2794529264182437
equity_equal_weight,equity,equal_weight,2023-06-28,2023-05-31,-0.0017040372863230946,1.2772726909255319
equity_equal_weight,equity,equal_weight,2023-06-29,2023-05-31,0.006333876012833469,1.2853627777844325
equity_equal_weight,equity,equal_weight,2023-06-30,2023-05-31,0.008314033679412115,1.296049327209195
equity_equal_weight,equity,equal_weight,2023-07-03,2023-06-30,0.005677130992006776,1.3034071690118638
equity_equal_weight,equity,equal_weight,2023-07-05,2023-06-30,-0.004240653464778886,1.297879870884576
equity_equal_weight,equity,equal_weight,2023-07-06,2023-06-30,-0.012084138933912192,1.2821961102052788
equity_equal_weight,equity,equal_weight,2023-07-07,2023-06-30,0.0006819149565187498,1.283070458910018
equity_equal_weight,equity,equal_weight,2023-07-10,2023-06-30,0.0047796696983343516,1.2892031119032983
equity_equal_weight,equity,equal_weight,2023-07-11,2023-06-30,0.014211688018259465,1.3075248643218371
equity_equal_weight,equity,equal_weight,2023-07-12,2023-06-30,0.00823735096035434,1.3182954055186458
equity_equal_weight,equity,equal_weight,2023-07-13,2023-06-30,0.005613289998631372,1.3256953799336852
equity_equal_weight,equity,equal_weight,2023-07-14,2023-06-30,-0.006609687433745769,1.3169329478399627
equity_equal_weight,equity,equal_weight,2023-07-17,2023-06-30,-0.003559608817588056,1.3122451817066594
equity_equal_weight,equity,equal_weight,2023-07-18,2023-06-30,0.00593620275282303,1.3200349351666854
equity_equal_weight,equity,equal_weight,2023-07-19,2023-06-30,0.00603795227252624,1.3280052431032892
equity_equal_weight,equity,equal_weight,2023-07-20,2023-06-30,0.0017480758015509055,1.3303266969330907
equity_equal_weight,equity,equal_weight,2023-07-21,2023-06-30,0.004489892359851594,1.3362997206057572
equity_equal_weight,equity,equal_weight,2023-07-24,2023-06-30,0.0054649418308621855,1.343602520847465
equity_equal_weight,equity,equal_weight,2023-07-25,2023-06-30,0.0034160131953540488,1.3481922847879908
equity_equal_weight,equity,equal_weight,2023-07-26,2023-06-30,0.0021904630775948686,1.3511454502093172
equity_equal_weight,equity,equal_weight,2023-07-27,2023-06-30,-0.004634011643839128,1.344884226460527
equity_equal_weight,equity,equal_weight,2023-07-28,2023-06-30,0.004241321399844554,1.3505883127105272
equity_equal_weight,equity,equal_weight,2023-07-31,2023-06-30,0.004314741590100032,1.3564157522744822
equity_equal_weight,equity,equal_weight,2023-08-01,2023-07-31,-0.003631701024004783,1.3514896557979708
equity_equal_weight,equity,equal_weight,2023-08-02,2023-07-31,-0.013699281238668084,1.3329752189120436
equity_equal_weight,equity,equal_weight,2023-08-03,2023-07-31,-0.004931584621457255,1.3264015388216734
equity_equal_weight,equity,equal_weight,2023-08-04,2023-07-31,-0.0021970232173001113,1.3234874038454196
equity_equal_weight,equity,equal_weight,2023-08-07,2023-07-31,0.00802041392341124,1.3341023206466809
equity_equal_weight,equity,equal_weight,2023-08-08,2023-07-31,-0.0034409407439325813,1.3295117536149927
equity_equal_weight,equity,equal_weight,2023-08-09,2023-07-31,-0.0019255958226743843,1.3269516513360353
equity_equal_weight,equity,equal_weight,2023-08-10,2023-07-31,0.0009644399956669524,1.3282314165809002
equity_equal_weight,equity,equal_weight,2023-08-11,2023-07-31,0.0016758150228857092,1.3304572867426752
equity_equal_weight,equity,equal_weight,2023-08-14,2023-07-31,0.0017062775996715218,1.3327274162083638
equity_equal_weight,equity,equal_weight,2023-08-15,2023-07-31,-0.01322545628250715,1.3151014880288014
equity_equal_weight,equity,equal_weight,2023-08-16,2023-07-31,-0.008186117279367163,1.3043359130135275
equity_equal_weight,equity,equal_weight,2023-08-17,2023-07-31,-0.004655788275770238,1.298263201162053
equity_equal_weight,equity,equal_weight,2023-08-18,2023-07-31,0.001733029370723882,1.3005131294205967
equity_equal_weight,equity,equal_weight,2023-08-21,2023-07-31,-0.0005131283529655398,1.299845799260487
equity_equal_weight,equity,equal_weight,2023-08-22,2023-07-31,-0.0049044034665741655,1.2934708310165821
equity_equal_weight,equity,equal_weight,2023-08-23,2023-07-31,0.007321780440630265,1.302941340447645
equity_equal_weight,equity,equal_weight,2023-08-24,2023-07-31,-0.012228581664713427,1.2870082158616498
equity_equal_weight,equity,equal_weight,2023-08-25,2023-07-31,0.004912513294952161,1.2933306608327828
equity_equal_weight,equity,equal_weight,2023-08-28,2023-07-31,0.008364884527056863,1.3041492224659512
equity_equal_weight,equity,equal_weight,2023-08-29,2023-07-31,0.011982477817999243,1.3197761615955106
equity_equal_weight,equity,equal_weight,2023-08-30,2023-07-31,0.0015849659208836808,1.3218679618348343
equity_equal_weight,equity,equal_weight,2023-08-31,2023-07-31,-0.003055568691088684,1.3178289034768986
equity_equal_weight,equity,equal_weight,2023-09-01,2023-08-31,0.004049068438607959,1.323164882897452
equity_equal_weight,equity,equal_weight,2023-09-05,2023-08-31,-0.00872481301933522,1.3116205167004211
equity_equal_weight,equity,equal_weight,2023-09-06,2023-08-31,-0.00417614715166231,1.3061429964155409
equity_equal_weight,equity,equal_weight,2023-09-07,2023-08-31,-0.00017340816510796235,1.3059165005551638
equity_equal_weight,equity,equal_weight,2023-09-08,2023-08-31,0.0026379235360468475,1.30936140842809
equity_equal_weight,equity,equal_weight,2023-09-11,2023-08-31,0.002865687446399155,1.313113628979022
equity_equal_weight,equity,equal_weight,2023-09-12,2023-08-31,0.0023082438512042904,1.3161446154390453
equity_equal_weight,equity,equal_weight,2023-09-13,2023-08-31,-0.0009672270966173911,1.3148716047039255
equity_equal_weight,equity,equal_weight,2023-09-14,2023-08-31,0.012360870706178875,1.3311245626048966
equity_equal_weight,equity,equal_weight,2023-09-15,2023-08-31,-0.010489077213557508,1.3171622942868708
equity_equal_weight,equity,equal_weight,2023-09-18,2023-08-31,-0.0002499500385179253,1.3168330695206796
equity_equal_weight,equity,equal_weight,2023-09-19,2023-08-31,-0.004213502014856906,1.311284590729024
equity_equal_weight,equity,equal_weight,2023-09-20,2023-08-31,-0.005264643861468341,1.3043811443578046
equity_equal_weight,equity,equal_weight,2023-09-21,2023-08-31,-0.0185880687890133,1.28013521791939
equity_equal_weight,equity,equal_weight,2023-09-22,2023-08-31,-0.003334126405642404,1.275867085286532
equity_equal_weight,equity,equal_weight,2023-09-25,2023-08-31,0.0020869403756414444,1.2785297438207683
equity_equal_weight,equity,equal_weight,2023-09-26,2023-08-31,-0.012038678588931189,1.2631379351685217
equity_equal_weight,equity,equal_weight,2023-09-27,2023-08-31,-0.0014106684457594158,1.2613560663407377
equity_equal_weight,equity,equal_weight,2023-09-28,2023-08-31,0.00405120639083082,1.2664660800978107
equity_equal_weight,equity,equal_weight,2023-09-29,2023-08-31,-0.0010645976616187162,1.2651178032704191
equity_equal_weight,equity,equal_weight,2023-10-02,2023-09-29,-0.014277794548844161,1.247054711195239
equity_equal_weight,equity,equal_weight,2023-10-03,2023-09-29,-0.008623840049693497,1.2363003108326744
equity_equal_weight,equity,equal_weight,2023-10-04,2023-09-29,0.0014587619619191327,1.2381037786996258
equity_equal_weight,equity,equal_weight,2023-10-05,2023-09-29,-0.0018481504494788205,1.2358155766445207
equity_equal_weight,equity,equal_weight,2023-10-06,2023-09-29,0.010572819190709794,1.248881631289446
equity_equal_weight,equity,equal_weight,2023-10-09,2023-09-29,0.008763926303623774,1.2598267378680161
equity_equal_weight,equity,equal_weight,2023-10-10,2023-09-29,0.008282561086268072,1.2702613297825218
equity_equal_weight,equity,equal_weight,2023-10-11,2023-09-29,0.003365157629009226,1.274535959387275
equity_equal_weight,equity,equal_weight,2023-10-12,2023-09-29,-0.008311144835865696,1.2639431064302882
equity_equal_weight,equity,equal_weight,2023-10-13,2023-09-29,0.001114776625374254,1.2653521206611396
equity_equal_weight,equity,equal_weight,2023-10-16,2023-09-29,0.010057492329704919,1.2780783899090649
equity_equal_weight,equity,equal_weight,2023-10-17,2023-09-29,0.0027932697004872196,1.2816484075504455
equity_equal_weight,equity,equal_weight,2023-10-18,2023-09-29,-0.014298523672335568,1.2633227274554744
equity_equal_weight,equity,equal_weight,2023-10-19,2023-09-29,-0.009313396223776079,1.25155690233618
equity_equal_weight,equity,equal_weight,2023-10-20,2023-09-29,-0.008972743882415861,1.2403270027972477
equity_equal_weight,equity,equal_weight,2023-10-23,2023-09-29,-0.00659698441956091,1.2321445848846335
equity_equal_weight,equity,equal_weight,2023-10-24,2023-09-29,0.010865236461424664,1.245532127154069
equity_equal_weight,equity,equal_weight,2023-10-25,2023-09-29,-0.012071946699170876,1.23049612970296
equity_equal_weight,equity,equal_weight,2023-10-26,2023-09-29,-0.0020912306436232254,1.2279228784896654
equity_equal_weight,equity,equal_weight,2023-10-27,2023-09-29,-0.010091752733279388,1.215530984424411
equity_equal_weight,equity,equal_weight,2023-10-30,2023-09-29,0.010000411649502997,1.2276867946413808
equity_equal_weight,equity,equal_weight,2023-10-31,2023-09-29,0.005876567388702727,1.2349013788223113
equity_equal_weight,equity,equal_weight,2023-11-01,2023-10-31,0.004883111660390649,1.240931540144671
equity_equal_weight,equity,equal_weight,2023-11-02,2023-10-31,0.02579496016750301,1.2729413197933008
equity_equal_weight,equity,equal_weight,2023-11-03,2023-10-31,0.012794021607402124,1.2892273585436913
equity_equal_weight,equity,equal_weight,2023-11-06,2023-10-31,-0.004456576056500965,1.2834818187662196
equity_equal_weight,equity,equal_weight,2023-11-07,2023-10-31,-0.0037390629774691317,1.278682799415416
equity_equal_weight,equity,equal_weight,2023-11-08,2023-10-31,-0.0011798844009914002,1.2771741015265696
equity_equal_weight,equity,equal_weight,2023-11-09,2023-10-31,-0.008903880726641446,1.2658022956594215
equity_equal_weight,equity,equal_weight,2023-11-10,2023-10-31,0.01064673259423356,1.2792789542184744
equity_equal_weight,equity,equal_weight,2023-11-13,2023-10-31,-0.001133590703610896,1.2778287754886473
equity_equal_weight,equity,equal_weight,2023-11-14,2023-10-31,0.024594043415612957,1.3092557518707344
equity_equal_weight,equity,equal_weight,2023-11-15,2023-10-31,0.005349194798091735,1.3162592159280129
equity_equal_weight,equity,equal_weight,2023-11-16,2023-10-31,0.0007631679789122893,1.3172637428135572
equity_equal_weight,equity,equal_weight,2023-11-17,2023-10-31,0.0031683198127045098,1.3214372556284708
equity_equal_weight,equity,equal_weight,2023-11-20,2023-10-31,0.004432305553655234,1.3272942693153997
equity_equal_weight,equity,equal_weight,2023-11-21,2023-10-31,-0.0023448833096139056,1.3241819191363358
equity_equal_weight,equity,equal_weight,2023-11-22,2023-10-31,0.001722055318648474,1.3264622336530427
equity_equal_weight,equity,equal_weight,2023-11-24,2023-10-31,0.002442867504645432,1.3297026051397733
equity_equal_weight,equity,equal_weight,2023-11-27,2023-10-31,0.000531490573988136,1.3304093295406125
equity_equal_weight,equity,equal_weight,2023-11-28,2023-10-31,0.0020426557000202085,1.3331268977409587
equity_equal_weight,equity,equal_weight,2023-11-29,2023-10-31,0.004678034968830294,1.3393633119864792
equity_equal_weight,equity,equal_weight,2023-11-30,2023-10-31,0.006384512229031318,1.3479144934309728
equity_equal_weight,equity,equal_weight,2023-12-01,2023-11-30,0.009225927380084264,1.3603502546619302
equity_equal_weight,equity,equal_weight,2023-12-04,2023-11-30,-0.0018134092183667127,1.3578833829699186
equity_equal_weight,equity,equal_weight,2023-12-05,2023-11-30,-0.0052614857299654785,1.3507388989274651
equity_equal_weight,equity,equal_weight,2023-12-06,2023-11-30,-0.0007160063436409093,1.3497717613072306
equity_equal_weight,equity,equal_weight,2023-12-07,2023-11-30,0.0049002939512802985,1.3563860397047736
equity_equal_weight,equity,equal_weight,2023-12-08,2023-11-30,0.0032286936961363594,1.3607653947606957
equity_equal_weight,equity,equal_weight,2023-12-11,2023-11-30,0.006783475745804727,1.3699961138117853
equity_equal_weight,equity,equal_weight,2023-12-12,2023-11-30,0.0007978025859253561,1.3710891002540921
equity_equal_weight,equity,equal_weight,2023-12-13,2023-11-30,0.020902411458579087,1.3997481687739763
equity_equal_weight,equity,equal_weight,2023-12-14,2023-11-30,0.014493407254842453,1.4200352890382375
equity_equal_weight,equity,equal_weight,2023-12-15,2023-11-30,-0.003011783157942524,1.4157584506710281
equity_equal_weight,equity,equal_weight,2023-12-18,2023-11-30,-0.0013770380177555873,1.4138088974604954
equity_equal_weight,equity,equal_weight,2023-12-19,2023-11-30,0.008156436334441007,1.4253405397216983
equity_equal_weight,equity,equal_weight,2023-12-20,2023-11-30,-0.014752978135857561,1.4043125219030328
equity_equal_weight,equity,equal_weight,2023-12-21,2023-11-30,0.008160532810200162,1.4157724603137973
equity_equal_weight,equity,equal_weight,2023-12-22,2023-11-30,0.001959964132917491,1.4185473235563848
equity_equal_weight,equity,equal_weight,2023-12-26,2023-11-30,0.006506457589898613,1.4277770415563684
equity_equal_weight,equity,equal_weight,2023-12-27,2023-11-30,0.0014553578874705296,1.4298549681353467
equity_equal_weight,equity,equal_weight,2023-12-28,2023-11-30,0.001224220369148156,1.4316054257122657
equity_equal_weight,equity,equal_weight,2023-12-29,2023-11-30,-0.003035118739159236,1.4272603332576044
equity_sentiment_21d_coverage_tilt,equity,exploratory_sentiment_21d_coverage_tilt,2021-01-04,2020-12-31,-0.013728746849818412,0.9862712531501816
equity_sentiment_21d_coverage_tilt,equity,exploratory_sentiment_21d_coverage_tilt,2021-01-05,2020-12-31,0.012230543701496503,0.9983338868133645
equity_sentiment_21d_coverage_tilt,equity,exploratory_sentiment_21d_coverage_tilt,2021-01-06,2020-12-31,0.012790424220883044,1.0111030007397903
equity_sentiment_21d_coverage_tilt,equity,exploratory_sentiment_21d_coverage_tilt,2021-01-07,2020-12-31,0.009618137685693886,1.020827928615324
equity_sentiment_21d_coverage_tilt,equity,exploratory_sentiment_21d_coverage_tilt,2021-01-08,2020-12-31,0.00294856824675763,1.0238379094310424
equity_sentiment_21d_coverage_tilt,equity,exploratory_sentiment_21d_coverage_tilt,2021-01-11,2020-12-31,-0.00011288703320545072,1.0237223314069634
equity_sentiment_21d_coverage_tilt,equity,exploratory_sentiment_21d_coverage_tilt,2021-01-12,2020-12-31,0.002458122799358522,1.0262387666100075
equity_sentiment_21d_coverage_tilt,equity,exploratory_sentiment_21d_coverage_tilt,2021-01-13,2020-12-31,0.00026079106400531214,1.0265064005098752
equity_sentiment_21d_coverage_tilt,equity,exploratory_sentiment_21d_coverage_tilt,2021-01-14,2020-12-31,0.0026990644532785633,1.0292770074465543
equity_sentiment_21d_coverage_tilt,equity,exploratory_sentiment_21d_coverage_tilt,2021-01-15,2020-12-31,-0.010614588830253187,1.0183516552200755
equity_sentiment_21d_coverage_tilt,equity,exploratory_sentiment_21d_coverage_tilt,2021-01-19,2020-12-31,0.007198703569871536,1.0256824669158928
equity_sentiment_21d_coverage_tilt,equity,exploratory_sentiment_21d_coverage_tilt,2021-01-20,2020-12-31,0.008090352835677148,1.03398059997061
equity_sentiment_21d_coverage_tilt,equity,exploratory_sentiment_21d_coverage_tilt,2021-01-21,2020-12-31,-0.00686616898009524,1.0268811144490715
equity_sentiment_21d_coverage_tilt,equity,exploratory_sentiment_21d_coverage_tilt,2021-01-22,2020-12-31,-0.002918162229561409,1.0238845087666362
equity_sentiment_21d_coverage_tilt,equity,exploratory_sentiment_21d_coverage_tilt,2021-01-25,2020-12-31,0.0019799468737009616,1.0259117456987996
equity_sentiment_21d_coverage_tilt,equity,exploratory_sentiment_21d_coverage_tilt,2021-01-26,2020-12-31,-0.004948337754149538,1.020835187875133
equity_sentiment_21d_coverage_tilt,equity,exploratory_sentiment_21d_coverage_tilt,2021-01-27,2020-12-31,-0.026192614068829213,0.9940968457712388
equity_sentiment_21d_coverage_tilt,equity,exploratory_sentiment_21d_coverage_tilt,2021-01-28,2020-12-31,0.010789281965660633,1.0048224369414385
equity_sentiment_21d_coverage_tilt,equity,exploratory_sentiment_21d_coverage_tilt,2021-01-29,2020-12-31,-0.014584747848484523,0.9901673550661478
equity_sentiment_21d_coverage_tilt,equity,exploratory_sentiment_21d_coverage_tilt,2021-02-01,2021-01-29,0.00856619997132582,0.9986493266347232
equity_sentiment_21d_coverage_tilt,equity,exploratory_sentiment_21d_coverage_tilt,2021-02-02,2021-01-29,0.017418303192283976,1.016044103388817
equity_sentiment_21d_coverage_tilt,equity,exploratory_sentiment_21d_coverage_tilt,2021-02-03,2021-01-29,0.0022016396114626375,1.0182810663338309
equity_sentiment_21d_coverage_tilt,equity,exploratory_sentiment_21d_coverage_tilt,2021-02-04,2021-01-29,0.009219909019452154,1.0276695251216597
equity_sentiment_21d_coverage_tilt,equity,exploratory_sentiment_21d_coverage_tilt,2021-02-05,2021-01-29,0.006419188219927615,1.0342663292312992
equity_sentiment_21d_coverage_tilt,equity,exploratory_sentiment_21d_coverage_tilt,2021-02-08,2021-01-29,0.013020495864206094,1.047732989693543
equity_sentiment_21d_coverage_tilt,equity,exploratory_sentiment_21d_coverage_tilt,2021-02-09,2021-01-29,-0.002635194121431996,1.0449720098782722
equity_sentiment_21d_coverage_tilt,equity,exploratory_sentiment_21d_coverage_tilt,2021-02-10,2021-01-29,0.0015313786990120274,1.0465722577552636
equity_sentiment_21d_coverage_tilt,equity,exploratory_sentiment_21d_coverage_tilt,2021-02-11,2021-01-29,-0.0010874374593558326,1.045434175878258
equity_sentiment_21d_coverage_tilt,equity,exploratory_sentiment_21d_coverage_tilt,2021-02-12,2021-01-29,0.0043401835886463,1.0499715521314148
equity_sentiment_21d_coverage_tilt,equity,exploratory_sentiment_21d_coverage_tilt,2021-02-16,2021-01-29,0.0006780780375850598,1.050683514781004
equity_sentiment_21d_coverage_tilt,equity,exploratory_sentiment_21d_coverage_tilt,2021-02-17,2021-01-29,0.002470379020185503,1.0532791012927738
equity_sentiment_21d_coverage_tilt,equity,exploratory_sentiment_21d_coverage_tilt,2021-02-18,2021-01-29,-0.006009470800559025,1.0469494512887159
equity_sentiment_21d_coverage_tilt,equity,exploratory_sentiment_21d_coverage_tilt,2021-02-19,2021-01-29,0.001094981577338104,1.0480958416502812
equity_sentiment_21d_coverage_tilt,equity,exploratory_sentiment_21d_coverage_tilt,2021-02-22,2021-01-29,0.0021498481307112845,1.0503490885362592
equity_sentiment_21d_coverage_tilt,equity,exploratory_sentiment_21d_coverage_tilt,2021-02-23,2021-01-29,0.0003300061064892142,1.0506957101494216
equity_sentiment_21d_coverage_tilt,equity,exploratory_sentiment_21d_coverage_tilt,2021-02-24,2021-01-29,0.014628027162604113,1.066065315537119
equity_sentiment_21d_coverage_tilt,equity,exploratory_sentiment_21d_coverage_tilt,2021-02-25,2021-01-29,-0.018342869589484136,1.0465106184803492
equity_sentiment_21d_coverage_tilt,equity,exploratory_sentiment_21d_coverage_tilt,2021-02-26,2021-01-29,-0.012936734413303525,1.032972188548367
equity_sentiment_21d_coverage_tilt,equity,exploratory_sentiment_21d_coverage_tilt,2021-03-01,2021-02-26,0.01975406522471166,1.0533775885362646
equity_sentiment_21d_coverage_tilt,equity,exploratory_sentiment_21d_coverage_tilt,2021-03-02,2021-02-26,-0.002987212360114992,1.0502309259839209
equity_sentiment_21d_coverage_tilt,equity,exploratory_sentiment_21d_coverage_tilt,2021-03-03,2021-02-26,-0.007667725899989194,1.0421780431117844
equity_sentiment_21d_coverage_tilt,equity,exploratory_sentiment_21d_coverage_tilt,2021-03-04,2021-02-26,-0.008108919493780797,1.033727105262005
equity_sentiment_21d_coverage_tilt,equity,exploratory_sentiment_21d_coverage_tilt,2021-03-05,2021-02-26,0.017495886846184677,1.051813077725503
equity_sentiment_21d_coverage_tilt,equity,exploratory_sentiment_21d_coverage_tilt,2021-03-08,2021-02-26,0.0011791459463586901,1.05305331885243
equity_sentiment_21d_coverage_tilt,equity,exploratory_sentiment_21d_coverage_tilt,2021-03-09,2021-02-26,0.008050728931722203,1.0615311656731614
equity_sentiment_21d_coverage_tilt,equity,exploratory_sentiment_21d_coverage_tilt,2021-03-10,2021-02-26,0.009415780204645846,1.0715263098095216
equity_sentiment_21d_coverage_tilt,equity,exploratory_sentiment_21d_coverage_tilt,2021-03-11,2021-02-26,0.005647580876852841,1.0775778413058466
equity_sentiment_21d_coverage_tilt,equity,exploratory_sentiment_21d_coverage_tilt,2021-03-12,2021-02-26,0.006804599317037795,1.0849103267488514
equity_sentiment_21d_coverage_tilt,equity,exploratory_sentiment_21d_coverage_tilt,2021-03-15,2021-02-26,0.006078351351403055,1.0915047928995965
equity_sentiment_21d_coverage_tilt,equity,exploratory_sentiment_21d_coverage_tilt,2021-03-16,2021-02-26,0.00023813913850662745,1.0917647229106535
equity_sentiment_21d_coverage_tilt,equity,exploratory_sentiment_21d_coverage_tilt,2021-03-17,2021-02-26,0.0017504861131007634,1.093675841896882
equity_sentiment_21d_coverage_tilt,equity,exploratory_sentiment_21d_coverage_tilt,2021-03-18,2021-02-26,-0.013628101573890487,1.078771116434601
equity_sentiment_21d_coverage_tilt,equity,exploratory_sentiment_21d_coverage_tilt,2021-03-19,2021-02-26,-0.0044360512556498605,1.0739856324689825
equity_sentiment_21d_coverage_tilt,equity,exploratory_sentiment_21d_coverage_tilt,2021-03-22,2021-02-26,0.006310628728453501,1.0807631570551877
equity_sentiment_21d_coverage_tilt,equity,exploratory_sentiment_21d_coverage_tilt,2021-03-23,2021-02-26,-0.007635059240766929,1.072511466325833
equity_sentiment_21d_coverage_tilt,equity,exploratory_sentiment_21d_coverage_tilt,2021-03-24,2021-02-26,-0.0037190660207665448,1.0685227253745382
equity_sentiment_21d_coverage_tilt,equity,exploratory_sentiment_21d_coverage_tilt,2021-03-25,2021-02-26,0.006855490718032972,1.0758479730003505
equity_sentiment_21d_coverage_tilt,equity,exploratory_sentiment_21d_coverage_tilt,2021-03-26,2021-02-26,0.01966216957244689,1.0970014782796567
equity_sentiment_21d_coverage_tilt,equity,exploratory_sentiment_21d_coverage_tilt,2021-03-29,2021-02-26,0.001286550114636277,1.0984128256572934
equity_sentiment_21d_coverage_tilt,equity,exploratory_sentiment_21d_coverage_tilt,2021-03-30,2021-02-26,-0.003618006727960272,1.0944387606639874
equity_sentiment_21d_coverage_tilt,equity,exploratory_sentiment_21d_coverage_tilt,2021-03-31,2021-02-26,-0.000558447082470117,1.0938275745311523
equity_sentiment_21d_coverage_tilt,equity,exploratory_sentiment_21d_coverage_tilt,2021-04-01,2021-03-31,0.011963728111967088,1.1069138302342154
equity_sentiment_21d_coverage_tilt,equity,exploratory_sentiment_21d_coverage_tilt,2021-04-05,2021-03-31,0.005313398867306254,1.1127953049259875
equity_sentiment_21d_coverage_tilt,equity,exploratory_sentiment_21d_coverage_tilt,2021-04-06,2021-03-31,0.00042752150531691954,1.1132710488498592
equity_sentiment_21d_coverage_tilt,equity,exploratory_sentiment_21d_coverage_tilt,2021-04-07,2021-03-31,-0.0009494361859792012,1.112214069031278
equity_sentiment_21d_coverage_tilt,equity,exploratory_sentiment_21d_coverage_tilt,2021-04-08,2021-03-31,-0.0012774104553720193,1.1107933151508858
equity_sentiment_21d_coverage_tilt,equity,exploratory_sentiment_21d_coverage_tilt,2021-04-09,2021-03-31,0.002512063480394459,1.1135836984721428
equity_sentiment_21d_coverage_tilt,equity,exploratory_sentiment_21d_coverage_tilt,2021-04-12,2021-03-31,-0.0003470245720264114,1.113197257565765
equity_sentiment_21d_coverage_tilt,equity,exploratory_sentiment_21d_coverage_tilt,2021-04-13,2021-03-31,0.001621938504976478,1.1150027950614452
equity_sentiment_21d_coverage_tilt,equity,exploratory_sentiment_21d_coverage_tilt,2021-04-14,2021-03-31,0.00336047693982606,1.1187497362420908
equity_sentiment_21d_coverage_tilt,equity,exploratory_sentiment_21d_coverage_tilt,2021-04-15,2021-03-31,0.009403170872323525,1.129269531175342
equity_sentiment_21d_coverage_tilt,equity,exploratory_sentiment_21d_coverage_tilt,2021-04-16,2021-03-31,0.0028289557831308503,1.132464184746274
equity_sentiment_21d_coverage_tilt,equity,exploratory_sentiment_21d_coverage_tilt,2021-04-19,2021-03-31,-0.0035014302302353926,1.1284989404151444
equity_sentiment_21d_coverage_tilt,equity,exploratory_sentiment_21d_coverage_tilt,2021-04-20,2021-03-31,-0.008776273481197118,1.1185949250908198
equity_sentiment_21d_coverage_tilt,equity,exploratory_sentiment_21d_coverage_tilt,2021-04-21,2021-03-31,0.010696443363747882,1.1305599123540298
equity_sentiment_21d_coverage_tilt,equity,exploratory_sentiment_21d_coverage_tilt,2021-04-22,2021-03-31,-0.00938277359810427,1.1199521246573194
equity_sentiment_21d_coverage_tilt,equity,exploratory_sentiment_21d_coverage_tilt,2021-04-23,2021-03-31,0.0088720971786386,1.1298884487427021
equity_sentiment_21d_coverage_tilt,equity,exploratory_sentiment_21d_coverage_tilt,2021-04-26,2021-03-31,0.0010004081350422128,1.1310187983385147
equity_sentiment_21d_coverage_tilt,equity,exploratory_sentiment_21d_coverage_tilt,2021-04-27,2021-03-31,0.0010522487965410813,1.1322089115079317
equity_sentiment_21d_coverage_tilt,equity,exploratory_sentiment_21d_coverage_tilt,2021-04-28,2021-03-31,0.0005476685525097028,1.1328289867236359
equity_sentiment_21d_coverage_tilt,equity,exploratory_sentiment_21d_coverage_tilt,2021-04-29,2021-03-31,0.00909131952220505,1.1431278970059562
equity_sentiment_21d_coverage_tilt,equity,exploratory_sentiment_21d_coverage_tilt,2021-04-30,2021-03-31,-0.006787575478677872,1.1353688301232459
equity_sentiment_21d_coverage_tilt,equity,exploratory_sentiment_21d_coverage_tilt,2021-05-03,2021-04-30,0.007192161411578614,1.1435345860111674
equity_sentiment_21d_coverage_tilt,equity,exploratory_sentiment_21d_coverage_tilt,2021-05-04,2021-04-30,-0.002157711670303572,1.1410671680895355
equity_sentiment_21d_coverage_tilt,equity,exploratory_sentiment_21d_coverage_tilt,2021-05-05,2021-04-30,0.005601931734195848,1.1474593484693052
equity_sentiment_21d_coverage_tilt,equity,exploratory_sentiment_21d_coverage_tilt,2021-05-06,2021-04-30,0.008329875284556382,1.1570175417361528
equity_sentiment_21d_coverage_tilt,equity,exploratory_sentiment_21d_coverage_tilt,2021-05-07,2021-04-30,0.009433993986947137,1.1679328382676841
equity_sentiment_21d_coverage_tilt,equity,exploratory_sentiment_21d_coverage_tilt,2021-05-10,2021-04-30,-0.004143431738565105,1.1630935882770934
equity_sentiment_21d_coverage_tilt,equity,exploratory_sentiment_21d_coverage_tilt,2021-05-11,2021-04-30,-0.008943913910242844,1.1526909793539877
equity_sentiment_21d_coverage_tilt,equity,exploratory_sentiment_21d_coverage_tilt,2021-05-12,2021-04-30,-0.016275388548953745,1.1339304857881276
equity_sentiment_21d_coverage_tilt,equity,exploratory_sentiment_21d_coverage_tilt,2021-05-13,2021-04-30,0.008985507972572472,1.1441194272085198
equity_sentiment_21d_coverage_tilt,equity,exploratory_sentiment_21d_coverage_tilt,2021-05-14,2021-04-30,0.013724215785459737,1.159821569111866
equity_sentiment_21d_coverage_tilt,equity,exploratory_sentiment_21d_coverage_tilt,2021-05-17,2021-04-30,0.0027797068382081195,1.1630455330586276
equity_sentiment_21d_coverage_tilt,equity,exploratory_sentiment_21d_coverage_tilt,2021-05-18,2021-04-30,-0.008586161335862964,1.1530594364708315
equity_sentiment_21d_coverage_tilt,equity,exploratory_sentiment_21d_coverage_tilt,2021-05-19,2021-04-30,-0.0051356279344742465,1.147137752218783
equity_sentiment_21d_coverage_tilt,equity,exploratory_sentiment_21d_coverage_tilt,2021-05-20,2021-04-30,0.008633637458617734,1.1570417236865336
equity_sentiment_21d_coverage_tilt,equity,exploratory_sentiment_21d_coverage_tilt,2021-05-21,2021-04-30,0.0024262521881074648,1.1598489987003597
equity_sentiment_21d_coverage_tilt,equity,exploratory_sentiment_21d_coverage_tilt,2021-05-24,2021-04-30,0.006157502543293341,1.1669907718596935
equity_sentiment_21d_coverage_tilt,equity,exploratory_sentiment_21d_coverage_tilt,2021-05-25,2021-04-30,-0.005331688816871231,1.1607687402119773
equity_sentiment_21d_coverage_tilt,equity,exploratory_sentiment_21d_coverage_tilt,2021-05-26,2021-04-30,0.003680706273640134,1.1650411889963208
equity_sentiment_21d_coverage_tilt,equity,exploratory_sentiment_21d_coverage_tilt,2021-05-27,2021-04-30,0.002653691573082514,1.1681328489818545
equity_sentiment_21d_coverage_tilt,equity,exploratory_sentiment_21d_coverage_tilt,2021-05-28,2021-04-30,0.002839898712805112,1.1714502279560635
equity_sentiment_21d_coverage_tilt,equity,exploratory_sentiment_21d_coverage_tilt,2021-06-01,2021-05-28,0.006022818916524264,1.178505660548764
equity_sentiment_21d_coverage_tilt,equity,exploratory_sentiment_21d_coverage_tilt,2021-06-02,2021-05-28,0.00413381970890507,1.1833773904753968
equity_sentiment_21d_coverage_tilt,equity,exploratory_sentiment_21d_coverage_tilt,2021-06-03,2021-05-28,0.0016134739444319613,1.1852867390613588
equity_sentiment_21d_coverage_tilt,equity,exploratory_sentiment_21d_coverage_tilt,2021-06-04,2021-05-28,0.006545034587413432,1.1930444817645178
equity_sentiment_21d_coverage_tilt,equity,exploratory_sentiment_21d_coverage_tilt,2021-06-07,2021-05-28,-0.0018830810780396516,1.1907978822756473
equity_sentiment_21d_coverage_tilt,equity,exploratory_sentiment_21d_coverage_tilt,2021-06-08,2021-05-28,-0.0026981038083230026,1.1875849859745364
equity_sentiment_21d_coverage_tilt,equity,exploratory_sentiment_21d_coverage_tilt,2021-06-09,2021-05-28,-0.002483474754094523,1.184635648643527
equity_sentiment_21d_coverage_tilt,equity,exploratory_sentiment_21d_coverage_tilt,2021-06-10,2021-05-28,0.0037308623316480685,1.1890553611617787
equity_sentiment_21d_coverage_tilt,equity,exploratory_sentiment_21d_coverage_tilt,2021-06-11,2021-05-28,-0.0002490464107727377,1.1887592311918713
equity_sentiment_21d_coverage_tilt,equity,exploratory_sentiment_21d_coverage_tilt,2021-06-14,2021-05-28,-0.0014418261729092787,1.1870452470190513
equity_sentiment_21d_coverage_tilt,equity,exploratory_sentiment_21d_coverage_tilt,2021-06-15,2021-05-28,-0.0013655579999865713,1.1854242678856384
equity_sentiment_21d_coverage_tilt,equity,exploratory_sentiment_21d_coverage_tilt,2021-06-16,2021-05-28,-0.007885476229343328,1.1760766329995394
equity_sentiment_21d_coverage_tilt,equity,exploratory_sentiment_21d_coverage_tilt,2021-06-17,2021-05-28,-0.008469758912495302,1.166115547455414
equity_sentiment_21d_coverage_tilt,equity,exploratory_sentiment_21d_coverage_tilt,2021-06-18,2021-05-28,-0.015130021710115639,1.1484721939059102
equity_sentiment_21d_coverage_tilt,equity,exploratory_sentiment_21d_coverage_tilt,2021-06-21,2021-05-28,0.017010790517014616,1.16800861381106
equity_sentiment_21d_coverage_tilt,equity,exploratory_sentiment_21d_coverage_tilt,2021-06-22,2021-05-28,0.001350332763169655,1.1695858141099533
equity_sentiment_21d_coverage_tilt,equity,exploratory_sentiment_21d_coverage_tilt,2021-06-23,2021-05-28,-0.0034147743480600467,1.1655919424740757
equity_sentiment_21d_coverage_tilt,equity,exploratory_sentiment_21d_coverage_tilt,2021-06-24,2021-05-28,0.00800124671028625,1.1749181311693326
equity_sentiment_21d_coverage_tilt,equity,exploratory_sentiment_21d_coverage_tilt,2021-06-25,2021-05-28,0.00777203789975116,1.1840496394138855
equity_sentiment_21d_coverage_tilt,equity,exploratory_sentiment_21d_coverage_tilt,2021-06-28,2021-05-28,-0.0016944699449613443,1.1820433028865565
equity_sentiment_21d_coverage_tilt,equity,exploratory_sentiment_21d_coverage_tilt,2021-06-29,2021-05-28,-0.0005193045678222458,1.1814294624000037
equity_sentiment_21d_coverage_tilt,equity,exploratory_sentiment_21d_coverage_tilt,2021-06-30,2021-05-28,0.00438832735214565,1.1866139616244844
equity_sentiment_21d_coverage_tilt,equity,exploratory_sentiment_21d_coverage_tilt,2021-07-01,2021-06-30,0.006821050509980735,1.1947079153925735
equity_sentiment_21d_coverage_tilt,equity,exploratory_sentiment_21d_coverage_tilt,2021-07-02,2021-06-30,0.003676456318081615,1.1991002068563805
equity_sentiment_21d_coverage_tilt,equity,exploratory_sentiment_21d_coverage_tilt,2021-07-06,2021-06-30,-0.00907383246759816,1.1882197724675034
equity_sentiment_21d_coverage_tilt,equity,exploratory_sentiment_21d_coverage_tilt,2021-07-07,2021-06-30,-0.0001460065975142544,1.1880462845414264
equity_sentiment_21d_coverage_tilt,equity,exploratory_sentiment_21d_coverage_tilt,2021-07-08,2021-06-30,-0.006787210223502024,1.1799827646529932
equity_sentiment_21d_coverage_tilt,equity,exploratory_sentiment_21d_coverage_tilt,2021-07-09,2021-06-30,0.011957097724278075,1.1940919338829128
equity_sentiment_21d_coverage_tilt,equity,exploratory_sentiment_21d_coverage_tilt,2021-07-12,2021-06-30,0.004154866613546673,1.1990532265925082
equity_sentiment_21d_coverage_tilt,equity,exploratory_sentiment_21d_coverage_tilt,2021-07-13,2021-06-30,-0.004724122154361107,1.1933887526805043
equity_sentiment_21d_coverage_tilt,equity,exploratory_sentiment_21d_coverage_tilt,2021-07-14,2021-06-30,-0.0018589831918660617,1.1911702630479093
equity_sentiment_21d_coverage_tilt,equity,exploratory_sentiment_21d_coverage_tilt,2021-07-15,2021-06-30,-0.0015166620836101646,1.1893636602748205
equity_sentiment_21d_coverage_tilt,equity,exploratory_sentiment_21d_coverage_tilt,2021-07-16,2021-06-30,-0.009572133457520497,1.1779789125891449
equity_sentiment_21d_coverage_tilt,equity,exploratory_sentiment_21d_coverage_tilt,2021-07-19,2021-06-30,-0.017465518624025733,1.1574048999526094
equity_sentiment_21d_coverage_tilt,equity,exploratory_sentiment_21d_coverage_tilt,2021-07-20,2021-06-30,0.011364093414765809,1.1705577573543786
equity_sentiment_21d_coverage_tilt,equity,exploratory_sentiment_21d_coverage_tilt,2021-07-21,2021-06-30,0.010700248781670262,1.1830830165713846
equity_sentiment_21d_coverage_tilt,equity,exploratory_sentiment_21d_coverage_tilt,2021-07-22,2021-06-30,-0.001330878361482944,1.1815084769847919
equity_sentiment_21d_coverage_tilt,equity,exploratory_sentiment_21d_coverage_tilt,2021-07-23,2021-06-30,0.005092667899936144,1.1875255072790347
equity_sentiment_21d_coverage_tilt,equity,exploratory_sentiment_21d_coverage_tilt,2021-07-26,2021-06-30,0.005869709143072349,1.1944959366067422
equity_sentiment_21d_coverage_tilt,equity,exploratory_sentiment_21d_coverage_tilt,2021-07-27,2021-06-30,-0.0024538366268658128,1.1915648387268543
equity_sentiment_21d_coverage_tilt,equity,exploratory_sentiment_21d_coverage_tilt,2021-07-28,2021-06-30,0.002632832803784708,1.194702029722091
equity_sentiment_21d_coverage_tilt,equity,exploratory_sentiment_21d_coverage_tilt,2021-07-29,2021-06-30,0.006243003633263615,1.2021605588343134
equity_sentiment_21d_coverage_tilt,equity,exploratory_sentiment_21d_coverage_tilt,2021-07-30,2021-06-30,-0.005622848784698211,1.1954009917970598
equity_sentiment_21d_coverage_tilt,equity,exploratory_sentiment_21d_coverage_tilt,2021-08-02,2021-07-30,-0.0026695858364632922,1.1922097662404643
equity_sentiment_21d_coverage_tilt,equity,exploratory_sentiment_21d_coverage_tilt,2021-08-03,2021-07-30,0.006353398358130381,1.1997843498118435
equity_sentiment_21d_coverage_tilt,equity,exploratory_sentiment_21d_coverage_tilt,2021-08-04,2021-07-30,-0.008329829131603305,1.1897903511831391
equity_sentiment_21d_coverage_tilt,equity,exploratory_sentiment_21d_coverage_tilt,2021-08-05,2021-07-30,0.004989603535272814,1.195726933325636
equity_sentiment_21d_coverage_tilt,equity,exploratory_sentiment_21d_coverage_tilt,2021-08-06,2021-07-30,0.003654315017122793,1.200096496214466
equity_sentiment_21d_coverage_tilt,equity,exploratory_sentiment_21d_coverage_tilt,2021-08-09,2021-07-30,-0.002643599686729438,1.1969239214930283
equity_sentiment_21d_coverage_tilt,equity,exploratory_sentiment_21d_coverage_tilt,2021-08-10,2021-07-30,0.0064273735693530665,1.2046169986705588
equity_sentiment_21d_coverage_tilt,equity,exploratory_sentiment_21d_coverage_tilt,2021-08-11,2021-07-30,0.008644992574880309,1.2150309036796405
equity_sentiment_21d_coverage_tilt,equity,exploratory_sentiment_21d_coverage_tilt,2021-08-12,2021-07-30,0.0016885045739516288,1.217082488917996
equity_sentiment_21d_coverage_tilt,equity,exploratory_sentiment_21d_coverage_tilt,2021-08-13,2021-07-30,0.000817475736053157,1.2180774243214616
equity_sentiment_21d_coverage_tilt,equity,exploratory_sentiment_21d_coverage_tilt,2021-08-16,2021-07-30,-0.001614703158345152,1.2161105908573009
equity_sentiment_21d_coverage_tilt,equity,exploratory_sentiment_21d_coverage_tilt,2021-08-17,2021-07-30,-0.005368993800506533,1.2095813006342577
equity_sentiment_21d_coverage_tilt,equity,exploratory_sentiment_21d_coverage_tilt,2021-08-18,2021-07-30,-0.012853839203235353,1.1940335370926647
equity_sentiment_21d_coverage_tilt,equity,exploratory_sentiment_21d_coverage_tilt,2021-08-19,2021-07-30,-0.00500389220862657,1.1880587219795677
equity_sentiment_21d_coverage_tilt,equity,exploratory_sentiment_21d_coverage_tilt,2021-08-20,2021-07-30,0.0051646287170339575,1.1941946041726261
equity_sentiment_21d_coverage_tilt,equity,exploratory_sentiment_21d_coverage_tilt,2021-08-23,2021-07-30,0.010601049165429415,1.2068543198845505
equity_sentiment_21d_coverage_tilt,equity,exploratory_sentiment_21d_coverage_tilt,2021-08-24,2021-07-30,0.0023753324912818797,1.209721000162816
equity_sentiment_21d_coverage_tilt,equity,exploratory_sentiment_21d_coverage_tilt,2021-08-25,2021-07-30,0.00035612616414333175,1.2101518134622877
equity_sentiment_21d_coverage_tilt,equity,exploratory_sentiment_21d_coverage_tilt,2021-08-26,2021-07-30,-0.007213600507134439,1.2014222617269865
equity_sentiment_21d_coverage_tilt,equity,exploratory_sentiment_21d_coverage_tilt,2021-08-27,2021-07-30,0.011527908320181784,1.2152721474140007
equity_sentiment_21d_coverage_tilt,equity,exploratory_sentiment_21d_coverage_tilt,2021-08-30,2021-07-30,-0.0011216009695471805,1.2139090969951976
equity_sentiment_21d_coverage_tilt,equity,exploratory_sentiment_21d_coverage_tilt,2021-08-31,2021-07-30,-0.0003440680878491295,1.2134914296133716
equity_sentiment_21d_coverage_tilt,equity,exploratory_sentiment_21d_coverage_tilt,2021-09-01,2021-08-31,-0.0017250715643838883,1.2113980700545222
equity_sentiment_21d_coverage_tilt,equity,exploratory_sentiment_21d_coverage_tilt,2021-09-02,2021-08-31,0.006380704945172113,1.219127643710691
equity_sentiment_21d_coverage_tilt,equity,exploratory_sentiment_21d_coverage_tilt,2021-09-03,2021-08-31,-0.0032293604141092848,1.2151906411583455
equity_sentiment_21d_coverage_tilt,equity,exploratory_sentiment_21d_coverage_tilt,2021-09-07,2021-08-31,-0.010115397994848962,1.2028985041834133
equity_sentiment_21d_coverage_tilt,equity,exploratory_sentiment_21d_coverage_tilt,2021-09-08,2021-08-31,-0.0014323069223602005,1.2011755843289746
equity_sentiment_21d_coverage_tilt,equity,exploratory_sentiment_21d_coverage_tilt,2021-09-09,2021-08-31,-0.0067641134098236555,1.1930506964514622
equity_sentiment_21d_coverage_tilt,equity,exploratory_sentiment_21d_coverage_tilt,2021-09-10,2021-08-31,-0.0038864870162743526,1.1884139204099464
equity_sentiment_21d_coverage_tilt,equity,exploratory_sentiment_21d_coverage_tilt,2021-09-13,2021-08-31,0.004866960722134447,1.1941978842822196
equity_sentiment_21d_coverage_tilt,equity,exploratory_sentiment_21d_coverage_tilt,2021-09-14,2021-08-31,-0.009461598329134895,1.1828988635756386
equity_sentiment_21d_coverage_tilt,equity,exploratory_sentiment_21d_coverage_tilt,2021-09-15,2021-08-31,0.007790360441280378,1.1921140720884738
equity_sentiment_21d_coverage_tilt,equity,exploratory_sentiment_21d_coverage_tilt,2021-09-16,2021-08-31,-0.0045817977690803015,1.1866520464924895
equity_sentiment_21d_coverage_tilt,equity,exploratory_sentiment_21d_coverage_tilt,2021-09-17,2021-08-31,-0.011176127886447108,1.1733898714641753
equity_sentiment_21d_coverage_tilt,equity,exploratory_sentiment_21d_coverage_tilt,2021-09-20,2021-08-31,-0.016621673114795996,1.1538861685844852
equity_sentiment_21d_coverage_tilt,equity,exploratory_sentiment_21d_coverage_tilt,2021-09-21,2021-08-31,-0.0023751055536092233,1.1511455671372475
equity_sentiment_21d_coverage_tilt,equity,exploratory_sentiment_21d_coverage_tilt,2021-09-22,2021-08-31,0.008259375780006586,1.160653310953723
equity_sentiment_21d_coverage_tilt,equity,exploratory_sentiment_21d_coverage_tilt,2021-09-23,2021-08-31,0.010724836293345186,1.1731011277070307
equity_sentiment_21d_coverage_tilt,equity,exploratory_sentiment_21d_coverage_tilt,2021-09-24,2021-08-31,-0.0026671860212867902,1.1699722487776547
equity_sentiment_21d_coverage_tilt,equity,exploratory_sentiment_21d_coverage_tilt,2021-09-27,2021-08-31,0.002373649483731737,1.1727493528019461
equity_sentiment_21d_coverage_tilt,equity,exploratory_sentiment_21d_coverage_tilt,2021-09-28,2021-08-31,-0.011218324675914593,1.1595930697987453
equity_sentiment_21d_coverage_tilt,equity,exploratory_sentiment_21d_coverage_tilt,2021-09-29,2021-08-31,0.00442282256704417,1.1647217441964393
equity_sentiment_21d_coverage_tilt,equity,exploratory_sentiment_21d_coverage_tilt,2021-09-30,2021-08-31,-0.009904442570125873,1.1531858245708688
equity_sentiment_21d_coverage_tilt,equity,exploratory_sentiment_21d_coverage_tilt,2021-10-01,2021-09-30,0.012248571431194996,1.1673107035165666
equity_sentiment_21d_coverage_tilt,equity,exploratory_sentiment_21d_coverage_tilt,2021-10-04,2021-09-30,-0.00291727868841988,1.1639053328784335
equity_sentiment_21d_coverage_tilt,equity,exploratory_sentiment_21d_coverage_tilt,2021-10-05,2021-09-30,0.005646276836761105,1.1704770645996476
equity_sentiment_21d_coverage_tilt,equity,exploratory_sentiment_21d_coverage_tilt,2021-10-06,2021-09-30,0.0012748941497098174,1.1719692989616752
equity_sentiment_21d_coverage_tilt,equity,exploratory_sentiment_21d_coverage_tilt,2021-10-07,2021-09-30,0.008071245684869137,1.1814285511087186
equity_sentiment_21d_coverage_tilt,equity,exploratory_sentiment_21d_coverage_tilt,2021-10-08,2021-09-30,-0.0009974158149574747,1.1802501755876005
equity_sentiment_21d_coverage_tilt,equity,exploratory_sentiment_21d_coverage_tilt,2021-10-11,2021-09-30,-0.009059867758184289,1.169557265075203
equity_sentiment_21d_coverage_tilt,equity,exploratory_sentiment_21d_coverage_tilt,2021-10-12,2021-09-30,-0.0007669027375445544,1.1686603284069017
equity_sentiment_21d_coverage_tilt,equity,exploratory_sentiment_21d_coverage_tilt,2021-10-13,2021-09-30,0.0033699556163470077,1.1725986618442183
equity_sentiment_21d_coverage_tilt,equity,exploratory_sentiment_21d_coverage_tilt,2021-10-14,2021-09-30,0.012785159580892115,1.1875905228602373
equity_sentiment_21d_coverage_tilt,equity,exploratory_sentiment_21d_coverage_tilt,2021-10-15,2021-09-30,0.004585838726038422,1.193036621470646
equity_sentiment_21d_coverage_tilt,equity,exploratory_sentiment_21d_coverage_tilt,2021-10-18,2021-09-30,0.00023964919288805967,1.1933225317340672
equity_sentiment_21d_coverage_tilt,equity,exploratory_sentiment_21d_coverage_tilt,2021-10-19,2021-09-30,0.00980596003610959,1.2050242047904405
equity_sentiment_21d_coverage_tilt,equity,exploratory_sentiment_21d_coverage_tilt,2021-10-20,2021-09-30,0.008837574295723172,1.2156736957284207
equity_sentiment_21d_coverage_tilt,equity,exploratory_sentiment_21d_coverage_tilt,2021-10-21,2021-09-30,0.0010445635687502946,1.2169435441824668
equity_sentiment_21d_coverage_tilt,equity,exploratory_sentiment_21d_coverage_tilt,2021-10-22,2021-09-30,0.001039792583558602,1.2182089130543172
equity_sentiment_21d_coverage_tilt,equity,exploratory_sentiment_21d_coverage_tilt,2021-10-25,2021-09-30,0.006028278704861639,1.225552615902955
equity_sentiment_21d_coverage_tilt,equity,exploratory_sentiment_21d_coverage_tilt,2021-10-26,2021-09-30,0.004907771635132058,1.2315673482686453
equity_sentiment_21d_coverage_tilt,equity,exploratory_sentiment_21d_coverage_tilt,2021-10-27,2021-09-30,-0.015614578479219779,1.21233694325666
equity_sentiment_21d_coverage_tilt,equity,exploratory_sentiment_21d_coverage_tilt,2021-10-28,2021-09-30,0.00814088447790712,1.2222064382600115
equity_sentiment_21d_coverage_tilt,equity,exploratory_sentiment_21d_coverage_tilt,2021-10-29,2021-09-30,-0.0029656018514191973,1.2185818605838912
equity_sentiment_21d_coverage_tilt,equity,exploratory_sentiment_21d_coverage_tilt,2021-11-01,2021-10-29,0.007683606804650956,1.2279449644598976
equity_sentiment_21d_coverage_tilt,equity,exploratory_sentiment_21d_coverage_tilt,2021-11-02,2021-10-29,0.004288443727527463,1.2332109373404847
equity_sentiment_21d_coverage_tilt,equity,exploratory_sentiment_21d_coverage_tilt,2021-11-03,2021-10-29,0.0048022502708025125,1.2391331248982846
equity_sentiment_21d_coverage_tilt,equity,exploratory_sentiment_21d_coverage_tilt,2021-11-04,2021-10-29,0.004680814022435577,1.2449332766049728
equity_sentiment_21d_coverage_tilt,equity,exploratory_sentiment_21d_coverage_tilt,2021-11-05,2021-10-29,0.004525140433849426,1.2505667745123825
equity_sentiment_21d_coverage_tilt,equity,exploratory_sentiment_21d_coverage_tilt,2021-11-08,2021-10-29,0.0037388876343369096,1.2552425031615195
equity_sentiment_21d_coverage_tilt,equity,exploratory_sentiment_21d_coverage_tilt,2021-11-09,2021-10-29,-0.0006108182565625177,1.2544757781241753
equity_sentiment_21d_coverage_tilt,equity,exploratory_sentiment_21d_coverage_tilt,2021-11-10,2021-10-29,-0.00778077510492039,1.2447149842200211
equity_sentiment_21d_coverage_tilt,equity,exploratory_sentiment_21d_coverage_tilt,2021-11-11,2021-10-29,0.0011883615420957725,1.2461941556381386
equity_sentiment_21d_coverage_tilt,equity,exploratory_sentiment_21d_coverage_tilt,2021-11-12,2021-10-29,0.0021159468127246164,1.2488310361897972
equity_sentiment_21d_coverage_tilt,equity,exploratory_sentiment_21d_coverage_tilt,2021-11-15,2021-10-29,-0.0011291302783142407,1.2474209432543366
equity_sentiment_21d_coverage_tilt,equity,exploratory_sentiment_21d_coverage_tilt,2021-11-16,2021-10-29,-0.000151213194899847,1.247232316748122
equity_sentiment_21d_coverage_tilt,equity,exploratory_sentiment_21d_coverage_tilt,2021-11-17,2021-10-29,-0.006390284911801557,1.2392621468928953
equity_sentiment_21d_coverage_tilt,equity,exploratory_sentiment_21d_coverage_tilt,2021-11-18,2021-10-29,-0.0015038722098232905,1.2373984549894972
equity_sentiment_21d_coverage_tilt,equity,exploratory_sentiment_21d_coverage_tilt,2021-11-19,2021-10-29,-0.008966329817899613,1.226303532325902
equity_sentiment_21d_coverage_tilt,equity,exploratory_sentiment_21d_coverage_tilt,2021-11-22,2021-10-29,0.00208452851004086,1.2288597970009991
equity_sentiment_21d_coverage_tilt,equity,exploratory_sentiment_21d_coverage_tilt,2021-11-23,2021-10-29,0.007972681287914264,1.238657104510019
equity_sentiment_21d_coverage_tilt,equity,exploratory_sentiment_21d_coverage_tilt,2021-11-24,2021-10-29,0.0016865793141957036,1.2407461979598673
equity_sentiment_21d_coverage_tilt,equity,exploratory_sentiment_21d_coverage_tilt,2021-11-26,2021-10-29,-0.02210896212596089,1.2133145872612425
equity_sentiment_21d_coverage_tilt,equity,exploratory_sentiment_21d_coverage_tilt,2021-11-29,2021-10-29,0.006918580446774167,1.221709001840454
equity_sentiment_21d_coverage_tilt,equity,exploratory_sentiment_21d_coverage_tilt,2021-11-30,2021-10-29,-0.022749975417499034,1.1939151520812463
equity_sentiment_21d_coverage_tilt,equity,exploratory_sentiment_21d_coverage_tilt,2021-12-01,2021-11-30,-0.013249865554751772,1.178095936832389
equity_sentiment_21d_coverage_tilt,equity,exploratory_sentiment_21d_coverage_tilt,2021-12-02,2021-11-30,0.021567010416464246,1.2035039441736473
equity_sentiment_21d_coverage_tilt,equity,exploratory_sentiment_21d_coverage_tilt,2021-12-03,2021-11-30,-0.0012789991245149806,1.2019646636826988
equity_sentiment_21d_coverage_tilt,equity,exploratory_sentiment_21d_coverage_tilt,2021-12-06,2021-11-30,0.013484018988922307,1.2181719780318099
equity_sentiment_21d_coverage_tilt,equity,exploratory_sentiment_21d_coverage_tilt,2021-12-07,2021-11-30,0.015295962808616698,1.2368050913022834
equity_sentiment_21d_coverage_tilt,equity,exploratory_sentiment_21d_coverage_tilt,2021-12-08,2021-11-30,-0.0006470460813714489,1.236004821414536
equity_sentiment_21d_coverage_tilt,equity,exploratory_sentiment_21d_coverage_tilt,2021-12-09,2021-11-30,-0.006969877949347314,1.227390018664472
equity_sentiment_21d_coverage_tilt,equity,exploratory_sentiment_21d_coverage_tilt,2021-12-10,2021-11-30,0.005509792246429772,1.2341526826726548
equity_sentiment_21d_coverage_tilt,equity,exploratory_sentiment_21d_coverage_tilt,2021-12-13,2021-11-30,-0.0059559495531119454,1.2268021315538187
equity_sentiment_21d_coverage_tilt,equity,exploratory_sentiment_21d_coverage_tilt,2021-12-14,2021-11-30,-0.002089579949566235,1.2242386304176387
equity_sentiment_21d_coverage_tilt,equity,exploratory_sentiment_21d_coverage_tilt,2021-12-15,2021-11-30,0.008890642693898136,1.2351228986527492
equity_sentiment_21d_coverage_tilt,equity,exploratory_sentiment_21d_coverage_tilt,2021-12-16,2021-11-30,0.004264923827520571,1.2403906037331296
equity_sentiment_21d_coverage_tilt,equity,exploratory_sentiment_21d_coverage_tilt,2021-12-17,2021-11-30,-0.012535672850802471,1.2248414729175217
equity_sentiment_21d_coverage_tilt,equity,exploratory_sentiment_21d_coverage_tilt,2021-12-20,2021-11-30,-0.00819782621861925,1.2148004353771862
equity_sentiment_21d_coverage_tilt,equity,exploratory_sentiment_21d_coverage_tilt,2021-12-21,2021-11-30,0.014796848160309666,1.2327756529645404
equity_sentiment_21d_coverage_tilt,equity,exploratory_sentiment_21d_coverage_tilt,2021-12-22,2021-11-30,0.005954040690454434,1.2401156493644927
equity_sentiment_21d_coverage_tilt,equity,exploratory_sentiment_21d_coverage_tilt,2021-12-23,2021-11-30,0.004965720441472416,1.2462737169943316
equity_sentiment_21d_coverage_tilt,equity,exploratory_sentiment_21d_coverage_tilt,2021-12-27,2021-11-30,0.012834774213631103,1.2622693587603366
equity_sentiment_21d_coverage_tilt,equity,exploratory_sentiment_21d_coverage_tilt,2021-12-28,2021-11-30,0.0017663830851722528,1.264499010004582
equity_sentiment_21d_coverage_tilt,equity,exploratory_sentiment_21d_coverage_tilt,2021-12-29,2021-11-30,0.0003864136850106482,1.2649876297267304
equity_sentiment_21d_coverage_tilt,equity,exploratory_sentiment_21d_coverage_tilt,2021-12-30,2021-11-30,-0.0015582763987524052,1.2630164293586135
equity_sentiment_21d_coverage_tilt,equity,exploratory_sentiment_21d_coverage_tilt,2021-12-31,2021-11-30,-0.001046809478304546,1.2616942917891065
equity_sentiment_21d_coverage_tilt,equity,exploratory_sentiment_21d_coverage_tilt,2022-01-03,2021-12-31,0.007917317765795942,1.2716835264204915
equity_sentiment_21d_coverage_tilt,equity,exploratory_sentiment_21d_coverage_tilt,2022-01-04,2021-12-31,0.008300740125464829,1.2822394408951427
equity_sentiment_21d_coverage_tilt,equity,exploratory_sentiment_21d_coverage_tilt,2022-01-05,2021-12-31,-0.009911976970856344,1.2695299130858664
equity_sentiment_21d_coverage_tilt,equity,exploratory_sentiment_21d_coverage_tilt,2022-01-06,2021-12-31,0.0005723809602797298,1.2702565678366224
equity_sentiment_21d_coverage_tilt,equity,exploratory_sentiment_21d_coverage_tilt,2022-01-07,2021-12-31,0.0013396554424445722,1.2719582739610256
equity_sentiment_21d_coverage_tilt,equity,exploratory_sentiment_21d_coverage_tilt,2022-01-10,2021-12-31,-0.0066483789549011876,1.2635018133409106
equity_sentiment_21d_coverage_tilt,equity,exploratory_sentiment_21d_coverage_tilt,2022-01-11,2021-12-31,0.010337841501936335,1.2765636948246382
equity_sentiment_21d_coverage_tilt,equity,exploratory_sentiment_21d_coverage_tilt,2022-01-12,2021-12-31,0.0029653533532765473,1.2803491572577574
equity_sentiment_21d_coverage_tilt,equity,exploratory_sentiment_21d_coverage_tilt,2022-01-13,2021-12-31,-0.005119258296352883,1.2737947192122372
equity_sentiment_21d_coverage_tilt,equity,exploratory_sentiment_21d_coverage_tilt,2022-01-14,2021-12-31,0.0020122565710017867,1.2763579210060794
equity_sentiment_21d_coverage_tilt,equity,exploratory_sentiment_21d_coverage_tilt,2022-01-18,2021-12-31,-0.01060720930512445,1.2628193253897144
equity_sentiment_21d_coverage_tilt,equity,exploratory_sentiment_21d_coverage_tilt,2022-01-19,2021-12-31,-0.006613067142593129,1.254468216401948
equity_sentiment_21d_coverage_tilt,equity,exploratory_sentiment_21d_coverage_tilt,2022-01-20,2021-12-31,-0.012017815087917673,1.2393922493435596
equity_sentiment_21d_coverage_tilt,equity,exploratory_sentiment_21d_coverage_tilt,2022-01-21,2021-12-31,-0.012984959532205,1.223298791141305
equity_sentiment_21d_coverage_tilt,equity,exploratory_sentiment_21d_coverage_tilt,2022-01-24,2021-12-31,0.002428950858970117,1.2262701237908247
equity_sentiment_21d_coverage_tilt,equity,exploratory_sentiment_21d_coverage_tilt,2022-01-25,2021-12-31,-0.003297005085541391,1.2222271049564388
equity_sentiment_21d_coverage_tilt,equity,exploratory_sentiment_21d_coverage_tilt,2022-01-26,2021-12-31,-0.008890796386688712,1.2113605326279793
equity_sentiment_21d_coverage_tilt,equity,exploratory_sentiment_21d_coverage_tilt,2022-01-27,2021-12-31,-0.003541123746383096,1.207070955080459
equity_sentiment_21d_coverage_tilt,equity,exploratory_sentiment_21d_coverage_tilt,2022-01-28,2021-12-31,0.016759686045384515,1.2273010853221098
equity_sentiment_21d_coverage_tilt,equity,exploratory_sentiment_21d_coverage_tilt,2022-01-31,2021-12-31,0.014161395415127344,1.2446813812847712
equity_sentiment_21d_coverage_tilt,equity,exploratory_sentiment_21d_coverage_tilt,2022-02-01,2022-01-31,0.011225952457855584,1.258654115296252
equity_sentiment_21d_coverage_tilt,equity,exploratory_sentiment_21d_coverage_tilt,2022-02-02,2022-01-31,0.010233437574387666,1.2715344736128824
equity_sentiment_21d_coverage_tilt,equity,exploratory_sentiment_21d_coverage_tilt,2022-02-03,2022-01-31,-0.009547784138454557,1.2593941369342232
equity_sentiment_21d_coverage_tilt,equity,exploratory_sentiment_21d_coverage_tilt,2022-02-04,2022-01-31,-0.0006208141583251913,1.2586122872231027
equity_sentiment_21d_coverage_tilt,equity,exploratory_sentiment_21d_coverage_tilt,2022-02-07,2022-01-31,0.002478100463476599,1.2617312549154076
equity_sentiment_21d_coverage_tilt,equity,exploratory_sentiment_21d_coverage_tilt,2022-02-08,2022-01-31,0.0037056118734141988,1.26640674123468
equity_sentiment_21d_coverage_tilt,equity,exploratory_sentiment_21d_coverage_tilt,2022-02-09,2022-01-31,0.012768835740877232,1.2825772808946454
equity_sentiment_21d_coverage_tilt,equity,exploratory_sentiment_21d_coverage_tilt,2022-02-10,2022-01-31,-0.017174860869247573,1.260549194541222
equity_sentiment_21d_coverage_tilt,equity,exploratory_sentiment_21d_coverage_tilt,2022-02-11,2022-01-31,-0.010121614340743504,1.2477904017365409
equity_sentiment_21d_coverage_tilt,equity,exploratory_sentiment_21d_coverage_tilt,2022-02-14,2022-01-31,-0.0065511579542237765,1.2396159297210005
equity_sentiment_21d_coverage_tilt,equity,exploratory_sentiment_21d_coverage_tilt,2022-02-15,2022-01-31,0.010385120422866713,1.252489490429257
equity_sentiment_21d_coverage_tilt,equity,exploratory_sentiment_21d_coverage_tilt,2022-02-16,2022-01-31,-0.0005601220161223386,1.2517879434907058
equity_sentiment_21d_coverage_tilt,equity,exploratory_sentiment_21d_coverage_tilt,2022-02-17,2022-01-31,-0.01558231570854536,1.2322821885550828
equity_sentiment_21d_coverage_tilt,equity,exploratory_sentiment_21d_coverage_tilt,2022-02-18,2022-01-31,-0.0086118891478997,1.2216699109483151
equity_sentiment_21d_coverage_tilt,equity,exploratory_sentiment_21d_coverage_tilt,2022-02-22,2022-01-31,-0.006583912556059051,1.213626543082263
equity_sentiment_21d_coverage_tilt,equity,exploratory_sentiment_21d_coverage_tilt,2022-02-23,2022-01-31,-0.011558444104997546,1.1995989085197054
equity_sentiment_21d_coverage_tilt,equity,exploratory_sentiment_21d_coverage_tilt,2022-02-24,2022-01-31,0.006928862762399197,1.2079107647267622
equity_sentiment_21d_coverage_tilt,equity,exploratory_sentiment_21d_coverage_tilt,2022-02-25,2022-01-31,0.025441024610294922,1.2386412522192158
equity_sentiment_21d_coverage_tilt,equity,exploratory_sentiment_21d_coverage_tilt,2022-02-28,2022-01-31,-0.0017285565259926694,1.2365001907993285
equity_sentiment_21d_coverage_tilt,equity,exploratory_sentiment_21d_coverage_tilt,2022-03-01,2022-02-28,-0.012242607798983198,1.2213622039200043
equity_sentiment_21d_coverage_tilt,equity,exploratory_sentiment_21d_coverage_tilt,2022-03-02,2022-02-28,0.01967419891338278,1.245391526865214
equity_sentiment_21d_coverage_tilt,equity,exploratory_sentiment_21d_coverage_tilt,2022-03-03,2022-02-28,-0.0005232469206826242,1.2447398795837377
equity_sentiment_21d_coverage_tilt,equity,exploratory_sentiment_21d_coverage_tilt,2022-03-04,2022-02-28,0.0027117406080774628,1.2481152912616984
equity_sentiment_21d_coverage_tilt,equity,exploratory_sentiment_21d_coverage_tilt,2022-03-07,2022-02-28,-0.01677494970161913,1.2271782200289618
equity_sentiment_21d_coverage_tilt,equity,exploratory_sentiment_21d_coverage_tilt,2022-03-08,2022-02-28,-0.004385157956090756,1.2217968496938605
equity_sentiment_21d_coverage_tilt,equity,exploratory_sentiment_21d_coverage_tilt,2022-03-09,2022-02-28,0.014302553161701112,1.239271664089406
equity_sentiment_21d_coverage_tilt,equity,exploratory_sentiment_21d_coverage_tilt,2022-03-10,2022-02-28,-0.0005616472975053552,1.238575630508395
equity_sentiment_21d_coverage_tilt,equity,exploratory_sentiment_21d_coverage_tilt,2022-03-11,2022-02-28,-0.008264534186126413,1.2283393798679554
equity_sentiment_21d_coverage_tilt,equity,exploratory_sentiment_21d_coverage_tilt,2022-03-14,2022-02-28,-0.00975660949104465,1.216354952216112
equity_sentiment_21d_coverage_tilt,equity,exploratory_sentiment_21d_coverage_tilt,2022-03-15,2022-02-28,0.009281828858780195,1.2276449507141116
equity_sentiment_21d_coverage_tilt,equity,exploratory_sentiment_21d_coverage_tilt,2022-03-16,2022-02-28,0.015323348267052467,1.2464565818421924
equity_sentiment_21d_coverage_tilt,equity,exploratory_sentiment_21d_coverage_tilt,2022-03-17,2022-02-28,0.014822226278386063,1.2649318433444412
equity_sentiment_21d_coverage_tilt,equity,exploratory_sentiment_21d_coverage_tilt,2022-03-18,2022-02-28,0.004634814701238051,1.2707945680480381
equity_sentiment_21d_coverage_tilt,equity,exploratory_sentiment_21d_coverage_tilt,2022-03-21,2022-02-28,0.004030515933262214,1.275916525802459
equity_sentiment_21d_coverage_tilt,equity,exploratory_sentiment_21d_coverage_tilt,2022-03-22,2022-02-28,0.00526339796566614,1.2826321822487274
equity_sentiment_21d_coverage_tilt,equity,exploratory_sentiment_21d_coverage_tilt,2022-03-23,2022-02-28,-0.0094339021347831,1.2705319557664696
equity_sentiment_21d_coverage_tilt,equity,exploratory_sentiment_21d_coverage_tilt,2022-03-24,2022-02-28,0.010733316740691877,1.2841689776768817
equity_sentiment_21d_coverage_tilt,equity,exploratory_sentiment_21d_coverage_tilt,2022-03-25,2022-02-28,0.00921694547149843,1.2960050931203195
equity_sentiment_21d_coverage_tilt,equity,exploratory_sentiment_21d_coverage_tilt,2022-03-28,2022-02-28,0.0009045869483123689,1.2971774424125027
equity_sentiment_21d_coverage_tilt,equity,exploratory_sentiment_21d_coverage_tilt,2022-03-29,2022-02-28,0.012438003365797477,1.3133117398072658
equity_sentiment_21d_coverage_tilt,equity,exploratory_sentiment_21d_coverage_tilt,2022-03-30,2022-02-28,-0.004075659198023943,1.3079591287350474
equity_sentiment_21d_coverage_tilt,equity,exploratory_sentiment_21d_coverage_tilt,2022-03-31,2022-02-28,-0.01441931779587775,1.2890992503937972
equity_sentiment_21d_coverage_tilt,equity,exploratory_sentiment_21d_coverage_tilt,2022-04-01,2022-03-31,0.006231349201032706,1.2971320779777904
equity_sentiment_21d_coverage_tilt,equity,exploratory_sentiment_21d_coverage_tilt,2022-04-04,2022-03-31,0.0022269021265329167,1.300020664160633
equity_sentiment_21d_coverage_tilt,equity,exploratory_sentiment_21d_coverage_tilt,2022-04-05,2022-03-31,-0.011088933710221538,1.2856048211938376
equity_sentiment_21d_coverage_tilt,equity,exploratory_sentiment_21d_coverage_tilt,2022-04-06,2022-03-31,-0.0015058206174095546,1.2836689309482427
equity_sentiment_21d_coverage_tilt,equity,exploratory_sentiment_21d_coverage_tilt,2022-04-07,2022-03-31,0.0017611932195919515,1.2859297199656297
equity_sentiment_21d_coverage_tilt,equity,exploratory_sentiment_21d_coverage_tilt,2022-04-08,2022-03-31,0.003509356519509117,1.2904425058120215
equity_sentiment_21d_coverage_tilt,equity,exploratory_sentiment_21d_coverage_tilt,2022-04-11,2022-03-31,-0.012374657791548577,1.2744737214029294
equity_sentiment_21d_coverage_tilt,equity,exploratory_sentiment_21d_coverage_tilt,2022-04-12,2022-03-31,-0.00044926638916025635,1.2739011431960352
equity_sentiment_21d_coverage_tilt,equity,exploratory_sentiment_21d_coverage_tilt,2022-04-13,2022-03-31,0.009371567078829303,1.285839593211294
equity_sentiment_21d_coverage_tilt,equity,exploratory_sentiment_21d_coverage_tilt,2022-04-14,2022-03-31,-0.002083036866266221,1.2831611419345301
equity_sentiment_21d_coverage_tilt,equity,exploratory_sentiment_21d_coverage_tilt,2022-04-18,2022-03-31,0.0014122251591803744,1.2849732543824528
equity_sentiment_21d_coverage_tilt,equity,exploratory_sentiment_21d_coverage_tilt,2022-04-19,2022-03-31,0.012244031870240287,1.300706507861518
equity_sentiment_21d_coverage_tilt,equity,exploratory_sentiment_21d_coverage_tilt,2022-04-20,2022-03-31,0.0015110947899631807,1.3026719986888189
equity_sentiment_21d_coverage_tilt,equity,exploratory_sentiment_21d_coverage_tilt,2022-04-21,2022-03-31,-0.013014330973351274,1.2857185941481657
equity_sentiment_21d_coverage_tilt,equity,exploratory_sentiment_21d_coverage_tilt,2022-04-22,2022-03-31,-0.02325927786737212,1.2558137081076264
equity_sentiment_21d_coverage_tilt,equity,exploratory_sentiment_21d_coverage_tilt,2022-04-25,2022-03-31,-0.0032358044416133827,1.2517501405330926
equity_sentiment_21d_coverage_tilt,equity,exploratory_sentiment_21d_coverage_tilt,2022-04-26,2022-03-31,-0.020329420046422724,1.2263027861330267
equity_sentiment_21d_coverage_tilt,equity,exploratory_sentiment_21d_coverage_tilt,2022-04-27,2022-03-31,0.0006934792602268181,1.2271532016819684
equity_sentiment_21d_coverage_tilt,equity,exploratory_sentiment_21d_coverage_tilt,2022-04-28,2022-03-31,0.018179034523073054,1.2494616621004444
equity_sentiment_21d_coverage_tilt,equity,exploratory_sentiment_21d_coverage_tilt,2022-04-29,2022-03-31,-0.03505821642788015,1.2056577647321882
equity_sentiment_21d_coverage_tilt,equity,exploratory_sentiment_21d_coverage_tilt,2022-05-02,2022-04-29,0.004519003397363249,1.2111061362670703
equity_sentiment_21d_coverage_tilt,equity,exploratory_sentiment_21d_coverage_tilt,2022-05-03,2022-04-29,0.006699215799447557,1.2192195976299587
equity_sentiment_21d_coverage_tilt,equity,exploratory_sentiment_21d_coverage_tilt,2022-05-04,2022-04-29,0.030889475068371516,1.2568806509938193
equity_sentiment_21d_coverage_tilt,equity,exploratory_sentiment_21d_coverage_tilt,2022-05-05,2022-04-29,-0.024966377597560617,1.22550089406604
equity_sentiment_21d_coverage_tilt,equity,exploratory_sentiment_21d_coverage_tilt,2022-05-06,2022-04-29,-0.002959066946682183,1.2218745548772796
equity_sentiment_21d_coverage_tilt,equity,exploratory_sentiment_21d_coverage_tilt,2022-05-09,2022-04-29,-0.03598499330991506,1.1779054071944652
equity_sentiment_21d_coverage_tilt,equity,exploratory_sentiment_21d_coverage_tilt,2022-05-10,2022-04-29,-0.00402542176851737,1.1731638411270904
equity_sentiment_21d_coverage_tilt,equity,exploratory_sentiment_21d_coverage_tilt,2022-05-11,2022-04-29,-0.0031285103227954745,1.169493585939794
equity_sentiment_21d_coverage_tilt,equity,exploratory_sentiment_21d_coverage_tilt,2022-05-12,2022-04-29,0.0020994770028122493,1.171948910828411
equity_sentiment_21d_coverage_tilt,equity,exploratory_sentiment_21d_coverage_tilt,2022-05-13,2022-04-29,0.02247234151530819,1.1982853469910404
equity_sentiment_21d_coverage_tilt,equity,exploratory_sentiment_21d_coverage_tilt,2022-05-16,2022-04-29,0.0018900435693503998,1.2005501585053675
equity_sentiment_21d_coverage_tilt,equity,exploratory_sentiment_21d_coverage_tilt,2022-05-17,2022-04-29,0.019324233836308678,1.2237498705005427
equity_sentiment_21d_coverage_tilt,equity,exploratory_sentiment_21d_coverage_tilt,2022-05-18,2022-04-29,-0.02810120214871227,1.1893610280101465
equity_sentiment_21d_coverage_tilt,equity,exploratory_sentiment_21d_coverage_tilt,2022-05-19,2022-04-29,-0.0016985070279689374,1.1873408899452789
equity_sentiment_21d_coverage_tilt,equity,exploratory_sentiment_21d_coverage_tilt,2022-05-20,2022-04-29,0.0006992700098331102,1.1881711618210662
equity_sentiment_21d_coverage_tilt,equity,exploratory_sentiment_21d_coverage_tilt,2022-05-23,2022-04-29,0.01937381921171742,1.2111905751027638
equity_sentiment_21d_coverage_tilt,equity,exploratory_sentiment_21d_coverage_tilt,2022-05-24,2022-04-29,0.00043325125543156886,1.211715324939994
equity_sentiment_21d_coverage_tilt,equity,exploratory_sentiment_21d_coverage_tilt,2022-05-25,2022-04-29,0.009274368013442943,1.222953218791016
equity_sentiment_21d_coverage_tilt,equity,exploratory_sentiment_21d_coverage_tilt,2022-05-26,2022-04-29,0.015312421467145908,1.2416795939117466
equity_sentiment_21d_coverage_tilt,equity,exploratory_sentiment_21d_coverage_tilt,2022-05-27,2022-04-29,0.01965870930413015,1.2660894120973278
equity_sentiment_21d_coverage_tilt,equity,exploratory_sentiment_21d_coverage_tilt,2022-05-31,2022-04-29,-0.00825666054913091,1.2556357415967916
equity_sentiment_21d_coverage_tilt,equity,exploratory_sentiment_21d_coverage_tilt,2022-06-01,2022-05-31,-0.004873901151797868,1.2495158971095843
equity_sentiment_21d_coverage_tilt,equity,exploratory_sentiment_21d_coverage_tilt,2022-06-02,2022-05-31,0.014735959265075389,1.2679287124704552
equity_sentiment_21d_coverage_tilt,equity,exploratory_sentiment_21d_coverage_tilt,2022-06-03,2022-05-31,-0.007954556040653357,1.2578429024715556
equity_sentiment_21d_coverage_tilt,equity,exploratory_sentiment_21d_coverage_tilt,2022-06-06,2022-05-31,-0.0002685949307184291,1.2575050522443116
equity_sentiment_21d_coverage_tilt,equity,exploratory_sentiment_21d_coverage_tilt,2022-06-07,2022-05-31,0.010585187359415778,1.2708159788277296
equity_sentiment_21d_coverage_tilt,equity,exploratory_sentiment_21d_coverage_tilt,2022-06-08,2022-05-31,-0.012926133728679191,1.25438924154086
equity_sentiment_21d_coverage_tilt,equity,exploratory_sentiment_21d_coverage_tilt,2022-06-09,2022-05-31,-0.023943469841913905,1.2243548105660051
equity_sentiment_21d_coverage_tilt,equity,exploratory_sentiment_21d_coverage_tilt,2022-06-10,2022-05-31,-0.02626713297286856,1.1921945199508965
equity_sentiment_21d_coverage_tilt,equity,exploratory_sentiment_21d_coverage_tilt,2022-06-13,2022-05-31,-0.04089888559391887,1.1434350926737278
equity_sentiment_21d_coverage_tilt,equity,exploratory_sentiment_21d_coverage_tilt,2022-06-14,2022-05-31,-0.006020508220723547,1.1365510322984218
equity_sentiment_21d_coverage_tilt,equity,exploratory_sentiment_21d_coverage_tilt,2022-06-15,2022-05-31,0.010515801675331955,1.1485027775479657
equity_sentiment_21d_coverage_tilt,equity,exploratory_sentiment_21d_coverage_tilt,2022-06-16,2022-05-31,-0.02968286497648189,1.114411924676895
equity_sentiment_21d_coverage_tilt,equity,exploratory_sentiment_21d_coverage_tilt,2022-06-17,2022-05-31,-0.004941371473218811,1.1089052013828817
equity_sentiment_21d_coverage_tilt,equity,exploratory_sentiment_21d_coverage_tilt,2022-06-21,2022-05-31,0.021383766321458778,1.1326177710819036
equity_sentiment_21d_coverage_tilt,equity,exploratory_sentiment_21d_coverage_tilt,2022-06-22,2022-05-31,-0.004551577560949219,1.1274625734499149
equity_sentiment_21d_coverage_tilt,equity,exploratory_sentiment_21d_coverage_tilt,2022-06-23,2022-05-31,0.0011410701077281228,1.1287490872900607
equity_sentiment_21d_coverage_tilt,equity,exploratory_sentiment_21d_coverage_tilt,2022-06-24,2022-05-31,0.029253220707624223,1.1617686334640862
equity_sentiment_21d_coverage_tilt,equity,exploratory_sentiment_21d_coverage_tilt,2022-06-27,2022-05-31,-0.0028214427498445905,1.1584907697762021
equity_sentiment_21d_coverage_tilt,equity,exploratory_sentiment_21d_coverage_tilt,2022-06-28,2022-05-31,-0.008650518416053823,1.1484692240374248
equity_sentiment_21d_coverage_tilt,equity,exploratory_sentiment_21d_coverage_tilt,2022-06-29,2022-05-31,-0.005996791803331612,1.1415820932083387
equity_sentiment_21d_coverage_tilt,equity,exploratory_sentiment_21d_coverage_tilt,2022-06-30,2022-05-31,-0.007805855565804038,1.132671068272246
equity_sentiment_21d_coverage_tilt,equity,exploratory_sentiment_21d_coverage_tilt,2022-07-01,2022-06-30,0.010660222124076277,1.144745593453543
equity_sentiment_21d_coverage_tilt,equity,exploratory_sentiment_21d_coverage_tilt,2022-07-05,2022-06-30,-0.007007866013172877,1.1367233697154506
equity_sentiment_21d_coverage_tilt,equity,exploratory_sentiment_21d_coverage_tilt,2022-07-06,2022-06-30,-0.0001694504545070938,1.1365307514238034
equity_sentiment_21d_coverage_tilt,equity,exploratory_sentiment_21d_coverage_tilt,2022-07-07,2022-06-30,0.014423961615845131,1.1529240273575678
equity_sentiment_21d_coverage_tilt,equity,exploratory_sentiment_21d_coverage_tilt,2022-07-08,2022-06-30,-0.003334407537962963,1.1490797087900482
equity_sentiment_21d_coverage_tilt,equity,exploratory_sentiment_21d_coverage_tilt,2022-07-11,2022-06-30,-0.007522230756099136,1.1404360660633783
equity_sentiment_21d_coverage_tilt,equity,exploratory_sentiment_21d_coverage_tilt,2022-07-12,2022-06-30,-0.003986404569410969,1.1358898265185022
equity_sentiment_21d_coverage_tilt,equity,exploratory_sentiment_21d_coverage_tilt,2022-07-13,2022-06-30,-0.003750773974572996,1.1316293605192145
equity_sentiment_21d_coverage_tilt,equity,exploratory_sentiment_21d_coverage_tilt,2022-07-14,2022-06-30,-0.004324408121420916,1.1267357333221468
equity_sentiment_21d_coverage_tilt,equity,exploratory_sentiment_21d_coverage_tilt,2022-07-15,2022-06-30,0.018390956544276433,1.1474574812305578
equity_sentiment_21d_coverage_tilt,equity,exploratory_sentiment_21d_coverage_tilt,2022-07-18,2022-06-30,-0.0031092325533359803,1.1438897690763468
equity_sentiment_21d_coverage_tilt,equity,exploratory_sentiment_21d_coverage_tilt,2022-07-19,2022-06-30,0.027457127870099955,1.1752976967351751
equity_sentiment_21d_coverage_tilt,equity,exploratory_sentiment_21d_coverage_tilt,2022-07-20,2022-06-30,0.002621670435022976,1.1783789399590565
equity_sentiment_21d_coverage_tilt,equity,exploratory_sentiment_21d_coverage_tilt,2022-07-21,2022-06-30,0.005201521509832976,1.1845083033619876
equity_sentiment_21d_coverage_tilt,equity,exploratory_sentiment_21d_coverage_tilt,2022-07-22,2022-06-30,-0.004785585924811345,1.1788397370975963
equity_sentiment_21d_coverage_tilt,equity,exploratory_sentiment_21d_coverage_tilt,2022-07-25,2022-06-30,0.004002275029965522,1.183557777941713
equity_sentiment_21d_coverage_tilt,equity,exploratory_sentiment_21d_coverage_tilt,2022-07-26,2022-06-30,-0.004528082032723753,1.1781985312327248
equity_sentiment_21d_coverage_tilt,equity,exploratory_sentiment_21d_coverage_tilt,2022-07-27,2022-06-30,0.01145178185196116,1.191691003790703
equity_sentiment_21d_coverage_tilt,equity,exploratory_sentiment_21d_coverage_tilt,2022-07-28,2022-06-30,0.01058210018060435,1.2043015973771412
equity_sentiment_21d_coverage_tilt,equity,exploratory_sentiment_21d_coverage_tilt,2022-07-29,2022-06-30,0.010245752206308297,1.2166405731255285
equity_sentiment_21d_coverage_tilt,equity,exploratory_sentiment_21d_coverage_tilt,2022-08-01,2022-07-29,-0.0017521023301330903,1.2145088943424207
equity_sentiment_21d_coverage_tilt,equity,exploratory_sentiment_21d_coverage_tilt,2022-08-02,2022-07-29,-0.009645895713839982,1.2027938682040626
equity_sentiment_21d_coverage_tilt,equity,exploratory_sentiment_21d_coverage_tilt,2022-08-03,2022-07-29,0.005288152566530223,1.209154425685213
equity_sentiment_21d_coverage_tilt,equity,exploratory_sentiment_21d_coverage_tilt,2022-08-04,2022-07-29,-0.0021677552915794584,1.206533274780597
equity_sentiment_21d_coverage_tilt,equity,exploratory_sentiment_21d_coverage_tilt,2022-08-05,2022-07-29,0.0020203030202880536,1.2089708375997144
equity_sentiment_21d_coverage_tilt,equity,exploratory_sentiment_21d_coverage_tilt,2022-08-08,2022-07-29,-2.39223404367773e-05,1.208941916187759
equity_sentiment_21d_coverage_tilt,equity,exploratory_sentiment_21d_coverage_tilt,2022-08-09,2022-07-29,-0.0004200287592139693,1.2084341258147409
equity_sentiment_21d_coverage_tilt,equity,exploratory_sentiment_21d_coverage_tilt,2022-08-10,2022-07-29,0.01657720385909346,1.228466584668657
equity_sentiment_21d_coverage_tilt,equity,exploratory_sentiment_21d_coverage_tilt,2022-08-11,2022-07-29,0.006582753201060849,1.236553277011281
equity_sentiment_21d_coverage_tilt,equity,exploratory_sentiment_21d_coverage_tilt,2022-08-12,2022-07-29,0.014815097515858947,1.2548729343937581
equity_sentiment_21d_coverage_tilt,equity,exploratory_sentiment_21d_coverage_tilt,2022-08-15,2022-07-29,0.0036905888527305614,1.259504154457025
equity_sentiment_21d_coverage_tilt,equity,exploratory_sentiment_21d_coverage_tilt,2022-08-16,2022-07-29,0.002492179873907233,1.2626430653618652
equity_sentiment_21d_coverage_tilt,equity,exploratory_sentiment_21d_coverage_tilt,2022-08-17,2022-07-29,-0.007946287294659701,1.25260974081389
equity_sentiment_21d_coverage_tilt,equity,exploratory_sentiment_21d_coverage_tilt,2022-08-18,2022-07-29,0.004695848510989751,1.2584918064001422
equity_sentiment_21d_coverage_tilt,equity,exploratory_sentiment_21d_coverage_tilt,2022-08-19,2022-07-29,-0.008345112571587928,1.247989550605312
equity_sentiment_21d_coverage_tilt,equity,exploratory_sentiment_21d_coverage_tilt,2022-08-22,2022-07-29,-0.019231912018764147,1.2239883253677337
equity_sentiment_21d_coverage_tilt,equity,exploratory_sentiment_21d_coverage_tilt,2022-08-23,2022-07-29,0.003040912443414788,1.227710366696939
equity_sentiment_21d_coverage_tilt,equity,exploratory_sentiment_21d_coverage_tilt,2022-08-24,2022-07-29,0.0025748681265038943,1.2308715589887251
equity_sentiment_21d_coverage_tilt,equity,exploratory_sentiment_21d_coverage_tilt,2022-08-25,2022-07-29,0.013838005568040023,1.2479043664755531
equity_sentiment_21d_coverage_tilt,equity,exploratory_sentiment_21d_coverage_tilt,2022-08-26,2022-07-29,-0.027683777701551865,1.213357659401248
equity_sentiment_21d_coverage_tilt,equity,exploratory_sentiment_21d_coverage_tilt,2022-08-29,2022-07-29,-0.0033661851040891573,1.209273272922239
equity_sentiment_21d_coverage_tilt,equity,exploratory_sentiment_21d_coverage_tilt,2022-08-30,2022-07-29,-0.01404478914590036,1.1922892847842734
equity_sentiment_21d_coverage_tilt,equity,exploratory_sentiment_21d_coverage_tilt,2022-08-31,2022-07-29,-0.007565139258813424,1.1832694503080894
equity_sentiment_21d_coverage_tilt,equity,exploratory_sentiment_21d_coverage_tilt,2022-09-01,2022-08-31,-0.0009951473813330548,1.1820919228132039
equity_sentiment_21d_coverage_tilt,equity,exploratory_sentiment_21d_coverage_tilt,2022-09-02,2022-08-31,-0.009104247554990886,1.1713298653151574
equity_sentiment_21d_coverage_tilt,equity,exploratory_sentiment_21d_coverage_tilt,2022-09-06,2022-08-31,-0.003846398413017415,1.1668244639800893
equity_sentiment_21d_coverage_tilt,equity,exploratory_sentiment_21d_coverage_tilt,2022-09-07,2022-08-31,0.015594243126480355,1.18502020835732
equity_sentiment_21d_coverage_tilt,equity,exploratory_sentiment_21d_coverage_tilt,2022-09-08,2022-08-31,0.006156316202426755,1.1923155674662334
equity_sentiment_21d_coverage_tilt,equity,exploratory_sentiment_21d_coverage_tilt,2022-09-09,2022-08-31,0.014535239860170242,1.20964616022837
equity_sentiment_21d_coverage_tilt,equity,exploratory_sentiment_21d_coverage_tilt,2022-09-12,2022-08-31,0.008532387996617834,1.2199673306060574
equity_sentiment_21d_coverage_tilt,equity,exploratory_sentiment_21d_coverage_tilt,2022-09-13,2022-08-31,-0.03995004514034016,1.171229580678605
equity_sentiment_21d_coverage_tilt,equity,exploratory_sentiment_21d_coverage_tilt,2022-09-14,2022-08-31,0.0031981407148123607,1.1749753376869658
equity_sentiment_21d_coverage_tilt,equity,exploratory_sentiment_21d_coverage_tilt,2022-09-15,2022-08-31,-0.016699113484714916,1.15535429118119
equity_sentiment_21d_coverage_tilt,equity,exploratory_sentiment_21d_coverage_tilt,2022-09-16,2022-08-31,-0.007291639972027496,1.1469298636497598
equity_sentiment_21d_coverage_tilt,equity,exploratory_sentiment_21d_coverage_tilt,2022-09-19,2022-08-31,0.006125873711403638,1.1539558111503156
equity_sentiment_21d_coverage_tilt,equity,exploratory_sentiment_21d_coverage_tilt,2022-09-20,2022-08-31,-0.015480763363909975,1.1360916943054888
equity_sentiment_21d_coverage_tilt,equity,exploratory_sentiment_21d_coverage_tilt,2022-09-21,2022-08-31,-0.01675670080552855,1.1170545456963656
equity_sentiment_21d_coverage_tilt,equity,exploratory_sentiment_21d_coverage_tilt,2022-09-22,2022-08-31,-0.009167841617872232,1.106813566542897
equity_sentiment_21d_coverage_tilt,equity,exploratory_sentiment_21d_coverage_tilt,2022-09-23,2022-08-31,-0.022724767457073303,1.0816614856248759
equity_sentiment_21d_coverage_tilt,equity,exploratory_sentiment_21d_coverage_tilt,2022-09-26,2022-08-31,-0.01643011617832807,1.0638896617504363
equity_sentiment_21d_coverage_tilt,equity,exploratory_sentiment_21d_coverage_tilt,2022-09-27,2022-08-31,-0.003715560081955796,1.0599367157916308
equity_sentiment_21d_coverage_tilt,equity,exploratory_sentiment_21d_coverage_tilt,2022-09-28,2022-08-31,0.021328989672906678,1.0825440950566851
equity_sentiment_21d_coverage_tilt,equity,exploratory_sentiment_21d_coverage_tilt,2022-09-29,2022-08-31,-0.019824822706129914,1.0610828503006184
equity_sentiment_21d_coverage_tilt,equity,exploratory_sentiment_21d_coverage_tilt,2022-09-30,2022-08-31,-0.014416515252841823,1.0457857332047307
equity_sentiment_21d_coverage_tilt,equity,exploratory_sentiment_21d_coverage_tilt,2022-10-03,2022-09-30,0.032296240906609985,1.0795606811810063
equity_sentiment_21d_coverage_tilt,equity,exploratory_sentiment_21d_coverage_tilt,2022-10-04,2022-09-30,0.02937138819211542,1.1112688770249182
equity_sentiment_21d_coverage_tilt,equity,exploratory_sentiment_21d_coverage_tilt,2022-10-05,2022-09-30,-0.0032167651622839674,1.107694186015374
equity_sentiment_21d_coverage_tilt,equity,exploratory_sentiment_21d_coverage_tilt,2022-10-06,2022-09-30,-0.011439920523153475,1.0950222525633988
equity_sentiment_21d_coverage_tilt,equity,exploratory_sentiment_21d_coverage_tilt,2022-10-07,2022-09-30,-0.022540812638381865,1.0703395611335085
equity_sentiment_21d_coverage_tilt,equity,exploratory_sentiment_21d_coverage_tilt,2022-10-10,2022-09-30,-0.0058354804612800945,1.0640936155375786
equity_sentiment_21d_coverage_tilt,equity,exploratory_sentiment_21d_coverage_tilt,2022-10-11,2022-09-30,-0.0033654529693272206,1.0605124585195256
equity_sentiment_21d_coverage_tilt,equity,exploratory_sentiment_21d_coverage_tilt,2022-10-12,2022-09-30,-0.005769564869868541,1.0543937630947933
equity_sentiment_21d_coverage_tilt,equity,exploratory_sentiment_21d_coverage_tilt,2022-10-13,2022-09-30,0.029672626406445392,1.085680395312391
equity_sentiment_21d_coverage_tilt,equity,exploratory_sentiment_21d_coverage_tilt,2022-10-14,2022-09-30,-0.018585201934574153,1.065502805929102
equity_sentiment_21d_coverage_tilt,equity,exploratory_sentiment_21d_coverage_tilt,2022-10-17,2022-09-30,0.02006282481732302,1.086879802066824
equity_sentiment_21d_coverage_tilt,equity,exploratory_sentiment_21d_coverage_tilt,2022-10-18,2022-09-30,0.012196602312969162,1.1001360427746316
equity_sentiment_21d_coverage_tilt,equity,exploratory_sentiment_21d_coverage_tilt,2022-10-19,2022-09-30,-0.007342542690029041,1.0920582469157192
equity_sentiment_21d_coverage_tilt,equity,exploratory_sentiment_21d_coverage_tilt,2022-10-20,2022-09-30,-0.0043484551621189565,1.087309480594584
equity_sentiment_21d_coverage_tilt,equity,exploratory_sentiment_21d_coverage_tilt,2022-10-21,2022-09-30,0.023599382554435472,1.1129693129822
equity_sentiment_21d_coverage_tilt,equity,exploratory_sentiment_21d_coverage_tilt,2022-10-24,2022-09-30,0.007689923830663801,1.1215279622248995
equity_sentiment_21d_coverage_tilt,equity,exploratory_sentiment_21d_coverage_tilt,2022-10-25,2022-09-30,0.016802579066868772,1.1403725244858878
equity_sentiment_21d_coverage_tilt,equity,exploratory_sentiment_21d_coverage_tilt,2022-10-26,2022-09-30,0.005283820311479804,1.1463980479934197
equity_sentiment_21d_coverage_tilt,equity,exploratory_sentiment_21d_coverage_tilt,2022-10-27,2022-09-30,0.00010675540795854026,1.1465204321847162
equity_sentiment_21d_coverage_tilt,equity,exploratory_sentiment_21d_coverage_tilt,2022-10-28,2022-09-30,0.023521192301539692,1.1734879597477774
equity_sentiment_21d_coverage_tilt,equity,exploratory_sentiment_21d_coverage_tilt,2022-10-31,2022-09-30,-0.007003377267153903,1.165269580847201
equity_sentiment_21d_coverage_tilt,equity,exploratory_sentiment_21d_coverage_tilt,2022-11-01,2022-10-31,0.0024244214783369824,1.1680946854470595
equity_sentiment_21d_coverage_tilt,equity,exploratory_sentiment_21d_coverage_tilt,2022-11-02,2022-10-31,-0.016902177582318025,1.1483513416406714
equity_sentiment_21d_coverage_tilt,equity,exploratory_sentiment_21d_coverage_tilt,2022-11-03,2022-10-31,-0.0017158624513288483,1.1463809286926172
equity_sentiment_21d_coverage_tilt,equity,exploratory_sentiment_21d_coverage_tilt,2022-11-04,2022-10-31,0.018304023042983265,1.1673643116274433
equity_sentiment_21d_coverage_tilt,equity,exploratory_sentiment_21d_coverage_tilt,2022-11-07,2022-10-31,0.00762621134075868,1.1762668785795733
equity_sentiment_21d_coverage_tilt,equity,exploratory_sentiment_21d_coverage_tilt,2022-11-08,2022-10-31,0.006314997605498625,1.1836950011012306
equity_sentiment_21d_coverage_tilt,equity,exploratory_sentiment_21d_coverage_tilt,2022-11-09,2022-10-31,-0.021479623795956214,1.158269677788422
equity_sentiment_21d_coverage_tilt,equity,exploratory_sentiment_21d_coverage_tilt,2022-11-10,2022-10-31,0.048578331002729236,1.2145364855864527
equity_sentiment_21d_coverage_tilt,equity,exploratory_sentiment_21d_coverage_tilt,2022-11-11,2022-10-31,0.011924154718062518,1.2290188065513172
equity_sentiment_21d_coverage_tilt,equity,exploratory_sentiment_21d_coverage_tilt,2022-11-14,2022-10-31,-0.009170613290232138,1.2177479503500124
equity_sentiment_21d_coverage_tilt,equity,exploratory_sentiment_21d_coverage_tilt,2022-11-15,2022-10-31,0.00948923209811731,1.2293034432878902
equity_sentiment_21d_coverage_tilt,equity,exploratory_sentiment_21d_coverage_tilt,2022-11-16,2022-10-31,-0.010204282760936531,1.2167592833535876
equity_sentiment_21d_coverage_tilt,equity,exploratory_sentiment_21d_coverage_tilt,2022-11-17,2022-10-31,-0.0024349398329969315,1.213796547707381
equity_sentiment_21d_coverage_tilt,equity,exploratory_sentiment_21d_coverage_tilt,2022-11-18,2022-10-31,0.005087646194667728,1.2199719150944253
equity_sentiment_21d_coverage_tilt,equity,exploratory_sentiment_21d_coverage_tilt,2022-11-21,2022-10-31,0.0009839520717673388,1.2211723089877804
equity_sentiment_21d_coverage_tilt,equity,exploratory_sentiment_21d_coverage_tilt,2022-11-22,2022-10-31,0.014537544352516453,1.238925155591755
equity_sentiment_21d_coverage_tilt,equity,exploratory_sentiment_21d_coverage_tilt,2022-11-23,2022-10-31,0.0030235983509184178,1.2426711676491136
equity_sentiment_21d_coverage_tilt,equity,exploratory_sentiment_21d_coverage_tilt,2022-11-25,2022-10-31,0.0009353632300919653,1.2438335165664278
equity_sentiment_21d_coverage_tilt,equity,exploratory_sentiment_21d_coverage_tilt,2022-11-28,2022-10-31,-0.018690728310474497,1.2205853622448226
equity_sentiment_21d_coverage_tilt,equity,exploratory_sentiment_21d_coverage_tilt,2022-11-29,2022-10-31,0.004653202629759041,1.2262649932622656
equity_sentiment_21d_coverage_tilt,equity,exploratory_sentiment_21d_coverage_tilt,2022-11-30,2022-10-31,0.02287771863765612,1.254319138753327
equity_sentiment_21d_coverage_tilt,equity,exploratory_sentiment_21d_coverage_tilt,2022-12-01,2022-11-30,-0.0003105908128739933,1.2539295587524182
equity_sentiment_21d_coverage_tilt,equity,exploratory_sentiment_21d_coverage_tilt,2022-12-02,2022-11-30,0.0015839753167968338,1.255915752222484
equity_sentiment_21d_coverage_tilt,equity,exploratory_sentiment_21d_coverage_tilt,2022-12-05,2022-11-30,-0.017384568205950707,1.2340821991670443
equity_sentiment_21d_coverage_tilt,equity,exploratory_sentiment_21d_coverage_tilt,2022-12-06,2022-11-30,-0.012352531870397157,1.2188381594711435
equity_sentiment_21d_coverage_tilt,equity,exploratory_sentiment_21d_coverage_tilt,2022-12-07,2022-11-30,-0.0011787805428769,1.217401416763843
equity_sentiment_21d_coverage_tilt,equity,exploratory_sentiment_21d_coverage_tilt,2022-12-08,2022-11-30,0.006843184833106244,1.2257323196748433
equity_sentiment_21d_coverage_tilt,equity,exploratory_sentiment_21d_coverage_tilt,2022-12-09,2022-11-30,-0.010134320171310022,1.213310355902936
equity_sentiment_21d_coverage_tilt,equity,exploratory_sentiment_21d_coverage_tilt,2022-12-12,2022-11-30,0.016545584356288584,1.2333852847468862
equity_sentiment_21d_coverage_tilt,equity,exploratory_sentiment_21d_coverage_tilt,2022-12-13,2022-11-30,0.0087730297366385,1.2442058105267029
equity_sentiment_21d_coverage_tilt,equity,exploratory_sentiment_21d_coverage_tilt,2022-12-14,2022-11-30,-0.008793146691874988,1.2332653263198583
equity_sentiment_21d_coverage_tilt,equity,exploratory_sentiment_21d_coverage_tilt,2022-12-15,2022-11-30,-0.021342610619886848,1.206944224669206
equity_sentiment_21d_coverage_tilt,equity,exploratory_sentiment_21d_coverage_tilt,2022-12-16,2022-11-30,-0.009592817598533431,1.1953662288703508
equity_sentiment_21d_coverage_tilt,equity,exploratory_sentiment_21d_coverage_tilt,2022-12-19,2022-11-30,-0.006675251879602483,1.1873868582042706
equity_sentiment_21d_coverage_tilt,equity,exploratory_sentiment_21d_coverage_tilt,2022-12-20,2022-11-30,0.003226346678170784,1.1912177798499415
equity_sentiment_21d_coverage_tilt,equity,exploratory_sentiment_21d_coverage_tilt,2022-12-21,2022-11-30,0.017794709997992077,1.2124151547868232
equity_sentiment_21d_coverage_tilt,equity,exploratory_sentiment_21d_coverage_tilt,2022-12-22,2022-11-30,-0.011361883710073212,1.1986398347898048
equity_sentiment_21d_coverage_tilt,equity,exploratory_sentiment_21d_coverage_tilt,2022-12-23,2022-11-30,0.007906509655929705,1.2081168922175523
equity_sentiment_21d_coverage_tilt,equity,exploratory_sentiment_21d_coverage_tilt,2022-12-27,2022-11-30,0.0004798797905404479,1.208696643098738
equity_sentiment_21d_coverage_tilt,equity,exploratory_sentiment_21d_coverage_tilt,2022-12-28,2022-11-30,-0.012828033395492234,1.1931914421960481
equity_sentiment_21d_coverage_tilt,equity,exploratory_sentiment_21d_coverage_tilt,2022-12-29,2022-11-30,0.013496904414771822,1.209295833039892
equity_sentiment_21d_coverage_tilt,equity,exploratory_sentiment_21d_coverage_tilt,2022-12-30,2022-11-30,-0.0018488080774004129,1.207060077135801
equity_sentiment_21d_coverage_tilt,equity,exploratory_sentiment_21d_coverage_tilt,2023-01-03,2022-12-30,0.002117495447146783,1.2096160213535687
equity_sentiment_21d_coverage_tilt,equity,exploratory_sentiment_21d_coverage_tilt,2023-01-04,2022-12-30,0.018213656610205808,1.231647552196706
equity_sentiment_21d_coverage_tilt,equity,exploratory_sentiment_21d_coverage_tilt,2023-01-05,2022-12-30,-0.006714384357078994,1.223377797138802
equity_sentiment_21d_coverage_tilt,equity,exploratory_sentiment_21d_coverage_tilt,2023-01-06,2022-12-30,0.02325871576955536,1.2518319936012383
equity_sentiment_21d_coverage_tilt,equity,exploratory_sentiment_21d_coverage_tilt,2023-01-09,2022-12-30,1.641981410991752e-05,1.2518525484498702
equity_sentiment_21d_coverage_tilt,equity,exploratory_sentiment_21d_coverage_tilt,2023-01-10,2022-12-30,0.0074200029094874075,1.2611412980016172
equity_sentiment_21d_coverage_tilt,equity,exploratory_sentiment_21d_coverage_tilt,2023-01-11,2022-12-30,0.01013465694729203,1.273922532418926
equity_sentiment_21d_coverage_tilt,equity,exploratory_sentiment_21d_coverage_tilt,2023-01-12,2022-12-30,0.007110410497715388,1.2829806445667138
equity_sentiment_21d_coverage_tilt,equity,exploratory_sentiment_21d_coverage_tilt,2023-01-13,2022-12-30,0.00325348807731558,1.2871548067972383
equity_sentiment_21d_coverage_tilt,equity,exploratory_sentiment_21d_coverage_tilt,2023-01-17,2022-12-30,-0.004055987226975004,1.2819341233417292
equity_sentiment_21d_coverage_tilt,equity,exploratory_sentiment_21d_coverage_tilt,2023-01-18,2022-12-30,-0.016145299510546447,1.261236912967587
equity_sentiment_21d_coverage_tilt,equity,exploratory_sentiment_21d_coverage_tilt,2023-01-19,2022-12-30,-0.007289392100642492,1.2520432625771625
equity_sentiment_21d_coverage_tilt,equity,exploratory_sentiment_21d_coverage_tilt,2023-01-20,2022-12-30,0.014829151052888222,1.2706100012426702
equity_sentiment_21d_coverage_tilt,equity,exploratory_sentiment_21d_coverage_tilt,2023-01-23,2022-12-30,0.010568966661969773,1.2840390359861693
equity_sentiment_21d_coverage_tilt,equity,exploratory_sentiment_21d_coverage_tilt,2023-01-24,2022-12-30,-0.0027518210771649704,1.28050559030304
equity_sentiment_21d_coverage_tilt,equity,exploratory_sentiment_21d_coverage_tilt,2023-01-25,2022-12-30,0.0015058797641874055,1.2824338777594062
equity_sentiment_21d_coverage_tilt,equity,exploratory_sentiment_21d_coverage_tilt,2023-01-26,2022-12-30,0.008843103923432807,1.2937745738153636
equity_sentiment_21d_coverage_tilt,equity,exploratory_sentiment_21d_coverage_tilt,2023-01-27,2022-12-30,-0.001170997075040335,1.2922595675736643
equity_sentiment_21d_coverage_tilt,equity,exploratory_sentiment_21d_coverage_tilt,2023-01-30,2022-12-30,-0.010313252320347951,1.2789321685898933
equity_sentiment_21d_coverage_tilt,equity,exploratory_sentiment_21d_coverage_tilt,2023-01-31,2022-12-30,0.011820614249999882,1.2940499324067103
equity_sentiment_21d_coverage_tilt,equity,exploratory_sentiment_21d_coverage_tilt,2023-02-01,2023-01-31,0.005945171103374666,1.3017432806711786
equity_sentiment_21d_coverage_tilt,equity,exploratory_sentiment_21d_coverage_tilt,2023-02-02,2023-01-31,-0.00037106676733134866,1.3012602470001247
equity_sentiment_21d_coverage_tilt,equity,exploratory_sentiment_21d_coverage_tilt,2023-02-03,2023-01-31,-0.012788495455837294,1.284619086244502
equity_sentiment_21d_coverage_tilt,equity,exploratory_sentiment_21d_coverage_tilt,2023-02-06,2023-01-31,-0.004728234338775813,1.278545106168674
equity_sentiment_21d_coverage_tilt,equity,exploratory_sentiment_21d_coverage_tilt,2023-02-07,2023-01-31,0.011289535439830878,1.2929792864561873
equity_sentiment_21d_coverage_tilt,equity,exploratory_sentiment_21d_coverage_tilt,2023-02-08,2023-01-31,-0.009483135338445976,1.280717788892916
equity_sentiment_21d_coverage_tilt,equity,exploratory_sentiment_21d_coverage_tilt,2023-02-09,2023-01-31,-0.009581300680565829,1.2684468466705836
equity_sentiment_21d_coverage_tilt,equity,exploratory_sentiment_21d_coverage_tilt,2023-02-10,2023-01-31,0.007934479504539241,1.2785113121780889
equity_sentiment_21d_coverage_tilt,equity,exploratory_sentiment_21d_coverage_tilt,2023-02-13,2023-01-31,0.008644726063629617,1.28956369224112
equity_sentiment_21d_coverage_tilt,equity,exploratory_sentiment_21d_coverage_tilt,2023-02-14,2023-01-31,-0.000668409603404977,1.2887017354850236
equity_sentiment_21d_coverage_tilt,equity,exploratory_sentiment_21d_coverage_tilt,2023-02-15,2023-01-31,0.00013180088814661355,1.2888715875183165
equity_sentiment_21d_coverage_tilt,equity,exploratory_sentiment_21d_coverage_tilt,2023-02-16,2023-01-31,-0.01387094510971407,1.27099372047438
equity_sentiment_21d_coverage_tilt,equity,exploratory_sentiment_21d_coverage_tilt,2023-02-17,2023-01-31,-0.0030753976746907092,1.2670849093418866
equity_sentiment_21d_coverage_tilt,equity,exploratory_sentiment_21d_coverage_tilt,2023-02-21,2023-01-31,-0.017216484829386876,1.2452701612226569
equity_sentiment_21d_coverage_tilt,equity,exploratory_sentiment_21d_coverage_tilt,2023-02-22,2023-01-31,-0.005630044738163555,1.2382592345038732
equity_sentiment_21d_coverage_tilt,equity,exploratory_sentiment_21d_coverage_tilt,2023-02-23,2023-01-31,0.005315153885708476,1.244840772885661
equity_sentiment_21d_coverage_tilt,equity,exploratory_sentiment_21d_coverage_tilt,2023-02-24,2023-01-31,-0.009284928860882809,1.2332825148662911
equity_sentiment_21d_coverage_tilt,equity,exploratory_sentiment_21d_coverage_tilt,2023-02-27,2023-01-31,0.0018400237214054407,1.2355517839488395
equity_sentiment_21d_coverage_tilt,equity,exploratory_sentiment_21d_coverage_tilt,2023-02-28,2023-01-31,-0.004318351775136657,1.2302162367093508
equity_sentiment_21d_coverage_tilt,equity,exploratory_sentiment_21d_coverage_tilt,2023-03-01,2023-02-28,-0.0011113731490560222,1.2288490074163392
equity_sentiment_21d_coverage_tilt,equity,exploratory_sentiment_21d_coverage_tilt,2023-03-02,2023-02-28,0.012002733669601699,1.2435985547725121
equity_sentiment_21d_coverage_tilt,equity,exploratory_sentiment_21d_coverage_tilt,2023-03-03,2023-02-28,0.013029358287494144,1.259801845908453
equity_sentiment_21d_coverage_tilt,equity,exploratory_sentiment_21d_coverage_tilt,2023-03-06,2023-02-28,-0.0017705605885119688,1.2575712904107528
equity_sentiment_21d_coverage_tilt,equity,exploratory_sentiment_21d_coverage_tilt,2023-03-07,2023-02-28,-0.017125336425843615,1.2360349589829864
equity_sentiment_21d_coverage_tilt,equity,exploratory_sentiment_21d_coverage_tilt,2023-03-08,2023-02-28,0.0031928269910787444,1.2399814047619444
equity_sentiment_21d_coverage_tilt,equity,exploratory_sentiment_21d_coverage_tilt,2023-03-09,2023-02-28,-0.017174146426207043,1.2186857825507889
equity_sentiment_21d_coverage_tilt,equity,exploratory_sentiment_21d_coverage_tilt,2023-03-10,2023-02-28,-0.013076317029278622,1.2027498608990803
equity_sentiment_21d_coverage_tilt,equity,exploratory_sentiment_21d_coverage_tilt,2023-03-13,2023-02-28,-0.00316692594661932,1.1989408411573064
equity_sentiment_21d_coverage_tilt,equity,exploratory_sentiment_21d_coverage_tilt,2023-03-14,2023-02-28,0.014418547339167297,1.216227826432394
equity_sentiment_21d_coverage_tilt,equity,exploratory_sentiment_21d_coverage_tilt,2023-03-15,2023-02-28,-0.009428320423044034,1.204760840777367
equity_sentiment_21d_coverage_tilt,equity,exploratory_sentiment_21d_coverage_tilt,2023-03-16,2023-02-28,0.014054680050173202,1.2216933689314706
equity_sentiment_21d_coverage_tilt,equity,exploratory_sentiment_21d_coverage_tilt,2023-03-17,2023-02-28,-0.012248597060576578,1.2067293391238507
equity_sentiment_21d_coverage_tilt,equity,exploratory_sentiment_21d_coverage_tilt,2023-03-20,2023-02-28,0.011319666343192243,1.2203891126092736
equity_sentiment_21d_coverage_tilt,equity,exploratory_sentiment_21d_coverage_tilt,2023-03-21,2023-02-28,0.008112282427273871,1.2302892537619303
equity_sentiment_21d_coverage_tilt,equity,exploratory_sentiment_21d_coverage_tilt,2023-03-22,2023-02-28,-0.020063827936247426,1.2056049418626367
equity_sentiment_21d_coverage_tilt,equity,exploratory_sentiment_21d_coverage_tilt,2023-03-23,2023-02-28,0.0017413492491068217,1.2077043211228686
equity_sentiment_21d_coverage_tilt,equity,exploratory_sentiment_21d_coverage_tilt,2023-03-24,2023-02-28,0.00781261289365192,1.2171396474737923
equity_sentiment_21d_coverage_tilt,equity,exploratory_sentiment_21d_coverage_tilt,2023-03-27,2023-02-28,0.004210258408041598,1.2222641199083297
equity_sentiment_21d_coverage_tilt,equity,exploratory_sentiment_21d_coverage_tilt,2023-03-28,2023-02-28,0.001574456027663042,1.2241885210193157
equity_sentiment_21d_coverage_tilt,equity,exploratory_sentiment_21d_coverage_tilt,2023-03-29,2023-02-28,0.015606214310355266,1.24329346943462
equity_sentiment_21d_coverage_tilt,equity,exploratory_sentiment_21d_coverage_tilt,2023-03-30,2023-02-28,0.004947365222466502,1.2494444963066207
equity_sentiment_21d_coverage_tilt,equity,exploratory_sentiment_21d_coverage_tilt,2023-03-31,2023-02-28,0.012531739732772284,1.2651022095448798
equity_sentiment_21d_coverage_tilt,equity,exploratory_sentiment_21d_coverage_tilt,2023-04-03,2023-03-31,0.007291564269426989,1.2743267836131702
equity_sentiment_21d_coverage_tilt,equity,exploratory_sentiment_21d_coverage_tilt,2023-04-04,2023-03-31,-0.00509174150195673,1.267838241041992
equity_sentiment_21d_coverage_tilt,equity,exploratory_sentiment_21d_coverage_tilt,2023-04-05,2023-03-31,0.0034334920071932857,1.2721913535090235
equity_sentiment_21d_coverage_tilt,equity,exploratory_sentiment_21d_coverage_tilt,2023-04-06,2023-03-31,-0.0005416393801837448,1.2715022845728339
equity_sentiment_21d_coverage_tilt,equity,exploratory_sentiment_21d_coverage_tilt,2023-04-10,2023-03-31,0.0037311347452498858,1.276246430925468
equity_sentiment_21d_coverage_tilt,equity,exploratory_sentiment_21d_coverage_tilt,2023-04-11,2023-03-31,0.002699359404866787,1.2796914787317142
equity_sentiment_21d_coverage_tilt,equity,exploratory_sentiment_21d_coverage_tilt,2023-04-12,2023-03-31,-0.002195209823631663,1.2768822874263845
equity_sentiment_21d_coverage_tilt,equity,exploratory_sentiment_21d_coverage_tilt,2023-04-13,2023-03-31,0.006865180834851262,1.2856483152343852
equity_sentiment_21d_coverage_tilt,equity,exploratory_sentiment_21d_coverage_tilt,2023-04-14,2023-03-31,-0.00599167054303347,1.2779451340952945
equity_sentiment_21d_coverage_tilt,equity,exploratory_sentiment_21d_coverage_tilt,2023-04-17,2023-03-31,0.004905423830539607,1.284213996610208
equity_sentiment_21d_coverage_tilt,equity,exploratory_sentiment_21d_coverage_tilt,2023-04-18,2023-03-31,0.0004960297024908781,1.2848510048968813
equity_sentiment_21d_coverage_tilt,equity,exploratory_sentiment_21d_coverage_tilt,2023-04-19,2023-03-31,0.001989959998176872,1.2874078070002435
equity_sentiment_21d_coverage_tilt,equity,exploratory_sentiment_21d_coverage_tilt,2023-04-20,2023-03-31,-0.007297298947310149,1.2780132073654618
equity_sentiment_21d_coverage_tilt,equity,exploratory_sentiment_21d_coverage_tilt,2023-04-21,2023-03-31,-0.0010370736179236663,1.276687813584745
equity_sentiment_21d_coverage_tilt,equity,exploratory_sentiment_21d_coverage_tilt,2023-04-24,2023-03-31,0.0018480063481508702,1.2790471407688566
equity_sentiment_21d_coverage_tilt,equity,exploratory_sentiment_21d_coverage_tilt,2023-04-25,2023-03-31,-0.01507278393789855,1.2597683395696606
equity_sentiment_21d_coverage_tilt,equity,exploratory_sentiment_21d_coverage_tilt,2023-04-26,2023-03-31,-0.012649700885389626,1.2438326468892205
equity_sentiment_21d_coverage_tilt,equity,exploratory_sentiment_21d_coverage_tilt,2023-04-27,2023-03-31,0.014963730228860533,1.2624450230671203
equity_sentiment_21d_coverage_tilt,equity,exploratory_sentiment_21d_coverage_tilt,2023-04-28,2023-03-31,0.009372620854735421,1.274277441618276
equity_sentiment_21d_coverage_tilt,equity,exploratory_sentiment_21d_coverage_tilt,2023-05-01,2023-04-28,-0.0034335014675812327,1.269902208152374
equity_sentiment_21d_coverage_tilt,equity,exploratory_sentiment_21d_coverage_tilt,2023-05-02,2023-04-28,-0.016712207654654445,1.2486793387486275
equity_sentiment_21d_coverage_tilt,equity,exploratory_sentiment_21d_coverage_tilt,2023-05-03,2023-04-28,-0.012631416405862484,1.2329067500634965
equity_sentiment_21d_coverage_tilt,equity,exploratory_sentiment_21d_coverage_tilt,2023-05-04,2023-04-28,-0.005251370630270432,1.2264322997663508
equity_sentiment_21d_coverage_tilt,equity,exploratory_sentiment_21d_coverage_tilt,2023-05-05,2023-04-28,0.01772562450434062,1.2481715781920042
equity_sentiment_21d_coverage_tilt,equity,exploratory_sentiment_21d_coverage_tilt,2023-05-08,2023-04-28,-0.0004981184401398716,1.2475498409124481
equity_sentiment_21d_coverage_tilt,equity,exploratory_sentiment_21d_coverage_tilt,2023-05-09,2023-04-28,-0.004390543562896762,1.242072418989037
equity_sentiment_21d_coverage_tilt,equity,exploratory_sentiment_21d_coverage_tilt,2023-05-10,2023-04-28,-0.0016556500545297525,1.240015981720808
equity_sentiment_21d_coverage_tilt,equity,exploratory_sentiment_21d_coverage_tilt,2023-05-11,2023-04-28,-0.009192800230365089,1.2286167625183886
equity_sentiment_21d_coverage_tilt,equity,exploratory_sentiment_21d_coverage_tilt,2023-05-12,2023-04-28,-0.000999236695111243,1.2273890835650514
equity_sentiment_21d_coverage_tilt,equity,exploratory_sentiment_21d_coverage_tilt,2023-05-15,2023-04-28,0.00502547537449514,1.2335572971794317
equity_sentiment_21d_coverage_tilt,equity,exploratory_sentiment_21d_coverage_tilt,2023-05-16,2023-04-28,-0.015760120667345598,1.2141162853257992
equity_sentiment_21d_coverage_tilt,equity,exploratory_sentiment_21d_coverage_tilt,2023-05-17,2023-04-28,0.012608719518816813,1.2294247370306999
equity_sentiment_21d_coverage_tilt,equity,exploratory_sentiment_21d_coverage_tilt,2023-05-18,2023-04-28,0.006309313192109535,1.2371815627427534
equity_sentiment_21d_coverage_tilt,equity,exploratory_sentiment_21d_coverage_tilt,2023-05-19,2023-04-28,-0.0024704668412359964,1.2341251467154088
equity_sentiment_21d_coverage_tilt,equity,exploratory_sentiment_21d_coverage_tilt,2023-05-22,2023-04-28,0.0008046011624980175,1.235118125243124
equity_sentiment_21d_coverage_tilt,equity,exploratory_sentiment_21d_coverage_tilt,2023-05-23,2023-04-28,-0.007190168131140406,1.2262374182608071
equity_sentiment_21d_coverage_tilt,equity,exploratory_sentiment_21d_coverage_tilt,2023-05-24,2023-04-28,-0.009264458322491339,1.2148769928058505
equity_sentiment_21d_coverage_tilt,equity,exploratory_sentiment_21d_coverage_tilt,2023-05-25,2023-04-28,0.0016289457056180524,1.2168559614661356
equity_sentiment_21d_coverage_tilt,equity,exploratory_sentiment_21d_coverage_tilt,2023-05-26,2023-04-28,0.009504447118449302,1.2284215046026603
equity_sentiment_21d_coverage_tilt,equity,exploratory_sentiment_21d_coverage_tilt,2023-05-30,2023-04-28,-0.0013682352905291845,1.226740734948418
equity_sentiment_21d_coverage_tilt,equity,exploratory_sentiment_21d_coverage_tilt,2023-05-31,2023-04-28,-0.005056630987729011,1.2205375597341683
equity_sentiment_21d_coverage_tilt,equity,exploratory_sentiment_21d_coverage_tilt,2023-06-01,2023-05-31,0.005371286464933316,1.2270934166087113
equity_sentiment_21d_coverage_tilt,equity,exploratory_sentiment_21d_coverage_tilt,2023-06-02,2023-05-31,0.01937979071421442,1.2508742302093783
equity_sentiment_21d_coverage_tilt,equity,exploratory_sentiment_21d_coverage_tilt,2023-06-05,2023-05-31,-0.005964155870617481,1.243413821325871
equity_sentiment_21d_coverage_tilt,equity,exploratory_sentiment_21d_coverage_tilt,2023-06-06,2023-05-31,0.004268133257396198,1.248720877209378
equity_sentiment_21d_coverage_tilt,equity,exploratory_sentiment_21d_coverage_tilt,2023-06-07,2023-05-31,0.008284799531958735,1.2590662793484295
equity_sentiment_21d_coverage_tilt,equity,exploratory_sentiment_21d_coverage_tilt,2023-06-08,2023-05-31,0.004237970940048728,1.2644021656519033
equity_sentiment_21d_coverage_tilt,equity,exploratory_sentiment_21d_coverage_tilt,2023-06-09,2023-05-31,-0.0027887377976791136,1.2608760795410825
equity_sentiment_21d_coverage_tilt,equity,exploratory_sentiment_21d_coverage_tilt,2023-06-12,2023-05-31,0.005429419811120432,1.2677219051067108
equity_sentiment_21d_coverage_tilt,equity,exploratory_sentiment_21d_coverage_tilt,2023-06-13,2023-05-31,0.007332469579611599,1.277017437411313
equity_sentiment_21d_coverage_tilt,equity,exploratory_sentiment_21d_coverage_tilt,2023-06-14,2023-05-31,0.00017379706949077213,1.2772393792996237
equity_sentiment_21d_coverage_tilt,equity,exploratory_sentiment_21d_coverage_tilt,2023-06-15,2023-05-31,0.009969272008046218,1.2899725260912498
equity_sentiment_21d_coverage_tilt,equity,exploratory_sentiment_21d_coverage_tilt,2023-06-16,2023-05-31,0.0005233515610256665,1.29064763522646
equity_sentiment_21d_coverage_tilt,equity,exploratory_sentiment_21d_coverage_tilt,2023-06-20,2023-05-31,-0.01274239993117878,1.2742016868881743
equity_sentiment_21d_coverage_tilt,equity,exploratory_sentiment_21d_coverage_tilt,2023-06-21,2023-05-31,-0.0032249084457020836,1.2700925031066006
equity_sentiment_21d_coverage_tilt,equity,exploratory_sentiment_21d_coverage_tilt,2023-06-22,2023-05-31,-0.005577369865610227,1.2630087274532364
equity_sentiment_21d_coverage_tilt,equity,exploratory_sentiment_21d_coverage_tilt,2023-06-23,2023-05-31,-0.007208518422529918,1.2539043057735737
equity_sentiment_21d_coverage_tilt,equity,exploratory_sentiment_21d_coverage_tilt,2023-06-26,2023-05-31,0.006908715740330644,1.26256717418774
equity_sentiment_21d_coverage_tilt,equity,exploratory_sentiment_21d_coverage_tilt,2023-06-27,2023-05-31,0.0074271925918044795,1.2719445037505228
equity_sentiment_21d_coverage_tilt,equity,exploratory_sentiment_21d_coverage_tilt,2023-06-28,2023-05-31,-0.0016171434357447258,1.2698875870456512
equity_sentiment_21d_coverage_tilt,equity,exploratory_sentiment_21d_coverage_tilt,2023-06-29,2023-05-31,0.006015601658076868,1.277526724919854
equity_sentiment_21d_coverage_tilt,equity,exploratory_sentiment_21d_coverage_tilt,2023-06-30,2023-05-31,0.008410716074775317,1.2882716394810925
equity_sentiment_21d_coverage_tilt,equity,exploratory_sentiment_21d_coverage_tilt,2023-07-03,2023-06-30,0.005673823852905559,1.2955810658382019
equity_sentiment_21d_coverage_tilt,equity,exploratory_sentiment_21d_coverage_tilt,2023-07-05,2023-06-30,-0.004342284696686541,1.2899552840026958
equity_sentiment_21d_coverage_tilt,equity,exploratory_sentiment_21d_coverage_tilt,2023-07-06,2023-06-30,-0.011837071882328463,1.2746859905809664
equity_sentiment_21d_coverage_tilt,equity,exploratory_sentiment_21d_coverage_tilt,2023-07-07,2023-06-30,0.0004958757150551491,1.2753180764080165
equity_sentiment_21d_coverage_tilt,equity,exploratory_sentiment_21d_coverage_tilt,2023-07-10,2023-06-30,0.004700754028345401,1.2813130329931133
equity_sentiment_21d_coverage_tilt,equity,exploratory_sentiment_21d_coverage_tilt,2023-07-11,2023-06-30,0.014199468962101247,1.2995069976358349
equity_sentiment_21d_coverage_tilt,equity,exploratory_sentiment_21d_coverage_tilt,2023-07-12,2023-06-30,0.008146646204704495,1.3100936213861116
equity_sentiment_21d_coverage_tilt,equity,exploratory_sentiment_21d_coverage_tilt,2023-07-13,2023-06-30,0.005594468442193001,1.3174228988072745
equity_sentiment_21d_coverage_tilt,equity,exploratory_sentiment_21d_coverage_tilt,2023-07-14,2023-06-30,-0.006509102075597309,1.3088476586822086
equity_sentiment_21d_coverage_tilt,equity,exploratory_sentiment_21d_coverage_tilt,2023-07-17,2023-06-30,-0.003685103480760102,1.3040244196194142
equity_sentiment_21d_coverage_tilt,equity,exploratory_sentiment_21d_coverage_tilt,2023-07-18,2023-06-30,0.005959605953102575,1.3117958913135692
equity_sentiment_21d_coverage_tilt,equity,exploratory_sentiment_21d_coverage_tilt,2023-07-19,2023-06-30,0.005968343241929826,1.3196251394562817
equity_sentiment_21d_coverage_tilt,equity,exploratory_sentiment_21d_coverage_tilt,2023-07-20,2023-06-30,0.001829986722133368,1.3220400359396802
equity_sentiment_21d_coverage_tilt,equity,exploratory_sentiment_21d_coverage_tilt,2023-07-21,2023-06-30,0.004452468568061552,1.3279263776454207
equity_sentiment_21d_coverage_tilt,equity,exploratory_sentiment_21d_coverage_tilt,2023-07-24,2023-06-30,0.005297479203241992,1.3349610400144338
equity_sentiment_21d_coverage_tilt,equity,exploratory_sentiment_21d_coverage_tilt,2023-07-25,2023-06-30,0.0035701337132330365,1.339727029429242
equity_sentiment_21d_coverage_tilt,equity,exploratory_sentiment_21d_coverage_tilt,2023-07-26,2023-06-30,0.0021421347979526583,1.34259690531874
equity_sentiment_21d_coverage_tilt,equity,exploratory_sentiment_21d_coverage_tilt,2023-07-27,2023-06-30,-0.004457835689592153,1.3366118289174742
equity_sentiment_21d_coverage_tilt,equity,exploratory_sentiment_21d_coverage_tilt,2023-07-28,2023-06-30,0.004221539812669938,1.3422543889673348
equity_sentiment_21d_coverage_tilt,equity,exploratory_sentiment_21d_coverage_tilt,2023-07-31,2023-06-30,0.00401333270384809,1.347641302403461
equity_sentiment_21d_coverage_tilt,equity,exploratory_sentiment_21d_coverage_tilt,2023-08-01,2023-07-31,-0.0034880480448703515,1.342940664793426
equity_sentiment_21d_coverage_tilt,equity,exploratory_sentiment_21d_coverage_tilt,2023-08-02,2023-07-31,-0.013822754789503823,1.3243775252871335
equity_sentiment_21d_coverage_tilt,equity,exploratory_sentiment_21d_coverage_tilt,2023-08-03,2023-07-31,-0.005093309822136481,1.3176320602293716
equity_sentiment_21d_coverage_tilt,equity,exploratory_sentiment_21d_coverage_tilt,2023-08-04,2023-07-31,-0.00220264499555853,1.3147297845659198
equity_sentiment_21d_coverage_tilt,equity,exploratory_sentiment_21d_coverage_tilt,2023-08-07,2023-07-31,0.00801649256508338,1.3252693061089862
equity_sentiment_21d_coverage_tilt,equity,exploratory_sentiment_21d_coverage_tilt,2023-08-08,2023-07-31,-0.0035509638296140353,1.3205633227384954
equity_sentiment_21d_coverage_tilt,equity,exploratory_sentiment_21d_coverage_tilt,2023-08-09,2023-07-31,-0.0020420507993046157,1.3178666653497648
equity_sentiment_21d_coverage_tilt,equity,exploratory_sentiment_21d_coverage_tilt,2023-08-10,2023-07-31,0.0009951781162427318,1.3191781774152467
equity_sentiment_21d_coverage_tilt,equity,exploratory_sentiment_21d_coverage_tilt,2023-08-11,2023-07-31,0.0014240860405314768,1.3210568006426775
equity_sentiment_21d_coverage_tilt,equity,exploratory_sentiment_21d_coverage_tilt,2023-08-14,2023-07-31,0.0018360879472942807,1.3234823771120288
equity_sentiment_21d_coverage_tilt,equity,exploratory_sentiment_21d_coverage_tilt,2023-08-15,2023-07-31,-0.013110702427542028,1.306130593497617
equity_sentiment_21d_coverage_tilt,equity,exploratory_sentiment_21d_coverage_tilt,2023-08-16,2023-07-31,-0.008367801943118945,1.2952011513793806
equity_sentiment_21d_coverage_tilt,equity,exploratory_sentiment_21d_coverage_tilt,2023-08-17,2023-07-31,-0.00488362417175893,1.2888758757292142
equity_sentiment_21d_coverage_tilt,equity,exploratory_sentiment_21d_coverage_tilt,2023-08-18,2023-07-31,0.0017729299596743679,1.291160962383596
equity_sentiment_21d_coverage_tilt,equity,exploratory_sentiment_21d_coverage_tilt,2023-08-21,2023-07-31,-0.000339204270879492,1.2907229950707626
equity_sentiment_21d_coverage_tilt,equity,exploratory_sentiment_21d_coverage_tilt,2023-08-22,2023-07-31,-0.004917212567152438,1.284376235738688
equity_sentiment_21d_coverage_tilt,equity,exploratory_sentiment_21d_coverage_tilt,2023-08-23,2023-07-31,0.007528164900865988,1.2940452318360824
equity_sentiment_21d_coverage_tilt,equity,exploratory_sentiment_21d_coverage_tilt,2023-08-24,2023-07-31,-0.012431422857292459,1.277958408362665
equity_sentiment_21d_coverage_tilt,equity,exploratory_sentiment_21d_coverage_tilt,2023-08-25,2023-07-31,0.005011954900461165,1.284363478270044
equity_sentiment_21d_coverage_tilt,equity,exploratory_sentiment_21d_coverage_tilt,2023-08-28,2023-07-31,0.008353155302074868,1.2950919658683466
equity_sentiment_21d_coverage_tilt,equity,exploratory_sentiment_21d_coverage_tilt,2023-08-29,2023-07-31,0.01206688692919662,1.310719694183391
equity_sentiment_21d_coverage_tilt,equity,exploratory_sentiment_21d_coverage_tilt,2023-08-30,2023-07-31,0.0016431898915992772,1.312873455535593
equity_sentiment_21d_coverage_tilt,equity,exploratory_sentiment_21d_coverage_tilt,2023-08-31,2023-07-31,-0.003045501542501658,1.3088750974016499
equity_sentiment_21d_coverage_tilt,equity,exploratory_sentiment_21d_coverage_tilt,2023-09-01,2023-08-31,0.004355614434342529,1.314576052668644
equity_sentiment_21d_coverage_tilt,equity,exploratory_sentiment_21d_coverage_tilt,2023-09-05,2023-08-31,-0.008629958486871123,1.3032313159062787
equity_sentiment_21d_coverage_tilt,equity,exploratory_sentiment_21d_coverage_tilt,2023-09-06,2023-08-31,-0.004129013685712242,1.297850255967253
equity_sentiment_21d_coverage_tilt,equity,exploratory_sentiment_21d_coverage_tilt,2023-09-07,2023-08-31,-0.0003116721565647377,1.2974457521790776
equity_sentiment_21d_coverage_tilt,equity,exploratory_sentiment_21d_coverage_tilt,2023-09-08,2023-08-31,0.0024007530777705815,1.3005605990618618
equity_sentiment_21d_coverage_tilt,equity,exploratory_sentiment_21d_coverage_tilt,2023-09-11,2023-08-31,0.002800702492381582,1.3042030823731476
equity_sentiment_21d_coverage_tilt,equity,exploratory_sentiment_21d_coverage_tilt,2023-09-12,2023-08-31,0.002152332650904071,1.3070101612507492
equity_sentiment_21d_coverage_tilt,equity,exploratory_sentiment_21d_coverage_tilt,2023-09-13,2023-08-31,-0.0011188112310457341,1.305547863603251
equity_sentiment_21d_coverage_tilt,equity,exploratory_sentiment_21d_coverage_tilt,2023-09-14,2023-08-31,0.01232328171344376,1.3216364977168185
equity_sentiment_21d_coverage_tilt,equity,exploratory_sentiment_21d_coverage_tilt,2023-09-15,2023-08-31,-0.010768136094948266,1.3074049360413529
equity_sentiment_21d_coverage_tilt,equity,exploratory_sentiment_21d_coverage_tilt,2023-09-18,2023-08-31,-0.00023962999788302013,1.3070916425992969
equity_sentiment_21d_coverage_tilt,equity,exploratory_sentiment_21d_coverage_tilt,2023-09-19,2023-08-31,-0.00413637895604415,1.301685016235228
equity_sentiment_21d_coverage_tilt,equity,exploratory_sentiment_21d_coverage_tilt,2023-09-20,2023-08-31,-0.0053955972103901136,1.2946616481928226
equity_sentiment_21d_coverage_tilt,equity,exploratory_sentiment_21d_coverage_tilt,2023-09-21,2023-08-31,-0.018668931196273168,1.270491698960257
equity_sentiment_21d_coverage_tilt,equity,exploratory_sentiment_21d_coverage_tilt,2023-09-22,2023-08-31,-0.003220371952026848,1.2664002431276424
equity_sentiment_21d_coverage_tilt,equity,exploratory_sentiment_21d_coverage_tilt,2023-09-25,2023-08-31,0.0022869881801223517,1.2692964855149795
equity_sentiment_21d_coverage_tilt,equity,exploratory_sentiment_21d_coverage_tilt,2023-09-26,2023-08-31,-0.011825347522117476,1.2542866134651625
equity_sentiment_21d_coverage_tilt,equity,exploratory_sentiment_21d_coverage_tilt,2023-09-27,2023-08-31,-0.0009912082547366965,1.25304335422009
equity_sentiment_21d_coverage_tilt,equity,exploratory_sentiment_21d_coverage_tilt,2023-09-28,2023-08-31,0.004390341979138206,1.2585446430598026
equity_sentiment_21d_coverage_tilt,equity,exploratory_sentiment_21d_coverage_tilt,2023-09-29,2023-08-31,-0.0012667201419862754,1.2569504192108498
equity_sentiment_21d_coverage_tilt,equity,exploratory_sentiment_21d_coverage_tilt,2023-10-02,2023-09-29,-0.014028802655392981,1.2393169098321273
equity_sentiment_21d_coverage_tilt,equity,exploratory_sentiment_21d_coverage_tilt,2023-10-03,2023-09-29,-0.009043938633406773,1.2281086037522622
equity_sentiment_21d_coverage_tilt,equity,exploratory_sentiment_21d_coverage_tilt,2023-10-04,2023-09-29,0.001482504795059225,1.2299292806461786
equity_sentiment_21d_coverage_tilt,equity,exploratory_sentiment_21d_coverage_tilt,2023-10-05,2023-09-29,-0.0016274086882403745,1.2279276830489336
equity_sentiment_21d_coverage_tilt,equity,exploratory_sentiment_21d_coverage_tilt,2023-10-06,2023-09-29,0.010604454475509617,1.240949186263044
equity_sentiment_21d_coverage_tilt,equity,exploratory_sentiment_21d_coverage_tilt,2023-10-09,2023-09-29,0.00881977286099692,1.251894076217923
equity_sentiment_21d_coverage_tilt,equity,exploratory_sentiment_21d_coverage_tilt,2023-10-10,2023-09-29,0.008201246028707544,1.2621611675388678
equity_sentiment_21d_coverage_tilt,equity,exploratory_sentiment_21d_coverage_tilt,2023-10-11,2023-09-29,0.0034238474822659228,1.2664826148745594
equity_sentiment_21d_coverage_tilt,equity,exploratory_sentiment_21d_coverage_tilt,2023-10-12,2023-09-29,-0.008290784589130165,1.2559824803287563
equity_sentiment_21d_coverage_tilt,equity,exploratory_sentiment_21d_coverage_tilt,2023-10-13,2023-09-29,0.0008762429334974715,1.257083026101741
equity_sentiment_21d_coverage_tilt,equity,exploratory_sentiment_21d_coverage_tilt,2023-10-16,2023-09-29,0.010054434210113707,1.2697222846843315
equity_sentiment_21d_coverage_tilt,equity,exploratory_sentiment_21d_coverage_tilt,2023-10-17,2023-09-29,0.002791652417693807,1.2732669079701702
equity_sentiment_21d_coverage_tilt,equity,exploratory_sentiment_21d_coverage_tilt,2023-10-18,2023-09-29,-0.014864350331303008,1.2543406225848466
equity_sentiment_21d_coverage_tilt,equity,exploratory_sentiment_21d_coverage_tilt,2023-10-19,2023-09-29,-0.00957007522343334,1.2423364884709014
equity_sentiment_21d_coverage_tilt,equity,exploratory_sentiment_21d_coverage_tilt,2023-10-20,2023-09-29,-0.00917251380313226,1.2309411398822672
equity_sentiment_21d_coverage_tilt,equity,exploratory_sentiment_21d_coverage_tilt,2023-10-23,2023-09-29,-0.006620113526002825,1.2227921697924193
equity_sentiment_21d_coverage_tilt,equity,exploratory_sentiment_21d_coverage_tilt,2023-10-24,2023-09-29,0.010806349459631496,1.2360060892956974
equity_sentiment_21d_coverage_tilt,equity,exploratory_sentiment_21d_coverage_tilt,2023-10-25,2023-09-29,-0.012453833203008427,1.2206130756217062
equity_sentiment_21d_coverage_tilt,equity,exploratory_sentiment_21d_coverage_tilt,2023-10-26,2023-09-29,-0.0019941745531404237,1.218178960087071
equity_sentiment_21d_coverage_tilt,equity,exploratory_sentiment_21d_coverage_tilt,2023-10-27,2023-09-29,-0.009911598146788547,1.206104859763815
equity_sentiment_21d_coverage_tilt,equity,exploratory_sentiment_21d_coverage_tilt,2023-10-30,2023-09-29,0.010026434037047624,1.2181977905819996
equity_sentiment_21d_coverage_tilt,equity,exploratory_sentiment_21d_coverage_tilt,2023-10-31,2023-09-29,0.0060868121239948,1.2256127316631378
equity_sentiment_21d_coverage_tilt,equity,exploratory_sentiment_21d_coverage_tilt,2023-11-01,2023-10-31,0.005042326880962916,1.2317926716856533
equity_sentiment_21d_coverage_tilt,equity,exploratory_sentiment_21d_coverage_tilt,2023-11-02,2023-10-31,0.025993608165356445,1.2638114077344078
equity_sentiment_21d_coverage_tilt,equity,exploratory_sentiment_21d_coverage_tilt,2023-11-03,2023-10-31,0.012893496492684951,1.2801063556874468
equity_sentiment_21d_coverage_tilt,equity,exploratory_sentiment_21d_coverage_tilt,2023-11-06,2023-10-31,-0.004541143646944841,1.274293208842903
equity_sentiment_21d_coverage_tilt,equity,exploratory_sentiment_21d_coverage_tilt,2023-11-07,2023-10-31,-0.0035969794216142324,1.2697096023935925
equity_sentiment_21d_coverage_tilt,equity,exploratory_sentiment_21d_coverage_tilt,2023-11-08,2023-10-31,-0.0011562102643315258,1.2682415511185847
equity_sentiment_21d_coverage_tilt,equity,exploratory_sentiment_21d_coverage_tilt,2023-11-09,2023-10-31,-0.008860858279930786,1.2570038424694034
equity_sentiment_21d_coverage_tilt,equity,exploratory_sentiment_21d_coverage_tilt,2023-11-10,2023-10-31,0.010695950125185188,1.2704486928756222
equity_sentiment_21d_coverage_tilt,equity,exploratory_sentiment_21d_coverage_tilt,2023-11-13,2023-10-31,-0.0012157790776052668,1.2689041079356531
equity_sentiment_21d_coverage_tilt,equity,exploratory_sentiment_21d_coverage_tilt,2023-11-14,2023-10-31,0.02481633622662334,1.3003936589175278
equity_sentiment_21d_coverage_tilt,equity,exploratory_sentiment_21d_coverage_tilt,2023-11-15,2023-10-31,0.0053385314604195155,1.3073358513765891
equity_sentiment_21d_coverage_tilt,equity,exploratory_sentiment_21d_coverage_tilt,2023-11-16,2023-10-31,0.0008476345760043406,1.308443994446666
equity_sentiment_21d_coverage_tilt,equity,exploratory_sentiment_21d_coverage_tilt,2023-11-17,2023-10-31,0.003064273419502685,1.3124534245997568
equity_sentiment_21d_coverage_tilt,equity,exploratory_sentiment_21d_coverage_tilt,2023-11-20,2023-10-31,0.004489788334086463,1.3183460626745565
equity_sentiment_21d_coverage_tilt,equity,exploratory_sentiment_21d_coverage_tilt,2023-11-21,2023-10-31,-0.0024403595276863664,1.3151288242997208
equity_sentiment_21d_coverage_tilt,equity,exploratory_sentiment_21d_coverage_tilt,2023-11-22,2023-10-31,0.0017056204843471365,1.3173719349620017
equity_sentiment_21d_coverage_tilt,equity,exploratory_sentiment_21d_coverage_tilt,2023-11-24,2023-10-31,0.0024129030743499195,1.3205506257539337
equity_sentiment_21d_coverage_tilt,equity,exploratory_sentiment_21d_coverage_tilt,2023-11-27,2023-10-31,0.0006544929797688719,1.321414916867919
equity_sentiment_21d_coverage_tilt,equity,exploratory_sentiment_21d_coverage_tilt,2023-11-28,2023-10-31,0.0020371516574530166,1.3241068394559998
equity_sentiment_21d_coverage_tilt,equity,exploratory_sentiment_21d_coverage_tilt,2023-11-29,2023-10-31,0.004754055460208655,1.3304017168060152
equity_sentiment_21d_coverage_tilt,equity,exploratory_sentiment_21d_coverage_tilt,2023-11-30,2023-10-31,0.006243153236993072,1.3387076185907938
equity_sentiment_21d_coverage_tilt,equity,exploratory_sentiment_21d_coverage_tilt,2023-12-01,2023-11-30,0.008943599830442404,1.3506804838214344
equity_sentiment_21d_coverage_tilt,equity,exploratory_sentiment_21d_coverage_tilt,2023-12-04,2023-11-30,-0.002282108346678275,1.34759808461561
equity_sentiment_21d_coverage_tilt,equity,exploratory_sentiment_21d_coverage_tilt,2023-12-05,2023-11-30,-0.005186014272625793,1.3406094217150302
equity_sentiment_21d_coverage_tilt,equity,exploratory_sentiment_21d_coverage_tilt,2023-12-06,2023-11-30,-0.0011219209454267516,1.3391053639251715
equity_sentiment_21d_coverage_tilt,equity,exploratory_sentiment_21d_coverage_tilt,2023-12-07,2023-11-30,0.005574895811257342,1.3465707368093502
equity_sentiment_21d_coverage_tilt,equity,exploratory_sentiment_21d_coverage_tilt,2023-12-08,2023-11-30,0.0032647050841881947,1.350966893140031
equity_sentiment_21d_coverage_tilt,equity,exploratory_sentiment_21d_coverage_tilt,2023-12-11,2023-11-30,0.007126947142338974,1.3605951627784898
equity_sentiment_21d_coverage_tilt,equity,exploratory_sentiment_21d_coverage_tilt,2023-12-12,2023-11-30,0.000844426692629965,1.3617440856518033
equity_sentiment_21d_coverage_tilt,equity,exploratory_sentiment_21d_coverage_tilt,2023-12-13,2023-11-30,0.020506694288357313,1.3896689553152435
equity_sentiment_21d_coverage_tilt,equity,exploratory_sentiment_21d_coverage_tilt,2023-12-14,2023-11-30,0.014249916383196864,1.4094716217288101
equity_sentiment_21d_coverage_tilt,equity,exploratory_sentiment_21d_coverage_tilt,2023-12-15,2023-11-30,-0.0025918158316175625,1.4058185308653977
equity_sentiment_21d_coverage_tilt,equity,exploratory_sentiment_21d_coverage_tilt,2023-12-18,2023-11-30,-0.0011302294707806148,1.404229633331244
equity_sentiment_21d_coverage_tilt,equity,exploratory_sentiment_21d_coverage_tilt,2023-12-19,2023-11-30,0.008235920661638125,1.4157947571820813
equity_sentiment_21d_coverage_tilt,equity,exploratory_sentiment_21d_coverage_tilt,2023-12-20,2023-11-30,-0.01486227630830201,1.3947528243049958
equity_sentiment_21d_coverage_tilt,equity,exploratory_sentiment_21d_coverage_tilt,2023-12-21,2023-11-30,0.008420323019449776,1.4064970936179337
equity_sentiment_21d_coverage_tilt,equity,exploratory_sentiment_21d_coverage_tilt,2023-12-22,2023-11-30,0.0021589063353175822,1.4095335891039513
equity_sentiment_21d_coverage_tilt,equity,exploratory_sentiment_21d_coverage_tilt,2023-12-26,2023-11-30,0.006823597205420695,1.4191516785635077
equity_sentiment_21d_coverage_tilt,equity,exploratory_sentiment_21d_coverage_tilt,2023-12-27,2023-11-30,0.0015148395067635316,1.4213014655922853
equity_sentiment_21d_coverage_tilt,equity,exploratory_sentiment_21d_coverage_tilt,2023-12-28,2023-11-30,0.001044496533374089,1.422786010045976
equity_sentiment_21d_coverage_tilt,equity,exploratory_sentiment_21d_coverage_tilt,2023-12-29,2023-11-30,-0.0030637252171874223,1.4184269846683366
equity_sentiment_tilt,equity,sentiment_tilt,2021-01-04,2020-12-31,-0.013285625324772725,0.9867143746752273
equity_sentiment_tilt,equity,sentiment_tilt,2021-01-05,2020-12-31,0.012458522940112213,0.999007378347457
equity_sentiment_tilt,equity,sentiment_tilt,2021-01-06,2020-12-31,0.012798762039113707,1.011793436058245
equity_sentiment_tilt,equity,sentiment_tilt,2021-01-07,2020-12-31,0.009873793291870762,1.0217836752999556
equity_sentiment_tilt,equity,sentiment_tilt,2021-01-08,2020-12-31,0.0028616867009718435,1.0247077000548317
equity_sentiment_tilt,equity,sentiment_tilt,2021-01-11,2020-12-31,0.00014134039547490052,1.0248525326464035
equity_sentiment_tilt,equity,sentiment_tilt,2021-01-12,2020-12-31,0.002731238255306172,1.0276516490896148
equity_sentiment_tilt,equity,sentiment_tilt,2021-01-13,2020-12-31,-0.0002633456007395725,1.0273810215487342
equity_sentiment_tilt,equity,sentiment_tilt,2021-01-14,2020-12-31,0.0026376196173795593,1.0300908618856948
equity_sentiment_tilt,equity,sentiment_tilt,2021-01-15,2020-12-31,-0.010717988907496796,1.0190503594542901
equity_sentiment_tilt,equity,sentiment_tilt,2021-01-19,2020-12-31,0.007410502785489501,1.0266020349815803
equity_sentiment_tilt,equity,sentiment_tilt,2021-01-20,2020-12-31,0.008317124311922488,1.0351404117253946
equity_sentiment_tilt,equity,sentiment_tilt,2021-01-21,2020-12-31,-0.007206368756098868,1.0276808082041615
equity_sentiment_tilt,equity,sentiment_tilt,2021-01-22,2020-12-31,-0.0029869744615286303,1.0246111518754526
equity_sentiment_tilt,equity,sentiment_tilt,2021-01-25,2020-12-31,0.0017422607504422305,1.0263962916698306
equity_sentiment_tilt,equity,sentiment_tilt,2021-01-26,2020-12-31,-0.005103445727358098,1.021158133900532
equity_sentiment_tilt,equity,sentiment_tilt,2021-01-27,2020-12-31,-0.026281380026226087,0.9943206889166203
equity_sentiment_tilt,equity,sentiment_tilt,2021-01-28,2020-12-31,0.010891383412802314,1.005150216774893
equity_sentiment_tilt,equity,sentiment_tilt,2021-01-29,2020-12-31,-0.014884519979145335,0.9901890382912648
equity_sentiment_tilt,equity,sentiment_tilt,2021-02-01,2021-01-29,0.007986322304624269,0.9980970070935649
equity_sentiment_tilt,equity,sentiment_tilt,2021-02-02,2021-01-29,0.01726137011795976,1.0153255289466347
equity_sentiment_tilt,equity,sentiment_tilt,2021-02-03,2021-01-29,0.0018415744717687704,1.017195326521278
equity_sentiment_tilt,equity,sentiment_tilt,2021-02-04,2021-01-29,0.009292046240003725,1.0266471525304295
equity_sentiment_tilt,equity,sentiment_tilt,2021-02-05,2021-01-29,0.006589810834903627,1.0334125630597975
equity_sentiment_tilt,equity,sentiment_tilt,2021-02-08,2021-01-29,0.012600376474111963,1.046433950407428
equity_sentiment_tilt,equity,sentiment_tilt,2021-02-09,2021-01-29,-0.0028398631590241946,1.0434622211833138
equity_sentiment_tilt,equity,sentiment_tilt,2021-02-10,2021-01-29,0.0012837558526653135,1.044801771916793
equity_sentiment_tilt,equity,sentiment_tilt,2021-02-11,2021-01-29,-0.0012682695352243358,1.0434766816591226
equity_sentiment_tilt,equity,sentiment_tilt,2021-02-12,2021-01-29,0.004350540044574999,1.0480163687482607
equity_sentiment_tilt,equity,sentiment_tilt,2021-02-16,2021-01-29,0.00026299663495679237,1.048291993526621
equity_sentiment_tilt,equity,sentiment_tilt,2021-02-17,2021-01-29,0.0028282506479079374,1.0512568260365096
equity_sentiment_tilt,equity,sentiment_tilt,2021-02-18,2021-01-29,-0.005827647891083959,1.0451304714112704
equity_sentiment_tilt,equity,sentiment_tilt,2021-02-19,2021-01-29,0.0006979970029222164,1.045859969347978
equity_sentiment_tilt,equity,sentiment_tilt,2021-02-22,2021-01-29,0.0025891691483311036,1.0485678777140883
equity_sentiment_tilt,equity,sentiment_tilt,2021-02-23,2021-01-29,0.000306985371373325,1.0488897727134385
equity_sentiment_tilt,equity,sentiment_tilt,2021-02-24,2021-01-29,0.014028537372731234,1.0636041620898244
equity_sentiment_tilt,equity,sentiment_tilt,2021-02-25,2021-01-29,-0.017681385771787083,1.0447981665914359
equity_sentiment_tilt,equity,sentiment_tilt,2021-02-26,2021-01-29,-0.013211811734725904,1.0309944899136432
equity_sentiment_tilt,equity,sentiment_tilt,2021-03-01,2021-02-26,0.01980940948417271,1.0514178819402684
equity_sentiment_tilt,equity,sentiment_tilt,2021-03-02,2021-02-26,-0.0026181438195516603,1.0486651187109004
equity_sentiment_tilt,equity,sentiment_tilt,2021-03-03,2021-02-26,-0.006434296450996753,1.0419176964592947
equity_sentiment_tilt,equity,sentiment_tilt,2021-03-04,2021-02-26,-0.007616440465486312,1.033981992354276
equity_sentiment_tilt,equity,sentiment_tilt,2021-03-05,2021-02-26,0.017539931473191283,1.0521179656446835
equity_sentiment_tilt,equity,sentiment_tilt,2021-03-08,2021-02-26,0.002251872622144682,1.0544872012867854
equity_sentiment_tilt,equity,sentiment_tilt,2021-03-09,2021-02-26,0.006422594944323018,1.0612597454546233
equity_sentiment_tilt,equity,sentiment_tilt,2021-03-10,2021-02-26,0.010067473629776787,1.0719439499563312
equity_sentiment_tilt,equity,sentiment_tilt,2021-03-11,2021-02-26,0.004950580754685125,1.0772506950450862
equity_sentiment_tilt,equity,sentiment_tilt,2021-03-12,2021-02-26,0.0070792003974322094,1.0848767685935836
equity_sentiment_tilt,equity,sentiment_tilt,2021-03-15,2021-02-26,0.005876142753280841,1.0912516593555575
equity_sentiment_tilt,equity,sentiment_tilt,2021-03-16,2021-02-26,-0.00047851912087547733,1.0907294745708687
equity_sentiment_tilt,equity,sentiment_tilt,2021-03-17,2021-02-26,0.0023149832244169386,1.0932544950068772
equity_sentiment_tilt,equity,sentiment_tilt,2021-03-18,2021-02-26,-0.013162165012512845,1.0788648989429253
equity_sentiment_tilt,equity,sentiment_tilt,2021-03-19,2021-02-26,-0.004766303867531821,1.0737227010025492
equity_sentiment_tilt,equity,sentiment_tilt,2021-03-22,2021-02-26,0.005667934269452439,1.0798084906954504
equity_sentiment_tilt,equity,sentiment_tilt,2021-03-23,2021-02-26,-0.00862902940462934,1.0704907914778707
equity_sentiment_tilt,equity,sentiment_tilt,2021-03-24,2021-02-26,-0.0031282130485632866,1.0671420682156028
equity_sentiment_tilt,equity,sentiment_tilt,2021-03-25,2021-02-26,0.007141555231983024,1.0747631222361371
equity_sentiment_tilt,equity,sentiment_tilt,2021-03-26,2021-02-26,0.01961210835275943,1.0958414930429823
equity_sentiment_tilt,equity,sentiment_tilt,2021-03-29,2021-02-26,0.000989503368992955,1.0969258318922308
equity_sentiment_tilt,equity,sentiment_tilt,2021-03-30,2021-02-26,-0.0032682554646543535,1.0933407980478285
equity_sentiment_tilt,equity,sentiment_tilt,2021-03-31,2021-02-26,-0.0012727603228571555,1.0919492372607122
equity_sentiment_tilt,equity,sentiment_tilt,2021-04-01,2021-03-31,0.01251339870348309,1.1056132334305198
equity_sentiment_tilt,equity,sentiment_tilt,2021-04-05,2021-03-31,0.004978647418392527,1.1111176919008794
equity_sentiment_tilt,equity,sentiment_tilt,2021-04-06,2021-03-31,0.00010951585498493823,1.1112393769048967
equity_sentiment_tilt,equity,sentiment_tilt,2021-04-07,2021-03-31,-0.0007979450130938379,1.110352668985742
equity_sentiment_tilt,equity,sentiment_tilt,2021-04-08,2021-03-31,-0.0012744621724406742,1.108937566511051
equity_sentiment_tilt,equity,sentiment_tilt,2021-04-09,2021-03-31,0.0024098613525251776,1.1116099522949494
equity_sentiment_tilt,equity,sentiment_tilt,2021-04-12,2021-03-31,-0.0007345287016387856,1.1107934428799615
equity_sentiment_tilt,equity,sentiment_tilt,2021-04-13,2021-03-31,0.0017674945134387775,1.1127567641958156
equity_sentiment_tilt,equity,sentiment_tilt,2021-04-14,2021-03-31,0.0034911691765389975,1.1166415863119612
equity_sentiment_tilt,equity,sentiment_tilt,2021-04-15,2021-03-31,0.0093577104627946,1.1270907949673843
equity_sentiment_tilt,equity,sentiment_tilt,2021-04-16,2021-03-31,0.0022195576977091466,1.1295924380173712
equity_sentiment_tilt,equity,sentiment_tilt,2021-04-19,2021-03-31,-0.0038238547630886958,1.1252730405929094
equity_sentiment_tilt,equity,sentiment_tilt,2021-04-20,2021-03-31,-0.009576762054163437,1.1144965684371861
equity_sentiment_tilt,equity,sentiment_tilt,2021-04-21,2021-03-31,0.011221049910603957,1.1270023900568167
equity_sentiment_tilt,equity,sentiment_tilt,2021-04-22,2021-03-31,-0.009797900573020546,1.1159601326934834
equity_sentiment_tilt,equity,sentiment_tilt,2021-04-23,2021-03-31,0.00901033251817886,1.1260153045660828
equity_sentiment_tilt,equity,sentiment_tilt,2021-04-26,2021-03-31,0.0013924890372249907,1.1275832685334386
equity_sentiment_tilt,equity,sentiment_tilt,2021-04-27,2021-03-31,0.0012791522938849365,1.1290256192579293
equity_sentiment_tilt,equity,sentiment_tilt,2021-04-28,2021-03-31,0.0011382207559808243,1.1303106996518029
equity_sentiment_tilt,equity,sentiment_tilt,2021-04-29,2021-03-31,0.009169329434731036,1.1406748908205115
equity_sentiment_tilt,equity,sentiment_tilt,2021-04-30,2021-03-31,-0.007630298785750463,1.1319712005861478
equity_sentiment_tilt,equity,sentiment_tilt,2021-05-03,2021-04-30,0.007457903702120237,1.1404133327936927
equity_sentiment_tilt,equity,sentiment_tilt,2021-05-04,2021-04-30,-0.0024075598620160424,1.1376677194275506
equity_sentiment_tilt,equity,sentiment_tilt,2021-05-05,2021-04-30,0.006521395730463806,1.1450869008357119
equity_sentiment_tilt,equity,sentiment_tilt,2021-05-06,2021-04-30,0.008104049852707062,1.1543667421657662
equity_sentiment_tilt,equity,sentiment_tilt,2021-05-07,2021-04-30,0.009755037529691805,1.1656276330586213
equity_sentiment_tilt,equity,sentiment_tilt,2021-05-10,2021-04-30,-0.00467039573208719,1.1601836907359815
equity_sentiment_tilt,equity,sentiment_tilt,2021-05-11,2021-04-30,-0.009424136415046329,1.1492499613679736
equity_sentiment_tilt,equity,sentiment_tilt,2021-05-12,2021-04-30,-0.015550395174147205,1.131378670314828
equity_sentiment_tilt,equity,sentiment_tilt,2021-05-13,2021-04-30,0.00803034186541322,1.1404640278166929
equity_sentiment_tilt,equity,sentiment_tilt,2021-05-14,2021-04-30,0.014330275923252821,1.1568071920158505
equity_sentiment_tilt,equity,sentiment_tilt,2021-05-17,2021-04-30,0.0033222836912213537,1.1606504336837724
equity_sentiment_tilt,equity,sentiment_tilt,2021-05-18,2021-04-30,-0.008909756978820361,1.1503093203822876
equity_sentiment_tilt,equity,sentiment_tilt,2021-05-19,2021-04-30,-0.005508015831566286,1.1439733984344238
equity_sentiment_tilt,equity,sentiment_tilt,2021-05-20,2021-04-30,0.00865582570289713,1.153875432780023
equity_sentiment_tilt,equity,sentiment_tilt,2021-05-21,2021-04-30,0.0022979933774152266,1.1565270308829134
equity_sentiment_tilt,equity,sentiment_tilt,2021-05-24,2021-04-30,0.006314072164074237,1.1638294260156106
equity_sentiment_tilt,equity,sentiment_tilt,2021-05-25,2021-04-30,-0.005531241831220891,1.1573920040100272
equity_sentiment_tilt,equity,sentiment_tilt,2021-05-26,2021-04-30,0.0038412683898159526,1.1618378573296566
equity_sentiment_tilt,equity,sentiment_tilt,2021-05-27,2021-04-30,0.002404594484276114,1.1646316062330146
equity_sentiment_tilt,equity,sentiment_tilt,2021-05-28,2021-04-30,0.0029630465473666364,1.1680824638928176
equity_sentiment_tilt,equity,sentiment_tilt,2021-06-01,2021-05-28,0.005762299496501566,1.1748133048863796
equity_sentiment_tilt,equity,sentiment_tilt,2021-06-02,2021-05-28,0.0036807369927503476,1.1791374836772501
equity_sentiment_tilt,equity,sentiment_tilt,2021-06-03,2021-05-28,0.001534119481715407,1.1809464214625802
equity_sentiment_tilt,equity,sentiment_tilt,2021-06-04,2021-05-28,0.006663430554345987,1.1888155759303995
equity_sentiment_tilt,equity,sentiment_tilt,2021-06-07,2021-05-28,-0.0020224330567444795,1.1864112760112653
equity_sentiment_tilt,equity,sentiment_tilt,2021-06-08,2021-05-28,-0.002725574493238899,1.183177623698878
equity_sentiment_tilt,equity,sentiment_tilt,2021-06-09,2021-05-28,-0.0025368496856849054,1.180176079916088
equity_sentiment_tilt,equity,sentiment_tilt,2021-06-10,2021-05-28,0.0037624597919072847,1.1846164449641432
equity_sentiment_tilt,equity,sentiment_tilt,2021-06-11,2021-05-28,-6.194812446953563e-05,1.1845430601971618
equity_sentiment_tilt,equity,sentiment_tilt,2021-06-14,2021-05-28,-0.0014651251278668407,1.1828075563946265
equity_sentiment_tilt,equity,sentiment_tilt,2021-06-15,2021-05-28,-0.0015474442789600057,1.180977227608373
equity_sentiment_tilt,equity,sentiment_tilt,2021-06-16,2021-05-28,-0.008029854725647097,1.1714941520363802
equity_sentiment_tilt,equity,sentiment_tilt,2021-06-17,2021-05-28,-0.00830614378429341,1.161763553167107
equity_sentiment_tilt,equity,sentiment_tilt,2021-06-18,2021-05-28,-0.015009526511847521,1.1443260323153472
equity_sentiment_tilt,equity,sentiment_tilt,2021-06-21,2021-05-28,0.01664387396922251,1.1633720505769043
equity_sentiment_tilt,equity,sentiment_tilt,2021-06-22,2021-05-28,0.0014992429296806639,1.1651162278983198
equity_sentiment_tilt,equity,sentiment_tilt,2021-06-23,2021-05-28,-0.0034864955674408435,1.1610540553341988
equity_sentiment_tilt,equity,sentiment_tilt,2021-06-24,2021-05-28,0.007968850638864412,1.1703063216848049
equity_sentiment_tilt,equity,sentiment_tilt,2021-06-25,2021-05-28,0.00801791078471802,1.179689733362865
equity_sentiment_tilt,equity,sentiment_tilt,2021-06-28,2021-05-28,-0.0015144610554894764,1.1779031392041264
equity_sentiment_tilt,equity,sentiment_tilt,2021-06-29,2021-05-28,-0.00051938418697931,1.1772913549398305
equity_sentiment_tilt,equity,sentiment_tilt,2021-06-30,2021-05-28,0.004531717833591435,1.1826265071683444
equity_sentiment_tilt,equity,sentiment_tilt,2021-07-01,2021-06-30,0.00681997102383977,1.1906919856792573
equity_sentiment_tilt,equity,sentiment_tilt,2021-07-02,2021-06-30,0.003638501720959922,1.1950243205182844
equity_sentiment_tilt,equity,sentiment_tilt,2021-07-06,2021-06-30,-0.009340264650899821,1.183862477100382
equity_sentiment_tilt,equity,sentiment_tilt,2021-07-07,2021-06-30,-0.0005101321443070784,1.1832585507963742
equity_sentiment_tilt,equity,sentiment_tilt,2021-07-08,2021-06-30,-0.006898859116395009,1.1750954167561602
equity_sentiment_tilt,equity,sentiment_tilt,2021-07-09,2021-06-30,0.012111644298009996,1.1893277544601328
equity_sentiment_tilt,equity,sentiment_tilt,2021-07-12,2021-06-30,0.0040863612193129464,1.1941877772730112
equity_sentiment_tilt,equity,sentiment_tilt,2021-07-13,2021-06-30,-0.004923571380883003,1.1883081085094296
equity_sentiment_tilt,equity,sentiment_tilt,2021-07-14,2021-06-30,-0.0021896307562477247,1.1857061525271388
equity_sentiment_tilt,equity,sentiment_tilt,2021-07-15,2021-06-30,-0.0018385413490696833,1.1835261827378714
equity_sentiment_tilt,equity,sentiment_tilt,2021-07-16,2021-06-30,-0.009962471476335177,1.1717353369008494
equity_sentiment_tilt,equity,sentiment_tilt,2021-07-19,2021-06-30,-0.01742644649570323,1.151316153745222
equity_sentiment_tilt,equity,sentiment_tilt,2021-07-20,2021-06-30,0.011487577956357794,1.164541987813784
equity_sentiment_tilt,equity,sentiment_tilt,2021-07-21,2021-06-30,0.01129066283486432,1.177690438755232
equity_sentiment_tilt,equity,sentiment_tilt,2021-07-22,2021-06-30,-0.0014397842471301646,1.1759948186135165
equity_sentiment_tilt,equity,sentiment_tilt,2021-07-23,2021-06-30,0.004711289679624592,1.1815352708657425
equity_sentiment_tilt,equity,sentiment_tilt,2021-07-26,2021-06-30,0.006069291426543658,1.188706352755367
equity_sentiment_tilt,equity,sentiment_tilt,2021-07-27,2021-06-30,-0.002711625599479786,1.1854830261789713
equity_sentiment_tilt,equity,sentiment_tilt,2021-07-28,2021-06-30,0.0030369506197084235,1.1890832795899793
equity_sentiment_tilt,equity,sentiment_tilt,2021-07-29,2021-06-30,0.006671981885242241,1.197016821691448
equity_sentiment_tilt,equity,sentiment_tilt,2021-07-30,2021-06-30,-0.005729050967311733,1.1901590513112483
equity_sentiment_tilt,equity,sentiment_tilt,2021-08-02,2021-07-30,-0.0027464537413394376,1.1868903345319857
equity_sentiment_tilt,equity,sentiment_tilt,2021-08-03,2021-07-30,0.006570535778481049,1.1946888399401614
equity_sentiment_tilt,equity,sentiment_tilt,2021-08-04,2021-07-30,-0.008014729941705287,1.185113731523672
equity_sentiment_tilt,equity,sentiment_tilt,2021-08-05,2021-07-30,0.004954682105141236,1.1909855933218094
equity_sentiment_tilt,equity,sentiment_tilt,2021-08-06,2021-07-30,0.003871137300156045,1.195596062076066
equity_sentiment_tilt,equity,sentiment_tilt,2021-08-09,2021-07-30,-0.0024482491988161905,1.1926689449749805
equity_sentiment_tilt,equity,sentiment_tilt,2021-08-10,2021-07-30,0.00664164780123911,1.20059023205098
equity_sentiment_tilt,equity,sentiment_tilt,2021-08-11,2021-07-30,0.008771519754844508,1.2111212329888887
equity_sentiment_tilt,equity,sentiment_tilt,2021-08-12,2021-07-30,0.001657489058012094,1.213128653180494
equity_sentiment_tilt,equity,sentiment_tilt,2021-08-13,2021-07-30,0.0009081749564196111,1.2142303862422277
equity_sentiment_tilt,equity,sentiment_tilt,2021-08-16,2021-07-30,-0.0015330846074479475,1.212368868327184
equity_sentiment_tilt,equity,sentiment_tilt,2021-08-17,2021-07-30,-0.005757561625117575,1.2053885798554163
equity_sentiment_tilt,equity,sentiment_tilt,2021-08-18,2021-07-30,-0.012855115401418846,1.1898931705578226
equity_sentiment_tilt,equity,sentiment_tilt,2021-08-19,2021-07-30,-0.005042550585042362,1.1838930740544884
equity_sentiment_tilt,equity,sentiment_tilt,2021-08-20,2021-07-30,0.0052664715620291186,1.1901280132614798
equity_sentiment_tilt,equity,sentiment_tilt,2021-08-23,2021-07-30,0.010589262411850549,1.2027305910976
equity_sentiment_tilt,equity,sentiment_tilt,2021-08-24,2021-07-30,0.002545396526825224,1.2057920173668863
equity_sentiment_tilt,equity,sentiment_tilt,2021-08-25,2021-07-30,0.0004610376387110542,1.2063479328713498
equity_sentiment_tilt,equity,sentiment_tilt,2021-08-26,2021-07-30,-0.007206341074689848,1.1976545782123318
equity_sentiment_tilt,equity,sentiment_tilt,2021-08-27,2021-07-30,0.011441684720928548,1.211357764300814
equity_sentiment_tilt,equity,sentiment_tilt,2021-08-30,2021-07-30,-0.0012802262452772906,1.2098069522985357
equity_sentiment_tilt,equity,sentiment_tilt,2021-08-31,2021-07-30,-0.0006110951905948098,1.209067645088438
equity_sentiment_tilt,equity,sentiment_tilt,2021-09-01,2021-08-31,-0.0019292036099945009,1.2067351074228057
equity_sentiment_tilt,equity,sentiment_tilt,2021-09-02,2021-08-31,0.00626282845351187,1.214292682389425
equity_sentiment_tilt,equity,sentiment_tilt,2021-09-03,2021-08-31,-0.0032393068835182962,1.210359215744755
equity_sentiment_tilt,equity,sentiment_tilt,2021-09-07,2021-08-31,-0.010004620457176396,1.198250031174383
equity_sentiment_tilt,equity,sentiment_tilt,2021-09-08,2021-08-31,-0.0016373578582572702,1.1962880670696825
equity_sentiment_tilt,equity,sentiment_tilt,2021-09-09,2021-08-31,-0.006229797870214873,1.1888354342172884
equity_sentiment_tilt,equity,sentiment_tilt,2021-09-10,2021-08-31,-0.0036482866951040036,1.1844982217199653
equity_sentiment_tilt,equity,sentiment_tilt,2021-09-13,2021-08-31,0.004647915595399668,1.1900036694774205
equity_sentiment_tilt,equity,sentiment_tilt,2021-09-14,2021-08-31,-0.0093392435713501,1.1788899353573705
equity_sentiment_tilt,equity,sentiment_tilt,2021-09-15,2021-08-31,0.007905131156613432,1.188209214915582
equity_sentiment_tilt,equity,sentiment_tilt,2021-09-16,2021-08-31,-0.004694063360512564,1.1826316855752235
equity_sentiment_tilt,equity,sentiment_tilt,2021-09-17,2021-08-31,-0.011596391237307246,1.168917425859657
equity_sentiment_tilt,equity,sentiment_tilt,2021-09-20,2021-08-31,-0.016822871220044756,1.1492528785375538
equity_sentiment_tilt,equity,sentiment_tilt,2021-09-21,2021-08-31,-0.002130913682251573,1.146803919854311
equity_sentiment_tilt,equity,sentiment_tilt,2021-09-22,2021-08-31,0.008293046583393603,1.1563144181836813
equity_sentiment_tilt,equity,sentiment_tilt,2021-09-23,2021-08-31,0.010981252166232348,1.1690121983932065
equity_sentiment_tilt,equity,sentiment_tilt,2021-09-24,2021-08-31,-0.002586939363478295,1.1659880347207967
equity_sentiment_tilt,equity,sentiment_tilt,2021-09-27,2021-08-31,0.0025058207837304804,1.1689097917717812
equity_sentiment_tilt,equity,sentiment_tilt,2021-09-28,2021-08-31,-0.011895288954782573,1.155005272036581
equity_sentiment_tilt,equity,sentiment_tilt,2021-09-29,2021-08-31,0.003965336807200509,1.1595852569542984
equity_sentiment_tilt,equity,sentiment_tilt,2021-09-30,2021-08-31,-0.009647669511837698,1.148397961624404
equity_sentiment_tilt,equity,sentiment_tilt,2021-10-01,2021-09-30,0.012246084812437037,1.1624613404608863
equity_sentiment_tilt,equity,sentiment_tilt,2021-10-04,2021-09-30,-0.0030413441258497612,1.1589258954915482
equity_sentiment_tilt,equity,sentiment_tilt,2021-10-05,2021-09-30,0.005527322236784124,1.1653316523644837
equity_sentiment_tilt,equity,sentiment_tilt,2021-10-06,2021-09-30,0.0014229616231634197,1.166989874584056
equity_sentiment_tilt,equity,sentiment_tilt,2021-10-07,2021-09-30,0.008015419775191178,1.1763437883022447
equity_sentiment_tilt,equity,sentiment_tilt,2021-10-08,2021-09-30,-0.0009275212110374763,1.1752527044871222
equity_sentiment_tilt,equity,sentiment_tilt,2021-10-11,2021-09-30,-0.008745801973434176,1.164974177064935
equity_sentiment_tilt,equity,sentiment_tilt,2021-10-12,2021-09-30,-0.0009056621196352871,1.163919104082414
equity_sentiment_tilt,equity,sentiment_tilt,2021-10-13,2021-09-30,0.003440000615665439,1.1679229865170422
equity_sentiment_tilt,equity,sentiment_tilt,2021-10-14,2021-09-30,0.012851964104755547,1.182933090816878
equity_sentiment_tilt,equity,sentiment_tilt,2021-10-15,2021-09-30,0.004741217965711366,1.1885416344392934
equity_sentiment_tilt,equity,sentiment_tilt,2021-10-18,2021-09-30,4.852776785345395e-05,1.1885993117118137
equity_sentiment_tilt,equity,sentiment_tilt,2021-10-19,2021-09-30,0.009800597041088464,1.2002482946092161
equity_sentiment_tilt,equity,sentiment_tilt,2021-10-20,2021-09-30,0.008721535478134913,1.2107163026932213
equity_sentiment_tilt,equity,sentiment_tilt,2021-10-21,2021-09-30,0.0010649075107758243,1.212005603577378
equity_sentiment_tilt,equity,sentiment_tilt,2021-10-22,2021-09-30,0.0010238918571290568,1.2132465662456757
equity_sentiment_tilt,equity,sentiment_tilt,2021-10-25,2021-09-30,0.005987432859407469,1.2205107986029782
equity_sentiment_tilt,equity,sentiment_tilt,2021-10-26,2021-09-30,0.005162120031607484,1.2268112218452398
equity_sentiment_tilt,equity,sentiment_tilt,2021-10-27,2021-09-30,-0.015610969633772167,1.207659509114643
equity_sentiment_tilt,equity,sentiment_tilt,2021-10-28,2021-09-30,0.008399752800421687,1.2178035504582845
equity_sentiment_tilt,equity,sentiment_tilt,2021-10-29,2021-09-30,-0.0027324577821828777,1.2144759536696648
equity_sentiment_tilt,equity,sentiment_tilt,2021-11-01,2021-10-29,0.0076580011438240865,1.2237764119120138
equity_sentiment_tilt,equity,sentiment_tilt,2021-11-02,2021-10-29,0.00453642306160464,1.2293279794492593
equity_sentiment_tilt,equity,sentiment_tilt,2021-11-03,2021-10-29,0.004968688037270025,1.2354361266746303
equity_sentiment_tilt,equity,sentiment_tilt,2021-11-04,2021-10-29,0.005068770233834372,1.2416982685393223
equity_sentiment_tilt,equity,sentiment_tilt,2021-11-05,2021-10-29,0.0041833060840323405,1.2468926724606353
equity_sentiment_tilt,equity,sentiment_tilt,2021-11-08,2021-10-29,0.0045708629324188255,1.2525920479578903
equity_sentiment_tilt,equity,sentiment_tilt,2021-11-09,2021-10-29,-0.0009955767566185102,1.251344996429418
equity_sentiment_tilt,equity,sentiment_tilt,2021-11-10,2021-10-29,-0.007675372966016769,1.2417404568726635
equity_sentiment_tilt,equity,sentiment_tilt,2021-11-11,2021-10-29,0.0016056106892563368,1.2437342086235004
equity_sentiment_tilt,equity,sentiment_tilt,2021-11-12,2021-10-29,0.002396330979614065,1.2467146074380306
equity_sentiment_tilt,equity,sentiment_tilt,2021-11-15,2021-10-29,-0.000884832313689675,1.2456114740674207
equity_sentiment_tilt,equity,sentiment_tilt,2021-11-16,2021-10-29,0.0003059773466769075,1.2459926029612463
equity_sentiment_tilt,equity,sentiment_tilt,2021-11-17,2021-10-29,-0.006848629878851667,1.2374592607917776
equity_sentiment_tilt,equity,sentiment_tilt,2021-11-18,2021-10-29,-0.0010508184424142487,1.2361589157788013
equity_sentiment_tilt,equity,sentiment_tilt,2021-11-19,2021-10-29,-0.008301002790307897,1.2258975571696575
equity_sentiment_tilt,equity,sentiment_tilt,2021-11-22,2021-10-29,0.0019756863892536106,1.228319546287977
equity_sentiment_tilt,equity,sentiment_tilt,2021-11-23,2021-10-29,0.007797222228140984,1.2378970267575538
equity_sentiment_tilt,equity,sentiment_tilt,2021-11-24,2021-10-29,0.0018947467330451436,1.240242528104849
equity_sentiment_tilt,equity,sentiment_tilt,2021-11-26,2021-10-29,-0.022359641346323372,1.2125111499939671
equity_sentiment_tilt,equity,sentiment_tilt,2021-11-29,2021-10-29,0.0073050886831813305,1.2213686514740192
equity_sentiment_tilt,equity,sentiment_tilt,2021-11-30,2021-10-29,-0.0226382992478925,1.1937189424499555
equity_sentiment_tilt,equity,sentiment_tilt,2021-12-01,2021-11-30,-0.0128556163602325,1.1783729496838764
equity_sentiment_tilt,equity,sentiment_tilt,2021-12-02,2021-11-30,0.021143323890699162,1.203287670623081
equity_sentiment_tilt,equity,sentiment_tilt,2021-12-03,2021-11-30,-0.0012494809957880435,1.2017841855461715
equity_sentiment_tilt,equity,sentiment_tilt,2021-12-06,2021-11-30,0.013527715395825547,1.218041579975444
equity_sentiment_tilt,equity,sentiment_tilt,2021-12-07,2021-11-30,0.015267144253298334,1.2366375964834446
equity_sentiment_tilt,equity,sentiment_tilt,2021-12-08,2021-11-30,-0.0005527515266315842,1.2359540431640983
equity_sentiment_tilt,equity,sentiment_tilt,2021-12-09,2021-11-30,-0.006750524863163998,1.227610704665991
equity_sentiment_tilt,equity,sentiment_tilt,2021-12-10,2021-11-30,0.005437554311363505,1.2342859045458237
equity_sentiment_tilt,equity,sentiment_tilt,2021-12-13,2021-11-30,-0.005677136694580251,1.2272786947455234
equity_sentiment_tilt,equity,sentiment_tilt,2021-12-14,2021-11-30,-0.0021667535258635844,1.2246194843064664
equity_sentiment_tilt,equity,sentiment_tilt,2021-12-15,2021-11-30,0.00926674044236064,1.2359677152081918
equity_sentiment_tilt,equity,sentiment_tilt,2021-12-16,2021-11-30,0.004165426498607168,1.2411160478805427
equity_sentiment_tilt,equity,sentiment_tilt,2021-12-17,2021-11-30,-0.01243836598900841,1.225678592242173
equity_sentiment_tilt,equity,sentiment_tilt,2021-12-20,2021-11-30,-0.008120452616165372,1.2157255273112222
equity_sentiment_tilt,equity,sentiment_tilt,2021-12-21,2021-11-30,0.014294233375098168,1.2331033917186731
equity_sentiment_tilt,equity,sentiment_tilt,2021-12-22,2021-11-30,0.0060521025429527715,1.2405662598914173
equity_sentiment_tilt,equity,sentiment_tilt,2021-12-23,2021-11-30,0.004958595462441311,1.2467177261185727
equity_sentiment_tilt,equity,sentiment_tilt,2021-12-27,2021-11-30,0.012833609431086503,1.2627176144863907
equity_sentiment_tilt,equity,sentiment_tilt,2021-12-28,2021-11-30,0.0017969313028636605,1.2649866312945386
equity_sentiment_tilt,equity,sentiment_tilt,2021-12-29,2021-11-30,0.0004909859251211701,1.2656077219259707
equity_sentiment_tilt,equity,sentiment_tilt,2021-12-30,2021-11-30,-0.0015606257589316857,1.2636325819144303
equity_sentiment_tilt,equity,sentiment_tilt,2021-12-31,2021-11-30,-0.0009981835764278895,1.262371244624524
equity_sentiment_tilt,equity,sentiment_tilt,2022-01-03,2021-12-31,0.007885657718918925,1.2723258721738389
equity_sentiment_tilt,equity,sentiment_tilt,2022-01-04,2021-12-31,0.0081885885230789,1.2827444252083378
equity_sentiment_tilt,equity,sentiment_tilt,2022-01-05,2021-12-31,-0.009916313533860376,1.2700243293041604
equity_sentiment_tilt,equity,sentiment_tilt,2022-01-06,2021-12-31,0.0005696106449101705,1.2707477486814271
equity_sentiment_tilt,equity,sentiment_tilt,2022-01-07,2021-12-31,0.0014681541422456468,1.2726134022524032
equity_sentiment_tilt,equity,sentiment_tilt,2022-01-10,2021-12-31,-0.006371001448037887,1.2645055804238605
equity_sentiment_tilt,equity,sentiment_tilt,2022-01-11,2021-12-31,0.009805147875218984,1.2769042446289562
equity_sentiment_tilt,equity,sentiment_tilt,2022-01-12,2021-12-31,0.0026537673970202544,1.2802928514824692
equity_sentiment_tilt,equity,sentiment_tilt,2022-01-13,2021-12-31,-0.004881518633533911,1.2740430780715772
equity_sentiment_tilt,equity,sentiment_tilt,2022-01-14,2021-12-31,0.0014809826226170018,1.2759299137306668
equity_sentiment_tilt,equity,sentiment_tilt,2022-01-18,2021-12-31,-0.011232512424058684,1.261598015122459
equity_sentiment_tilt,equity,sentiment_tilt,2022-01-19,2021-12-31,-0.006884884829299342,1.2529120580874682
equity_sentiment_tilt,equity,sentiment_tilt,2022-01-20,2021-12-31,-0.011398337353196987,1.238630943775499
equity_sentiment_tilt,equity,sentiment_tilt,2022-01-21,2021-12-31,-0.012788060723232275,1.2227912560528233
equity_sentiment_tilt,equity,sentiment_tilt,2022-01-24,2021-12-31,0.0020903631885246642,1.225347333881726
equity_sentiment_tilt,equity,sentiment_tilt,2022-01-25,2021-12-31,-0.003742376509624589,1.2207616228032758
equity_sentiment_tilt,equity,sentiment_tilt,2022-01-26,2021-12-31,-0.008661538022168567,1.2101879495913612
equity_sentiment_tilt,equity,sentiment_tilt,2022-01-27,2021-12-31,-0.0034313827138714296,1.2060353315805978
equity_sentiment_tilt,equity,sentiment_tilt,2022-01-28,2021-12-31,0.017379585814057654,1.2269957261205884
equity_sentiment_tilt,equity,sentiment_tilt,2022-01-31,2021-12-31,0.013970986806639902,1.2441380672220228
equity_sentiment_tilt,equity,sentiment_tilt,2022-02-01,2022-01-31,0.011796935823603924,1.2588150841567436
equity_sentiment_tilt,equity,sentiment_tilt,2022-02-02,2022-01-31,0.00988766967374603,1.2712618318892142
equity_sentiment_tilt,equity,sentiment_tilt,2022-02-03,2022-01-31,-0.010147565593911674,1.258361619063082
equity_sentiment_tilt,equity,sentiment_tilt,2022-02-04,2022-01-31,-0.0008702856397319708,1.2572664850164215
equity_sentiment_tilt,equity,sentiment_tilt,2022-02-07,2022-01-31,0.002593964173728164,1.2605277892353832
equity_sentiment_tilt,equity,sentiment_tilt,2022-02-08,2022-01-31,0.003912986326595706,1.265460217238955
equity_sentiment_tilt,equity,sentiment_tilt,2022-02-09,2022-01-31,0.012605722155908801,1.2814122571368254
equity_sentiment_tilt,equity,sentiment_tilt,2022-02-10,2022-01-31,-0.017218497310472283,1.2593482636337088
equity_sentiment_tilt,equity,sentiment_tilt,2022-02-11,2022-01-31,-0.010047731903249158,1.246694669907895
equity_sentiment_tilt,equity,sentiment_tilt,2022-02-14,2022-01-31,-0.0065564059344163,1.2385208335757056
equity_sentiment_tilt,equity,sentiment_tilt,2022-02-15,2022-01-31,0.010470415804720103,1.2514886616860519
equity_sentiment_tilt,equity,sentiment_tilt,2022-02-16,2022-01-31,-0.0003578196513858966,1.251040854449414
equity_sentiment_tilt,equity,sentiment_tilt,2022-02-17,2022-01-31,-0.01540968847852752,1.2317627046084376
equity_sentiment_tilt,equity,sentiment_tilt,2022-02-18,2022-01-31,-0.008694514251768362,1.2210531262184228
equity_sentiment_tilt,equity,sentiment_tilt,2022-02-22,2022-01-31,-0.0066237601641732135,1.212965163162638
equity_sentiment_tilt,equity,sentiment_tilt,2022-02-23,2022-01-31,-0.011364791260358371,1.199180067277208
equity_sentiment_tilt,equity,sentiment_tilt,2022-02-24,2022-01-31,0.006656691839529589,1.2071626394451787
equity_sentiment_tilt,equity,sentiment_tilt,2022-02-25,2022-01-31,0.02561863354623711,1.2380884967358332
equity_sentiment_tilt,equity,sentiment_tilt,2022-02-28,2022-01-31,-0.0014457967251502472,1.2362984724418065
equity_sentiment_tilt,equity,sentiment_tilt,2022-03-01,2022-02-28,-0.012324323114634921,1.221061930601304
equity_sentiment_tilt,equity,sentiment_tilt,2022-03-02,2022-02-28,0.019604634211753295,1.2450004031006399
equity_sentiment_tilt,equity,sentiment_tilt,2022-03-03,2022-02-28,-0.0005369931462014245,1.2443318464171569
equity_sentiment_tilt,equity,sentiment_tilt,2022-03-04,2022-02-28,0.0024613472388320193,1.2473945791715264
equity_sentiment_tilt,equity,sentiment_tilt,2022-03-07,2022-02-28,-0.017069834574773155,1.2261017600555997
equity_sentiment_tilt,equity,sentiment_tilt,2022-03-08,2022-02-28,-0.004545383065067939,1.220528657879393
equity_sentiment_tilt,equity,sentiment_tilt,2022-03-09,2022-02-28,0.0144266751934715,1.2381368283909426
equity_sentiment_tilt,equity,sentiment_tilt,2022-03-10,2022-02-28,-0.00038093753296654864,1.2376651756020605
equity_sentiment_tilt,equity,sentiment_tilt,2022-03-11,2022-02-28,-0.008211503525193294,1.2275020836495951
equity_sentiment_tilt,equity,sentiment_tilt,2022-03-14,2022-02-28,-0.009675864748296415,1.2156249395099497
equity_sentiment_tilt,equity,sentiment_tilt,2022-03-15,2022-02-28,0.009242085523103743,1.2268598491649183
equity_sentiment_tilt,equity,sentiment_tilt,2022-03-16,2022-02-28,0.01531788602497087,1.2456527485030395
equity_sentiment_tilt,equity,sentiment_tilt,2022-03-17,2022-02-28,0.014802059413977511,1.264090974495566
equity_sentiment_tilt,equity,sentiment_tilt,2022-03-18,2022-02-28,0.004624488985140016,1.2699367492833358
equity_sentiment_tilt,equity,sentiment_tilt,2022-03-21,2022-02-28,0.0037785462585893633,1.2747352640359855
equity_sentiment_tilt,equity,sentiment_tilt,2022-03-22,2022-02-28,0.005413372943934431,1.281635881424997
equity_sentiment_tilt,equity,sentiment_tilt,2022-03-23,2022-02-28,-0.009207614756442585,1.269835071970802
equity_sentiment_tilt,equity,sentiment_tilt,2022-03-24,2022-02-28,0.010209858847778185,1.2827999088155821
equity_sentiment_tilt,equity,sentiment_tilt,2022-03-25,2022-02-28,0.009274807839462754,1.294697631466327
equity_sentiment_tilt,equity,sentiment_tilt,2022-03-28,2022-02-28,0.0006677904872172949,1.2955622182284428
equity_sentiment_tilt,equity,sentiment_tilt,2022-03-29,2022-02-28,0.012328094760362127,1.311534032022708
equity_sentiment_tilt,equity,sentiment_tilt,2022-03-30,2022-02-28,-0.003903778208617352,1.3064140940486377
equity_sentiment_tilt,equity,sentiment_tilt,2022-03-31,2022-02-28,-0.014421496667892449,1.2875736475444275
equity_sentiment_tilt,equity,sentiment_tilt,2022-04-01,2022-03-31,0.006373157822494807,1.2957795576083135
equity_sentiment_tilt,equity,sentiment_tilt,2022-04-04,2022-03-31,0.0019463125254543371,1.2983015495915144
equity_sentiment_tilt,equity,sentiment_tilt,2022-04-05,2022-03-31,-0.010575801141189162,1.2845709705817367
equity_sentiment_tilt,equity,sentiment_tilt,2022-04-06,2022-03-31,-0.0006763014328893461,1.2837022133936842
equity_sentiment_tilt,equity,sentiment_tilt,2022-04-07,2022-03-31,0.0015293622306624761,1.2856654590742662
equity_sentiment_tilt,equity,sentiment_tilt,2022-04-08,2022-03-31,0.0035126704852126945,1.2901815781862138
equity_sentiment_tilt,equity,sentiment_tilt,2022-04-11,2022-03-31,-0.012237364535440333,1.2743931558970394
equity_sentiment_tilt,equity,sentiment_tilt,2022-04-12,2022-03-31,-0.00046771494058780154,1.2737971031778434
equity_sentiment_tilt,equity,sentiment_tilt,2022-04-13,2022-03-31,0.008988450603990795,1.285246565519264
equity_sentiment_tilt,equity,sentiment_tilt,2022-04-14,2022-03-31,-0.0018741217755635228,1.282837856943856
equity_sentiment_tilt,equity,sentiment_tilt,2022-04-18,2022-03-31,0.0009923898665334923,1.2841109322334925
equity_sentiment_tilt,equity,sentiment_tilt,2022-04-19,2022-03-31,0.012241592791240727,1.2998304953646753
equity_sentiment_tilt,equity,sentiment_tilt,2022-04-20,2022-03-31,0.0016699216322487612,1.3020011104271414
equity_sentiment_tilt,equity,sentiment_tilt,2022-04-21,2022-03-31,-0.012764581130277787,1.2853816116213823
equity_sentiment_tilt,equity,sentiment_tilt,2022-04-22,2022-03-31,-0.022948308322220688,1.2558842780861819
equity_sentiment_tilt,equity,sentiment_tilt,2022-04-25,2022-03-31,-0.003224694494644541,1.2518344349687267
equity_sentiment_tilt,equity,sentiment_tilt,2022-04-26,2022-03-31,-0.020540785711556025,1.2261207720936873
equity_sentiment_tilt,equity,sentiment_tilt,2022-04-27,2022-03-31,0.0003856676703931444,1.2265936472354813
equity_sentiment_tilt,equity,sentiment_tilt,2022-04-28,2022-03-31,0.017660980572548817,1.2482564938097187
equity_sentiment_tilt,equity,sentiment_tilt,2022-04-29,2022-03-31,-0.035090343635843534,1.2044547444962626
equity_sentiment_tilt,equity,sentiment_tilt,2022-05-02,2022-04-29,0.0038609994206554796,1.2091051435669684
equity_sentiment_tilt,equity,sentiment_tilt,2022-05-03,2022-04-29,0.006451482157661406,1.2169056638274272
equity_sentiment_tilt,equity,sentiment_tilt,2022-05-04,2022-04-29,0.030428170391995326,1.2539338767173522
equity_sentiment_tilt,equity,sentiment_tilt,2022-05-05,2022-04-29,-0.02473053214139187,1.2229234246760137
equity_sentiment_tilt,equity,sentiment_tilt,2022-05-06,2022-04-29,-0.003365062099036735,1.2188082114096122
equity_sentiment_tilt,equity,sentiment_tilt,2022-05-09,2022-04-29,-0.03599375442342391,1.174938727958882
equity_sentiment_tilt,equity,sentiment_tilt,2022-05-10,2022-04-29,-0.004570591344923351,1.169568563178058
equity_sentiment_tilt,equity,sentiment_tilt,2022-05-11,2022-04-29,-0.003119535349881988,1.1659200527011133
equity_sentiment_tilt,equity,sentiment_tilt,2022-05-12,2022-04-29,0.002448491905290668,1.1687747985123682
equity_sentiment_tilt,equity,sentiment_tilt,2022-05-13,2022-04-29,0.022793445970215404,1.1954152037336094
equity_sentiment_tilt,equity,sentiment_tilt,2022-05-16,2022-04-29,0.0017421180748290808,1.1974977581669592
equity_sentiment_tilt,equity,sentiment_tilt,2022-05-17,2022-04-29,0.0185162343339383,1.2196709072715444
equity_sentiment_tilt,equity,sentiment_tilt,2022-05-18,2022-04-29,-0.028204234655827214,1.185271022799972
equity_sentiment_tilt,equity,sentiment_tilt,2022-05-19,2022-04-29,-0.001900090057312711,1.183018901114329
equity_sentiment_tilt,equity,sentiment_tilt,2022-05-20,2022-04-29,0.001209907197694926,1.1844502441977964
equity_sentiment_tilt,equity,sentiment_tilt,2022-05-23,2022-04-29,0.019295488012259727,1.207304789685833
equity_sentiment_tilt,equity,sentiment_tilt,2022-05-24,2022-04-29,0.00087342820380573,1.2083592837397343
equity_sentiment_tilt,equity,sentiment_tilt,2022-05-25,2022-04-29,0.008834373874473262,1.2190343814269817
equity_sentiment_tilt,equity,sentiment_tilt,2022-05-26,2022-04-29,0.014862801115967042,1.237152646991657
equity_sentiment_tilt,equity,sentiment_tilt,2022-05-27,2022-04-29,0.019724712201950115,1.2615551269034482
equity_sentiment_tilt,equity,sentiment_tilt,2022-05-31,2022-04-29,-0.007855779249296195,1.2516446283156768
equity_sentiment_tilt,equity,sentiment_tilt,2022-06-01,2022-05-31,-0.0048440645575601425,1.2455815809329922
equity_sentiment_tilt,equity,sentiment_tilt,2022-06-02,2022-05-31,0.01425759402911761,1.2633405774440813
equity_sentiment_tilt,equity,sentiment_tilt,2022-06-03,2022-05-31,-0.007608226099451451,1.2537287966902753
equity_sentiment_tilt,equity,sentiment_tilt,2022-06-06,2022-05-31,-0.0005343133117534,1.2530589127048752
equity_sentiment_tilt,equity,sentiment_tilt,2022-06-07,2022-05-31,0.010429610452400505,1.2661278290382956
equity_sentiment_tilt,equity,sentiment_tilt,2022-06-08,2022-05-31,-0.012623757878883458,1.2501445378807998
equity_sentiment_tilt,equity,sentiment_tilt,2022-06-09,2022-05-31,-0.023561418787510786,1.2206893588788712
equity_sentiment_tilt,equity,sentiment_tilt,2022-06-10,2022-05-31,-0.02533110589725749,1.189767947461455
equity_sentiment_tilt,equity,sentiment_tilt,2022-06-13,2022-05-31,-0.0404424269816863,1.1416508441210944
equity_sentiment_tilt,equity,sentiment_tilt,2022-06-14,2022-05-31,-0.006503268625917431,1.1342263820047696
equity_sentiment_tilt,equity,sentiment_tilt,2022-06-15,2022-05-31,0.010630940776484974,1.1462842754989893
equity_sentiment_tilt,equity,sentiment_tilt,2022-06-16,2022-05-31,-0.028990699109150773,1.113052692974447
equity_sentiment_tilt,equity,sentiment_tilt,2022-06-17,2022-05-31,-0.004841860607581493,1.1076634469861717
equity_sentiment_tilt,equity,sentiment_tilt,2022-06-21,2022-05-31,0.02185679516115115,1.1318734200544431
equity_sentiment_tilt,equity,sentiment_tilt,2022-06-22,2022-05-31,-0.0035900150660903834,1.1278099774235404
equity_sentiment_tilt,equity,sentiment_tilt,2022-06-23,2022-05-31,0.0024733406182392602,1.1305994356503577
equity_sentiment_tilt,equity,sentiment_tilt,2022-06-24,2022-05-31,0.028277555906251008,1.1625700243995365
equity_sentiment_tilt,equity,sentiment_tilt,2022-06-27,2022-05-31,-0.002531683340554906,1.1596267652365357
equity_sentiment_tilt,equity,sentiment_tilt,2022-06-28,2022-05-31,-0.008704292597062145,1.1495330345685322
equity_sentiment_tilt,equity,sentiment_tilt,2022-06-29,2022-05-31,-0.005364402379665986,1.1433664768223881
equity_sentiment_tilt,equity,sentiment_tilt,2022-06-30,2022-05-31,-0.00721062759571116,1.1351220869526015
equity_sentiment_tilt,equity,sentiment_tilt,2022-07-01,2022-06-30,0.010513330959587881,1.1470560011322724
equity_sentiment_tilt,equity,sentiment_tilt,2022-07-05,2022-06-30,-0.006734622922058695,1.139331011494162
equity_sentiment_tilt,equity,sentiment_tilt,2022-07-06,2022-06-30,-0.00020371622895340677,1.1390989112769707
equity_sentiment_tilt,equity,sentiment_tilt,2022-07-07,2022-06-30,0.014335818303620565,1.1554288262988894
equity_sentiment_tilt,equity,sentiment_tilt,2022-07-08,2022-06-30,-0.003235755226558831,1.151690141435276
equity_sentiment_tilt,equity,sentiment_tilt,2022-07-11,2022-06-30,-0.007466078358135355,1.1430915325950282
equity_sentiment_tilt,equity,sentiment_tilt,2022-07-12,2022-06-30,-0.004008500272413049,1.138509449875228
equity_sentiment_tilt,equity,sentiment_tilt,2022-07-13,2022-06-30,-0.0037580758997936637,1.1342308449499645
equity_sentiment_tilt,equity,sentiment_tilt,2022-07-14,2022-06-30,-0.004237342076017994,1.1294247208667405
equity_sentiment_tilt,equity,sentiment_tilt,2022-07-15,2022-06-30,0.018600379800180235,1.1504324496305742
equity_sentiment_tilt,equity,sentiment_tilt,2022-07-18,2022-06-30,-0.003342122842533168,1.1465875630618725
equity_sentiment_tilt,equity,sentiment_tilt,2022-07-19,2022-06-30,0.0273856549705655,1.1779876144574264
equity_sentiment_tilt,equity,sentiment_tilt,2022-07-20,2022-06-30,0.0024982182989618895,1.1809304846718145
equity_sentiment_tilt,equity,sentiment_tilt,2022-07-21,2022-06-30,0.005242793094329525,1.1871218588617352
equity_sentiment_tilt,equity,sentiment_tilt,2022-07-22,2022-06-30,-0.004839617479193703,1.181376643163655
equity_sentiment_tilt,equity,sentiment_tilt,2022-07-25,2022-06-30,0.003962639294423236,1.1860580126713691
equity_sentiment_tilt,equity,sentiment_tilt,2022-07-26,2022-06-30,-0.004522225639918607,1.1806943907160359
equity_sentiment_tilt,equity,sentiment_tilt,2022-07-27,2022-06-30,0.011495540609497507,1.1942671110319178
equity_sentiment_tilt,equity,sentiment_tilt,2022-07-28,2022-06-30,0.010141759389805093,1.206379080719161
equity_sentiment_tilt,equity,sentiment_tilt,2022-07-29,2022-06-30,0.00979183059998751,1.2181917403169318
equity_sentiment_tilt,equity,sentiment_tilt,2022-08-01,2022-07-29,-0.0018436006991513062,1.215945881172783
equity_sentiment_tilt,equity,sentiment_tilt,2022-08-02,2022-07-29,-0.009703120616609138,1.2041474116244943
equity_sentiment_tilt,equity,sentiment_tilt,2022-08-03,2022-07-29,0.005834873415861809,1.211173459345361
equity_sentiment_tilt,equity,sentiment_tilt,2022-08-04,2022-07-29,-0.0017559152184606812,1.2090467414359007
equity_sentiment_tilt,equity,sentiment_tilt,2022-08-05,2022-07-29,0.0016818066625368879,1.2110801243009661
equity_sentiment_tilt,equity,sentiment_tilt,2022-08-08,2022-07-29,8.496494898745154e-05,1.211183023661947
equity_sentiment_tilt,equity,sentiment_tilt,2022-08-09,2022-07-29,-0.0004764054261558277,1.2106060094974067
equity_sentiment_tilt,equity,sentiment_tilt,2022-08-10,2022-07-29,0.016585332175216787,1.2306843122982347
equity_sentiment_tilt,equity,sentiment_tilt,2022-08-11,2022-07-29,0.006024497921146291,1.2380985673792628
equity_sentiment_tilt,equity,sentiment_tilt,2022-08-12,2022-07-29,0.014781314497132228,1.2563992916821447
equity_sentiment_tilt,equity,sentiment_tilt,2022-08-15,2022-07-29,0.004092024830374396,1.261540508780573
equity_sentiment_tilt,equity,sentiment_tilt,2022-08-16,2022-07-29,0.0028385430284611555,1.2651214457968933
equity_sentiment_tilt,equity,sentiment_tilt,2022-08-17,2022-07-29,-0.008093164837911856,1.2548826093960816
equity_sentiment_tilt,equity,sentiment_tilt,2022-08-18,2022-07-29,0.0041219592538370604,1.2600551843803611
equity_sentiment_tilt,equity,sentiment_tilt,2022-08-19,2022-07-29,-0.008465187141148333,1.2493885814364072
equity_sentiment_tilt,equity,sentiment_tilt,2022-08-22,2022-07-29,-0.019116502619733102,1.2255046413463135
equity_sentiment_tilt,equity,sentiment_tilt,2022-08-23,2022-07-29,0.0023537484387350714,1.228389170982545
equity_sentiment_tilt,equity,sentiment_tilt,2022-08-24,2022-07-29,0.0023122430338729447,1.2312295052860343
equity_sentiment_tilt,equity,sentiment_tilt,2022-08-25,2022-07-29,0.01377869623930457,1.2481942426402397
equity_sentiment_tilt,equity,sentiment_tilt,2022-08-26,2022-07-29,-0.027431285133292942,1.2139546704686406
equity_sentiment_tilt,equity,sentiment_tilt,2022-08-29,2022-07-29,-0.0036432042476283676,1.209531985656761
equity_sentiment_tilt,equity,sentiment_tilt,2022-08-30,2022-07-29,-0.013568342482940716,1.1931206414312987
equity_sentiment_tilt,equity,sentiment_tilt,2022-08-31,2022-07-29,-0.0074479216940293155,1.1842343723223885
equity_sentiment_tilt,equity,sentiment_tilt,2022-09-01,2022-08-31,-0.0009346622773952549,1.1831275131269838
equity_sentiment_tilt,equity,sentiment_tilt,2022-09-02,2022-08-31,-0.00950778975143111,1.171878585483039
equity_sentiment_tilt,equity,sentiment_tilt,2022-09-06,2022-08-31,-0.0037638865058012075,1.167467767488702
equity_sentiment_tilt,equity,sentiment_tilt,2022-09-07,2022-08-31,0.016011846148335947,1.1861610817648722
equity_sentiment_tilt,equity,sentiment_tilt,2022-09-08,2022-08-31,0.006027683239307453,1.193310885036545
equity_sentiment_tilt,equity,sentiment_tilt,2022-09-09,2022-08-31,0.01447476847119308,1.2105837838116034
equity_sentiment_tilt,equity,sentiment_tilt,2022-09-12,2022-08-31,0.008509631618857278,1.2208854058556025
equity_sentiment_tilt,equity,sentiment_tilt,2022-09-13,2022-08-31,-0.04020982612398271,1.1717938159688406
equity_sentiment_tilt,equity,sentiment_tilt,2022-09-14,2022-08-31,0.002904036232869374,1.1751967476678664
equity_sentiment_tilt,equity,sentiment_tilt,2022-09-15,2022-08-31,-0.01672154009579954,1.155545648131285
equity_sentiment_tilt,equity,sentiment_tilt,2022-09-16,2022-08-31,-0.0073924747406555885,1.1470033061157998
equity_sentiment_tilt,equity,sentiment_tilt,2022-09-19,2022-08-31,0.006246793192577654,1.154168398560308
equity_sentiment_tilt,equity,sentiment_tilt,2022-09-20,2022-08-31,-0.0155412735569029,1.1362311517475496
equity_sentiment_tilt,equity,sentiment_tilt,2022-09-21,2022-08-31,-0.016775705947913774,1.1171700720569733
equity_sentiment_tilt,equity,sentiment_tilt,2022-09-22,2022-08-31,-0.009433528794809902,1.106631216013524
equity_sentiment_tilt,equity,sentiment_tilt,2022-09-23,2022-08-31,-0.022265691183390605,1.081991307103867
equity_sentiment_tilt,equity,sentiment_tilt,2022-09-26,2022-08-31,-0.0160456578920887,1.0646300447478645
equity_sentiment_tilt,equity,sentiment_tilt,2022-09-27,2022-08-31,-0.003684785543882442,1.0607071113493947
equity_sentiment_tilt,equity,sentiment_tilt,2022-09-28,2022-08-31,0.021266819369647194,1.0832649778905625
equity_sentiment_tilt,equity,sentiment_tilt,2022-09-29,2022-08-31,-0.01998276129313057,1.061618352420167
equity_sentiment_tilt,equity,sentiment_tilt,2022-09-30,2022-08-31,-0.01489109454412734,1.0458096931644976
equity_sentiment_tilt,equity,sentiment_tilt,2022-10-03,2022-09-30,0.032193683518593474,1.0794781594469127
equity_sentiment_tilt,equity,sentiment_tilt,2022-10-04,2022-09-30,0.029553704884997707,1.1113807384010073
equity_sentiment_tilt,equity,sentiment_tilt,2022-10-05,2022-09-30,-0.0031232026419201067,1.1079096711426542
equity_sentiment_tilt,equity,sentiment_tilt,2022-10-06,2022-09-30,-0.01145275290382356,1.095221055439301
equity_sentiment_tilt,equity,sentiment_tilt,2022-10-07,2022-09-30,-0.023128597578192037,1.0698901283888826
equity_sentiment_tilt,equity,sentiment_tilt,2022-10-10,2022-09-30,-0.005637191301816991,1.063858953063229
equity_sentiment_tilt,equity,sentiment_tilt,2022-10-11,2022-09-30,-0.0031702984291970787,1.0604862026954454
equity_sentiment_tilt,equity,sentiment_tilt,2022-10-12,2022-09-30,-0.0058602516656982824,1.0542714866596494
equity_sentiment_tilt,equity,sentiment_tilt,2022-10-13,2022-09-30,0.02982202449822901,1.0857119967625979
equity_sentiment_tilt,equity,sentiment_tilt,2022-10-14,2022-09-30,-0.018259344833819545,1.0658876070234948
equity_sentiment_tilt,equity,sentiment_tilt,2022-10-17,2022-09-30,0.019804367159548794,1.086996836543801
equity_sentiment_tilt,equity,sentiment_tilt,2022-10-18,2022-09-30,0.011848708026534082,1.0998763446857747
equity_sentiment_tilt,equity,sentiment_tilt,2022-10-19,2022-09-30,-0.007544861025633282,1.091577930519739
equity_sentiment_tilt,equity,sentiment_tilt,2022-10-20,2022-09-30,-0.0044259498529995046,1.0867466613386176
equity_sentiment_tilt,equity,sentiment_tilt,2022-10-21,2022-09-30,0.02380259551745746,1.112614052548408
equity_sentiment_tilt,equity,sentiment_tilt,2022-10-24,2022-09-30,0.008287357357886677,1.1218346828032832
equity_sentiment_tilt,equity,sentiment_tilt,2022-10-25,2022-09-30,0.016465217184981683,1.1403059345012845
equity_sentiment_tilt,equity,sentiment_tilt,2022-10-26,2022-09-30,0.005082883632856632,1.1461019768722105
equity_sentiment_tilt,equity,sentiment_tilt,2022-10-27,2022-09-30,-0.00023875695757289236,1.1458283370511442
equity_sentiment_tilt,equity,sentiment_tilt,2022-10-28,2022-09-30,0.02429091400287127,1.1736615546485065
equity_sentiment_tilt,equity,sentiment_tilt,2022-10-31,2022-09-30,-0.007466293393961347,1.164898653136288
equity_sentiment_tilt,equity,sentiment_tilt,2022-11-01,2022-10-31,0.0023819527534129315,1.167673386690573
equity_sentiment_tilt,equity,sentiment_tilt,2022-11-02,2022-10-31,-0.016950916883188186,1.1478802521660703
equity_sentiment_tilt,equity,sentiment_tilt,2022-11-03,2022-10-31,-0.0020615852393787524,1.1455137991816304
equity_sentiment_tilt,equity,sentiment_tilt,2022-11-04,2022-10-31,0.018438289802737724,1.1666351145839764
equity_sentiment_tilt,equity,sentiment_tilt,2022-11-07,2022-10-31,0.007748781697514256,1.1756751154075422
equity_sentiment_tilt,equity,sentiment_tilt,2022-11-08,2022-10-31,0.00654494225296411,1.1833698411461315
equity_sentiment_tilt,equity,sentiment_tilt,2022-11-09,2022-10-31,-0.02150328047968866,1.1579235075407617
equity_sentiment_tilt,equity,sentiment_tilt,2022-11-10,2022-10-31,0.04931821648535435,1.2150302297591378
equity_sentiment_tilt,equity,sentiment_tilt,2022-11-11,2022-10-31,0.011960374767932578,1.2295624466614243
equity_sentiment_tilt,equity,sentiment_tilt,2022-11-14,2022-10-31,-0.008782115128583234,1.2187642876970612
equity_sentiment_tilt,equity,sentiment_tilt,2022-11-15,2022-10-31,0.009775834995767889,1.2306787262723224
equity_sentiment_tilt,equity,sentiment_tilt,2022-11-16,2022-10-31,-0.010548759615007949,1.2176965922255716
equity_sentiment_tilt,equity,sentiment_tilt,2022-11-17,2022-10-31,-0.00227915420784649,1.2149212739135202
equity_sentiment_tilt,equity,sentiment_tilt,2022-11-18,2022-10-31,0.0049557172485862454,1.220942080226328
equity_sentiment_tilt,equity,sentiment_tilt,2022-11-21,2022-10-31,0.000561057690040027,1.2216270991695326
equity_sentiment_tilt,equity,sentiment_tilt,2022-11-22,2022-10-31,0.014965746359146836,1.2399096604811641
equity_sentiment_tilt,equity,sentiment_tilt,2022-11-23,2022-10-31,0.003345876132133436,1.2440582446201698
equity_sentiment_tilt,equity,sentiment_tilt,2022-11-25,2022-10-31,0.0007099685991452619,1.2449414869093578
equity_sentiment_tilt,equity,sentiment_tilt,2022-11-28,2022-10-31,-0.018497028536428813,1.2219137686998114
equity_sentiment_tilt,equity,sentiment_tilt,2022-11-29,2022-10-31,0.004256671873984212,1.22711505467147
equity_sentiment_tilt,equity,sentiment_tilt,2022-11-30,2022-10-31,0.0236543838899873,1.2561417052518515
equity_sentiment_tilt,equity,sentiment_tilt,2022-12-01,2022-11-30,-0.00038487113460806824,1.2556582525685227
equity_sentiment_tilt,equity,sentiment_tilt,2022-12-02,2022-11-30,0.0016999699268371192,1.257792833836274
equity_sentiment_tilt,equity,sentiment_tilt,2022-12-05,2022-11-30,-0.017400605858234535,1.2359064764833771
equity_sentiment_tilt,equity,sentiment_tilt,2022-12-06,2022-11-30,-0.012269545508971372,1.2207424657253318
equity_sentiment_tilt,equity,sentiment_tilt,2022-12-07,2022-11-30,-0.001125021156725133,1.2193691046244781
equity_sentiment_tilt,equity,sentiment_tilt,2022-12-08,2022-11-30,0.006682150545879598,1.2275171125525732
equity_sentiment_tilt,equity,sentiment_tilt,2022-12-09,2022-11-30,-0.00976777893753682,1.2155269967551163
equity_sentiment_tilt,equity,sentiment_tilt,2022-12-12,2022-11-30,0.016379614170061653,1.235436859975259
equity_sentiment_tilt,equity,sentiment_tilt,2022-12-13,2022-11-30,0.008348316457585363,1.245750677845698
equity_sentiment_tilt,equity,sentiment_tilt,2022-12-14,2022-11-30,-0.008596566973942829,1.2350414987107627
equity_sentiment_tilt,equity,sentiment_tilt,2022-12-15,2022-11-30,-0.0212824396421236,1.208756802558933
equity_sentiment_tilt,equity,sentiment_tilt,2022-12-16,2022-11-30,-0.009405093874391665,1.1973883313595568
equity_sentiment_tilt,equity,sentiment_tilt,2022-12-19,2022-11-30,-0.006616203913052428,1.1894661659961725
equity_sentiment_tilt,equity,sentiment_tilt,2022-12-20,2022-11-30,0.002840391143924354,1.1928447151600656
equity_sentiment_tilt,equity,sentiment_tilt,2022-12-21,2022-11-30,0.017657937270409704,1.2139078923137019
equity_sentiment_tilt,equity,sentiment_tilt,2022-12-22,2022-11-30,-0.01078099610791981,1.2008207560512947
equity_sentiment_tilt,equity,sentiment_tilt,2022-12-23,2022-11-30,0.007477030355096957,1.2097993292953209
equity_sentiment_tilt,equity,sentiment_tilt,2022-12-27,2022-11-30,0.0006010856147121769,1.2105265222688488
equity_sentiment_tilt,equity,sentiment_tilt,2022-12-28,2022-11-30,-0.012451259538549631,1.1954539423617816
equity_sentiment_tilt,equity,sentiment_tilt,2022-12-29,2022-11-30,0.013270332817138153,1.2113180140444824
equity_sentiment_tilt,equity,sentiment_tilt,2022-12-30,2022-11-30,-0.0018422377059394434,1.2090864783251258
equity_sentiment_tilt,equity,sentiment_tilt,2023-01-03,2022-12-30,0.0022534273684167733,1.2118110668861664
equity_sentiment_tilt,equity,sentiment_tilt,2023-01-04,2022-12-30,0.018554602210808603,1.2342957391868947
equity_sentiment_tilt,equity,sentiment_tilt,2023-01-05,2022-12-30,-0.0069363814860334255,1.2257341930733088
equity_sentiment_tilt,equity,sentiment_tilt,2023-01-06,2022-12-30,0.02349184574829638,1.2545289516653995
equity_sentiment_tilt,equity,sentiment_tilt,2023-01-09,2022-12-30,0.00021440917022420863,1.2547979341769484
equity_sentiment_tilt,equity,sentiment_tilt,2023-01-10,2022-12-30,0.00765954654448416,1.2644091173576995
equity_sentiment_tilt,equity,sentiment_tilt,2023-01-11,2022-12-30,0.00989443535696265,1.2769197316341492
equity_sentiment_tilt,equity,sentiment_tilt,2023-01-12,2022-12-30,0.007075117205638407,1.2859540883976532
equity_sentiment_tilt,equity,sentiment_tilt,2023-01-13,2022-12-30,0.003509479507480267,1.2904671179184455
equity_sentiment_tilt,equity,sentiment_tilt,2023-01-17,2022-12-30,-0.003952833368571637,1.285366116433693
equity_sentiment_tilt,equity,sentiment_tilt,2023-01-18,2022-12-30,-0.015949493403595565,1.2648651780384286
equity_sentiment_tilt,equity,sentiment_tilt,2023-01-19,2022-12-30,-0.007631449369814293,1.2552124234725872
equity_sentiment_tilt,equity,sentiment_tilt,2023-01-20,2022-12-30,0.015559283123783928,1.274742628949888
equity_sentiment_tilt,equity,sentiment_tilt,2023-01-23,2022-12-30,0.011877255777654522,1.2898830732046056
equity_sentiment_tilt,equity,sentiment_tilt,2023-01-24,2022-12-30,-0.002937656815143149,1.2860938394038683
equity_sentiment_tilt,equity,sentiment_tilt,2023-01-25,2022-12-30,0.00184616811393362,1.2884681848417023
equity_sentiment_tilt,equity,sentiment_tilt,2023-01-26,2022-12-30,0.008401619170996138,1.299293403844687
equity_sentiment_tilt,equity,sentiment_tilt,2023-01-27,2022-12-30,-0.0012107441452080677,1.2977202919630746
equity_sentiment_tilt,equity,sentiment_tilt,2023-01-30,2022-12-30,-0.010297897440881857,1.2843565014894875
equity_sentiment_tilt,equity,sentiment_tilt,2023-01-31,2022-12-30,0.012024808609592368,1.2998006426063844
equity_sentiment_tilt,equity,sentiment_tilt,2023-02-01,2023-01-31,0.006396837928267848,1.308115256656196
equity_sentiment_tilt,equity,sentiment_tilt,2023-02-02,2023-01-31,-4.49256728361438e-05,1.3080564886981436
equity_sentiment_tilt,equity,sentiment_tilt,2023-02-03,2023-01-31,-0.012632260090888522,1.2915327789193343
equity_sentiment_tilt,equity,sentiment_tilt,2023-02-06,2023-01-31,-0.004732823379994888,1.285420182387235
equity_sentiment_tilt,equity,sentiment_tilt,2023-02-07,2023-01-31,0.01099061043635416,1.2995477348588806
equity_sentiment_tilt,equity,sentiment_tilt,2023-02-08,2023-01-31,-0.009479208207753017,1.2872290513042395
equity_sentiment_tilt,equity,sentiment_tilt,2023-02-09,2023-01-31,-0.009772433686707488,1.2746496907607654
equity_sentiment_tilt,equity,sentiment_tilt,2023-02-10,2023-01-31,0.007719943200292792,1.2844899139737094
equity_sentiment_tilt,equity,sentiment_tilt,2023-02-13,2023-01-31,0.00863952419004435,1.295587295657353
equity_sentiment_tilt,equity,sentiment_tilt,2023-02-14,2023-01-31,-0.000768266560500774,1.2945919392618899
equity_sentiment_tilt,equity,sentiment_tilt,2023-02-15,2023-01-31,5.673398304376399e-05,1.2946653866190205
equity_sentiment_tilt,equity,sentiment_tilt,2023-02-16,2023-01-31,-0.013829026644622025,1.2767614244915961
equity_sentiment_tilt,equity,sentiment_tilt,2023-02-17,2023-01-31,-0.00291010060259006,1.2730459203008195
equity_sentiment_tilt,equity,sentiment_tilt,2023-02-21,2023-01-31,-0.017362219615564438,1.2509430174518583
equity_sentiment_tilt,equity,sentiment_tilt,2023-02-22,2023-01-31,-0.005637884428460573,1.243890345292875
equity_sentiment_tilt,equity,sentiment_tilt,2023-02-23,2023-01-31,0.005501279953453505,1.250733334313729
equity_sentiment_tilt,equity,sentiment_tilt,2023-02-24,2023-01-31,-0.009356972915975072,1.2390302563794484
equity_sentiment_tilt,equity,sentiment_tilt,2023-02-27,2023-01-31,0.0017571256850315371,1.241207388267464
equity_sentiment_tilt,equity,sentiment_tilt,2023-02-28,2023-01-31,-0.004246707297760945,1.2359363437936737
equity_sentiment_tilt,equity,sentiment_tilt,2023-03-01,2023-02-28,-0.0010741594548622196,1.23460875108438
equity_sentiment_tilt,equity,sentiment_tilt,2023-03-02,2023-02-28,0.012234114015554921,1.249713095309748
equity_sentiment_tilt,equity,sentiment_tilt,2023-03-03,2023-02-28,0.012907855653740733,1.2658442115525956
equity_sentiment_tilt,equity,sentiment_tilt,2023-03-06,2023-02-28,-0.0021536847733676532,1.2631179821487193
equity_sentiment_tilt,equity,sentiment_tilt,2023-03-07,2023-02-28,-0.017151591071383164,1.2414534990439938
equity_sentiment_tilt,equity,sentiment_tilt,2023-03-08,2023-02-28,0.003351698396433698,1.2456144767459865
equity_sentiment_tilt,equity,sentiment_tilt,2023-03-09,2023-02-28,-0.017142855302013378,1.2242610880090368
equity_sentiment_tilt,equity,sentiment_tilt,2023-03-10,2023-02-28,-0.013016152220627884,1.2083259193297196
equity_sentiment_tilt,equity,sentiment_tilt,2023-03-13,2023-02-28,-0.0029003692293844193,1.204821328014228
equity_sentiment_tilt,equity,sentiment_tilt,2023-03-14,2023-02-28,0.014352264282045238,1.2221132421265328
equity_sentiment_tilt,equity,sentiment_tilt,2023-03-15,2023-02-28,-0.009197762181156843,1.2108725351670104
equity_sentiment_tilt,equity,sentiment_tilt,2023-03-16,2023-02-28,0.014118057100970312,1.227967702760495
equity_sentiment_tilt,equity,sentiment_tilt,2023-03-17,2023-02-28,-0.01173854928447993,1.2135531433618914
equity_sentiment_tilt,equity,sentiment_tilt,2023-03-20,2023-02-28,0.011304489541574645,1.2272717421791708
equity_sentiment_tilt,equity,sentiment_tilt,2023-03-21,2023-02-28,0.007814954675334981,1.2368628152186205
equity_sentiment_tilt,equity,sentiment_tilt,2023-03-22,2023-02-28,-0.019890439883081118,1.212261069748896
equity_sentiment_tilt,equity,sentiment_tilt,2023-03-23,2023-02-28,0.0020787815355597836,1.214781095676968
equity_sentiment_tilt,equity,sentiment_tilt,2023-03-24,2023-02-28,0.00789964229295861,1.2243774317970646
equity_sentiment_tilt,equity,sentiment_tilt,2023-03-27,2023-02-28,0.004026162525810623,1.2293069743304144
equity_sentiment_tilt,equity,sentiment_tilt,2023-03-28,2023-02-28,0.0014437163309051974,1.2310817448849507
equity_sentiment_tilt,equity,sentiment_tilt,2023-03-29,2023-02-28,0.015506696865038135,1.2501717563189638
equity_sentiment_tilt,equity,sentiment_tilt,2023-03-30,2023-02-28,0.005042501179146395,1.2564757488743377
equity_sentiment_tilt,equity,sentiment_tilt,2023-03-31,2023-02-28,0.012612492893913023,1.2723230403283894
equity_sentiment_tilt,equity,sentiment_tilt,2023-04-03,2023-03-31,0.00657232440858194,1.280685160101941
equity_sentiment_tilt,equity,sentiment_tilt,2023-04-04,2023-03-31,-0.005469251211030901,1.273680771239104
equity_sentiment_tilt,equity,sentiment_tilt,2023-04-05,2023-03-31,0.003240322678235695,1.2778079079269826
equity_sentiment_tilt,equity,sentiment_tilt,2023-04-06,2023-03-31,-0.00016457141106276577,1.277597617276508
equity_sentiment_tilt,equity,sentiment_tilt,2023-04-10,2023-03-31,0.0037838169856207597,1.2824318128415475
equity_sentiment_tilt,equity,sentiment_tilt,2023-04-11,2023-03-31,0.002746801829804068,1.2859543988916595
equity_sentiment_tilt,equity,sentiment_tilt,2023-04-12,2023-03-31,-0.0023035039852233007,1.282992197808997
equity_sentiment_tilt,equity,sentiment_tilt,2023-04-13,2023-03-31,0.00700488330232447,1.2919794084324419
equity_sentiment_tilt,equity,sentiment_tilt,2023-04-14,2023-03-31,-0.005671656278093493,1.2846517453094384
equity_sentiment_tilt,equity,sentiment_tilt,2023-04-17,2023-03-31,0.0053174366629691735,1.291482799599094
equity_sentiment_tilt,equity,sentiment_tilt,2023-04-18,2023-03-31,0.00048475507820052165,1.2921088524446085
equity_sentiment_tilt,equity,sentiment_tilt,2023-04-19,2023-03-31,0.00198749051440907,1.2946769065324262
equity_sentiment_tilt,equity,sentiment_tilt,2023-04-20,2023-03-31,-0.007021475784609383,1.2855863639843157
equity_sentiment_tilt,equity,sentiment_tilt,2023-04-21,2023-03-31,-0.00117920200545393,1.284070397965721
equity_sentiment_tilt,equity,sentiment_tilt,2023-04-24,2023-03-31,0.0016784076702689537,1.286225591570832
equity_sentiment_tilt,equity,sentiment_tilt,2023-04-25,2023-03-31,-0.015433618497721438,1.2663744764885219
equity_sentiment_tilt,equity,sentiment_tilt,2023-04-26,2023-03-31,-0.01235780380758734,1.2507248691611406
equity_sentiment_tilt,equity,sentiment_tilt,2023-04-27,2023-03-31,0.015110613695875436,1.2696240894988589
equity_sentiment_tilt,equity,sentiment_tilt,2023-04-28,2023-03-31,0.009600002481583794,1.2818124839087266
equity_sentiment_tilt,equity,sentiment_tilt,2023-05-01,2023-04-28,-0.003579223724734297,1.2772245902556598
equity_sentiment_tilt,equity,sentiment_tilt,2023-05-02,2023-04-28,-0.01709537664329152,1.2553899548271656
equity_sentiment_tilt,equity,sentiment_tilt,2023-05-03,2023-04-28,-0.012216622895359842,1.2400533291624194
equity_sentiment_tilt,equity,sentiment_tilt,2023-05-04,2023-04-28,-0.005639025975837776,1.2330606362278485
equity_sentiment_tilt,equity,sentiment_tilt,2023-05-05,2023-04-28,0.017779388348070482,1.2549837001360624
equity_sentiment_tilt,equity,sentiment_tilt,2023-05-08,2023-04-28,-0.0008099709556577738,1.2539671997891282
equity_sentiment_tilt,equity,sentiment_tilt,2023-05-09,2023-04-28,-0.004144732500253156,1.2487698411819108
equity_sentiment_tilt,equity,sentiment_tilt,2023-05-10,2023-04-28,-0.0019381261561736396,1.2463495676896754
equity_sentiment_tilt,equity,sentiment_tilt,2023-05-11,2023-04-28,-0.008850152999995042,1.2353191833241441
equity_sentiment_tilt,equity,sentiment_tilt,2023-05-12,2023-04-28,-0.0008849175648704356,1.2342260276805992
equity_sentiment_tilt,equity,sentiment_tilt,2023-05-15,2023-04-28,0.004798032005425709,1.2401478836633402
equity_sentiment_tilt,equity,sentiment_tilt,2023-05-16,2023-04-28,-0.015913616117932485,1.2204126463132554
equity_sentiment_tilt,equity,sentiment_tilt,2023-05-17,2023-04-28,0.012722776758109355,1.2359396839650723
equity_sentiment_tilt,equity,sentiment_tilt,2023-05-18,2023-04-28,0.005786616029366496,1.2430915923516346
equity_sentiment_tilt,equity,sentiment_tilt,2023-05-19,2023-04-28,-0.0024624254850376536,1.240030571934392
equity_sentiment_tilt,equity,sentiment_tilt,2023-05-22,2023-04-28,0.000884197553704562,1.2411270039326154
equity_sentiment_tilt,equity,sentiment_tilt,2023-05-23,2023-04-28,-0.006993064233426008,1.232447723072275
equity_sentiment_tilt,equity,sentiment_tilt,2023-05-24,2023-04-28,-0.009228962685931034,1.2210735090236804
equity_sentiment_tilt,equity,sentiment_tilt,2023-05-25,2023-04-28,0.00018190168063625693,1.2212956243471524
equity_sentiment_tilt,equity,sentiment_tilt,2023-05-26,2023-04-28,0.008732799407692024,1.2319609540520682
equity_sentiment_tilt,equity,sentiment_tilt,2023-05-30,2023-04-28,-0.0018765817545164018,1.2296490786034173
equity_sentiment_tilt,equity,sentiment_tilt,2023-05-31,2023-04-28,-0.004916118738712082,1.223603977726055
equity_sentiment_tilt,equity,sentiment_tilt,2023-06-01,2023-05-31,0.005100306146902308,1.2298447326150255
equity_sentiment_tilt,equity,sentiment_tilt,2023-06-02,2023-05-31,0.019908373688904468,1.2543289411312564
equity_sentiment_tilt,equity,sentiment_tilt,2023-06-05,2023-05-31,-0.005812328510056728,1.2470383692657299
equity_sentiment_tilt,equity,sentiment_tilt,2023-06-06,2023-05-31,0.004093395972002333,1.2521429911034148
equity_sentiment_tilt,equity,sentiment_tilt,2023-06-07,2023-05-31,0.008115393125210544,1.2623046237251958
equity_sentiment_tilt,equity,sentiment_tilt,2023-06-08,2023-05-31,0.004068583885710854,1.2674404159761425
equity_sentiment_tilt,equity,sentiment_tilt,2023-06-09,2023-05-31,-0.002860933893088018,1.2638143527326067
equity_sentiment_tilt,equity,sentiment_tilt,2023-06-12,2023-05-31,0.005174611697533472,1.2703541012657675
equity_sentiment_tilt,equity,sentiment_tilt,2023-06-13,2023-05-31,0.007515786567967668,1.2799018115566234
equity_sentiment_tilt,equity,sentiment_tilt,2023-06-14,2023-05-31,0.0001148488803668323,1.2800488068466602
equity_sentiment_tilt,equity,sentiment_tilt,2023-06-15,2023-05-31,0.009937176131520637,1.2927688772972383
equity_sentiment_tilt,equity,sentiment_tilt,2023-06-16,2023-05-31,0.0006335964951548817,1.2935879711269391
equity_sentiment_tilt,equity,sentiment_tilt,2023-06-20,2023-05-31,-0.012531329231268037,1.2773775943711394
equity_sentiment_tilt,equity,sentiment_tilt,2023-06-21,2023-05-31,-0.0031637068600117472,1.273336346113002
equity_sentiment_tilt,equity,sentiment_tilt,2023-06-22,2023-05-31,-0.005312883458948188,1.2665712585020608
equity_sentiment_tilt,equity,sentiment_tilt,2023-06-23,2023-05-31,-0.007141842338924129,1.2575256062628264
equity_sentiment_tilt,equity,sentiment_tilt,2023-06-26,2023-05-31,0.0065712259970526765,1.2657890912186602
equity_sentiment_tilt,equity,sentiment_tilt,2023-06-27,2023-05-31,0.007028305369707129,1.274685443485389
equity_sentiment_tilt,equity,sentiment_tilt,2023-06-28,2023-05-31,-0.0016473648989628778,1.272585571428572
equity_sentiment_tilt,equity,sentiment_tilt,2023-06-29,2023-05-31,0.006237969425847998,1.2805239213149189
equity_sentiment_tilt,equity,sentiment_tilt,2023-06-30,2023-05-31,0.008396119768964089,1.2912753535253025
equity_sentiment_tilt,equity,sentiment_tilt,2023-07-03,2023-06-30,0.0056147140385983865,1.2985254953804373
equity_sentiment_tilt,equity,sentiment_tilt,2023-07-05,2023-06-30,-0.0038866456678188907,1.2934785868892644
equity_sentiment_tilt,equity,sentiment_tilt,2023-07-06,2023-06-30,-0.012036187742725074,1.2779100357762705
equity_sentiment_tilt,equity,sentiment_tilt,2023-07-07,2023-06-30,0.0003964288490873387,1.2784166361809906
equity_sentiment_tilt,equity,sentiment_tilt,2023-07-10,2023-06-30,0.004725245930305379,1.2844574691883395
equity_sentiment_tilt,equity,sentiment_tilt,2023-07-11,2023-06-30,0.014018630212707134,1.3024638034728406
equity_sentiment_tilt,equity,sentiment_tilt,2023-07-12,2023-06-30,0.008132356286879427,1.313055903173446
equity_sentiment_tilt,equity,sentiment_tilt,2023-07-13,2023-06-30,0.005608393148808338,1.320420036904806
equity_sentiment_tilt,equity,sentiment_tilt,2023-07-14,2023-06-30,-0.006393105759718627,1.311978451961622
equity_sentiment_tilt,equity,sentiment_tilt,2023-07-17,2023-06-30,-0.0037377225277191966,1.3070746405458429
equity_sentiment_tilt,equity,sentiment_tilt,2023-07-18,2023-06-30,0.005789805211330538,1.3146423481112732
equity_sentiment_tilt,equity,sentiment_tilt,2023-07-19,2023-06-30,0.006036446332177729,1.3225781160916552
equity_sentiment_tilt,equity,sentiment_tilt,2023-07-20,2023-06-30,0.0020351106851215486,1.3252697089476213
equity_sentiment_tilt,equity,sentiment_tilt,2023-07-21,2023-06-30,0.004649317305360091,1.3314313083397011
equity_sentiment_tilt,equity,sentiment_tilt,2023-07-24,2023-06-30,0.005431755076444307,1.338663317107712
equity_sentiment_tilt,equity,sentiment_tilt,2023-07-25,2023-06-30,0.003153583778574885,1.342884904029516
equity_sentiment_tilt,equity,sentiment_tilt,2023-07-26,2023-06-30,0.0022628115123178344,1.3459235994500718
equity_sentiment_tilt,equity,sentiment_tilt,2023-07-27,2023-06-30,-0.004681428164794108,1.3396227548039452
equity_sentiment_tilt,equity,sentiment_tilt,2023-07-28,2023-06-30,0.004021146676406394,1.3450095743920636
equity_sentiment_tilt,equity,sentiment_tilt,2023-07-31,2023-06-30,0.004085922578988177,1.3505051793810274
equity_sentiment_tilt,equity,sentiment_tilt,2023-08-01,2023-07-31,-0.0035910922694645502,1.3456553906714803
equity_sentiment_tilt,equity,sentiment_tilt,2023-08-02,2023-07-31,-0.014354376165955461,1.326339347004036
equity_sentiment_tilt,equity,sentiment_tilt,2023-08-03,2023-07-31,-0.00458235663280341,1.3202615870999441
equity_sentiment_tilt,equity,sentiment_tilt,2023-08-04,2023-07-31,-0.002142776574861868,1.3174325614984164
equity_sentiment_tilt,equity,sentiment_tilt,2023-08-07,2023-07-31,0.007789937580797474,1.3276952789193992
equity_sentiment_tilt,equity,sentiment_tilt,2023-08-08,2023-07-31,-0.003644006082793722,1.3228571492469205
equity_sentiment_tilt,equity,sentiment_tilt,2023-08-09,2023-07-31,-0.002026837392714217,1.3201759329116076
equity_sentiment_tilt,equity,sentiment_tilt,2023-08-10,2023-07-31,0.000831559825603435,1.3212737381801454
equity_sentiment_tilt,equity,sentiment_tilt,2023-08-11,2023-07-31,0.0017367557306791884,1.3235684679167254
equity_sentiment_tilt,equity,sentiment_tilt,2023-08-14,2023-07-31,0.0021870914163090154,1.3264632331518031
equity_sentiment_tilt,equity,sentiment_tilt,2023-08-15,2023-07-31,-0.013405365928571734,1.308681508120607
equity_sentiment_tilt,equity,sentiment_tilt,2023-08-16,2023-07-31,-0.008513050584076573,1.2975406362435304
equity_sentiment_tilt,equity,sentiment_tilt,2023-08-17,2023-07-31,-0.004514724748505046,1.2916825974208908
equity_sentiment_tilt,equity,sentiment_tilt,2023-08-18,2023-07-31,0.0018591549282833042,1.2940840354876637
equity_sentiment_tilt,equity,sentiment_tilt,2023-08-21,2023-07-31,-0.00012052170950928176,1.293928070267458
equity_sentiment_tilt,equity,sentiment_tilt,2023-08-22,2023-07-31,-0.005006033648191018,1.2874506228093603
equity_sentiment_tilt,equity,sentiment_tilt,2023-08-23,2023-07-31,0.007459105428697137,1.297053852739137
equity_sentiment_tilt,equity,sentiment_tilt,2023-08-24,2023-07-31,-0.012405749898213686,1.2809629270375409
equity_sentiment_tilt,equity,sentiment_tilt,2023-08-25,2023-07-31,0.004786659951681876,1.2870944609799808
equity_sentiment_tilt,equity,sentiment_tilt,2023-08-28,2023-07-31,0.008537280477709169,1.2980827473946728
equity_sentiment_tilt,equity,sentiment_tilt,2023-08-29,2023-07-31,0.012175654196160991,1.313887754044953
equity_sentiment_tilt,equity,sentiment_tilt,2023-08-30,2023-07-31,0.0018340699354430269,1.3162975160731936
equity_sentiment_tilt,equity,sentiment_tilt,2023-08-31,2023-07-31,-0.0026351559306596185,1.3128288668672008
equity_sentiment_tilt,equity,sentiment_tilt,2023-09-01,2023-08-31,0.004194028972228114,1.3183349091704193
equity_sentiment_tilt,equity,sentiment_tilt,2023-09-05,2023-08-31,-0.008769655589195563,1.3067735660657813
equity_sentiment_tilt,equity,sentiment_tilt,2023-09-06,2023-08-31,-0.004037361139924962,1.3014976492514663
equity_sentiment_tilt,equity,sentiment_tilt,2023-09-07,2023-08-31,-0.000236191913192506,1.301190246031674
equity_sentiment_tilt,equity,sentiment_tilt,2023-09-08,2023-08-31,0.002476711651259431,1.3044129190745257
equity_sentiment_tilt,equity,sentiment_tilt,2023-09-11,2023-08-31,0.0027389583634823012,1.3079856517486592
equity_sentiment_tilt,equity,sentiment_tilt,2023-09-12,2023-08-31,0.002262185770411496,1.3109445582779475
equity_sentiment_tilt,equity,sentiment_tilt,2023-09-13,2023-08-31,-0.0010503460624083003,1.3095676128231248
equity_sentiment_tilt,equity,sentiment_tilt,2023-09-14,2023-08-31,0.012399141955416798,1.3258051275547351
equity_sentiment_tilt,equity,sentiment_tilt,2023-09-15,2023-08-31,-0.01060357820436253,1.3117468492009636
equity_sentiment_tilt,equity,sentiment_tilt,2023-09-18,2023-08-31,-0.00028934963870571413,1.3113672957240738
equity_sentiment_tilt,equity,sentiment_tilt,2023-09-19,2023-08-31,-0.00414119317564578,1.3059366704282562
equity_sentiment_tilt,equity,sentiment_tilt,2023-09-20,2023-08-31,-0.005312676218852426,1.2989986517359446
equity_sentiment_tilt,equity,sentiment_tilt,2023-09-21,2023-08-31,-0.01869100933818857,1.2747190558060537
equity_sentiment_tilt,equity,sentiment_tilt,2023-09-22,2023-08-31,-0.003215356541182629,1.2706203795517976
equity_sentiment_tilt,equity,sentiment_tilt,2023-09-25,2023-08-31,0.0022350239678881013,1.2734602465541829
equity_sentiment_tilt,equity,sentiment_tilt,2023-09-26,2023-08-31,-0.01209103842536992,1.2580627897799153
equity_sentiment_tilt,equity,sentiment_tilt,2023-09-27,2023-08-31,-0.001304703735793986,1.256421390558226
equity_sentiment_tilt,equity,sentiment_tilt,2023-09-28,2023-08-31,0.004118049302115849,1.2615953957887776
equity_sentiment_tilt,equity,sentiment_tilt,2023-09-29,2023-08-31,-0.0010998009351768222,1.2602078919926742
equity_sentiment_tilt,equity,sentiment_tilt,2023-10-02,2023-09-29,-0.014402947135596571,1.2420571843444421
equity_sentiment_tilt,equity,sentiment_tilt,2023-10-03,2023-09-29,-0.008835859626318849,1.2310825414157138
equity_sentiment_tilt,equity,sentiment_tilt,2023-10-04,2023-09-29,0.0015319041544088951,1.2329684418753288
equity_sentiment_tilt,equity,sentiment_tilt,2023-10-05,2023-09-29,-0.001604058806347384,1.2309906879881902
equity_sentiment_tilt,equity,sentiment_tilt,2023-10-06,2023-09-29,0.010403729255226542,1.2437975818217244
equity_sentiment_tilt,equity,sentiment_tilt,2023-10-09,2023-09-29,0.008940251592264314,1.2549174451330605
equity_sentiment_tilt,equity,sentiment_tilt,2023-10-10,2023-09-29,0.007999348686756249,1.264955967349773
equity_sentiment_tilt,equity,sentiment_tilt,2023-10-11,2023-09-29,0.003498247684582047,1.2693810966336525
equity_sentiment_tilt,equity,sentiment_tilt,2023-10-12,2023-09-29,-0.008457308209602147,1.258645549463979
equity_sentiment_tilt,equity,sentiment_tilt,2023-10-13,2023-09-29,0.001495752859270942,1.2605281721433983
equity_sentiment_tilt,equity,sentiment_tilt,2023-10-16,2023-09-29,0.010038031487968304,1.2731813936268448
equity_sentiment_tilt,equity,sentiment_tilt,2023-10-17,2023-09-29,0.0027626426800944617,1.2766987388843805
equity_sentiment_tilt,equity,sentiment_tilt,2023-10-18,2023-09-29,-0.014511609813829911,1.2581717849358816
equity_sentiment_tilt,equity,sentiment_tilt,2023-10-19,2023-09-29,-0.009741957163432725,1.2459147293027966
equity_sentiment_tilt,equity,sentiment_tilt,2023-10-20,2023-09-29,-0.008842187191794427,1.2348981180412875
equity_sentiment_tilt,equity,sentiment_tilt,2023-10-23,2023-09-29,-0.0066793588267221515,1.226649790396446
equity_sentiment_tilt,equity,sentiment_tilt,2023-10-24,2023-09-29,0.010554968964384525,1.2395970408642492
equity_sentiment_tilt,equity,sentiment_tilt,2023-10-25,2023-09-29,-0.011832221059979327,1.224929854651447
equity_sentiment_tilt,equity,sentiment_tilt,2023-10-26,2023-09-29,-0.0012453073831238245,1.223404440459641
equity_sentiment_tilt,equity,sentiment_tilt,2023-10-27,2023-09-29,-0.010465159875204055,1.2106013173981962
equity_sentiment_tilt,equity,sentiment_tilt,2023-10-30,2023-09-29,0.00961282089098638,1.2222386110327372
equity_sentiment_tilt,equity,sentiment_tilt,2023-10-31,2023-09-29,0.006089433244784197,1.229681351463819
equity_sentiment_tilt,equity,sentiment_tilt,2023-11-01,2023-10-31,0.00450510463018419,1.23522119461395
equity_sentiment_tilt,equity,sentiment_tilt,2023-11-02,2023-10-31,0.02588153241703053,1.267190612004554
equity_sentiment_tilt,equity,sentiment_tilt,2023-11-03,2023-10-31,0.012937869511737976,1.2835853587891681
equity_sentiment_tilt,equity,sentiment_tilt,2023-11-06,2023-10-31,-0.004559895003137435,1.277732344325525
equity_sentiment_tilt,equity,sentiment_tilt,2023-11-07,2023-10-31,-0.003874690543636726,1.2727815268936682
equity_sentiment_tilt,equity,sentiment_tilt,2023-11-08,2023-10-31,-0.0011148817654993359,1.27136252597787
equity_sentiment_tilt,equity,sentiment_tilt,2023-11-09,2023-10-31,-0.008917840204900596,1.2600247181287005
equity_sentiment_tilt,equity,sentiment_tilt,2023-11-10,2023-10-31,0.010499579385985338,1.2732544476849967
equity_sentiment_tilt,equity,sentiment_tilt,2023-11-13,2023-10-31,-0.001085766239234507,1.271871990991745
equity_sentiment_tilt,equity,sentiment_tilt,2023-11-14,2023-10-31,0.02504246551172391,1.3037228014614834
equity_sentiment_tilt,equity,sentiment_tilt,2023-11-15,2023-10-31,0.005525820836176051,1.3109269400823973
equity_sentiment_tilt,equity,sentiment_tilt,2023-11-16,2023-10-31,0.0006887199529421127,1.3118298016228815
equity_sentiment_tilt,equity,sentiment_tilt,2023-11-17,2023-10-31,0.003126677091300226,1.315931469811301
equity_sentiment_tilt,equity,sentiment_tilt,2023-11-20,2023-10-31,0.004389462695028931,1.3217077019072523
equity_sentiment_tilt,equity,sentiment_tilt,2023-11-21,2023-10-31,-0.002229004136677774,1.3187616099722221
equity_sentiment_tilt,equity,sentiment_tilt,2023-11-22,2023-10-31,0.0017014776803203051,1.3210054534172533
equity_sentiment_tilt,equity,sentiment_tilt,2023-11-24,2023-10-31,0.0025103985917019726,1.3243217036471424
equity_sentiment_tilt,equity,sentiment_tilt,2023-11-27,2023-10-31,0.0006167296134455725,1.3251384520595104
equity_sentiment_tilt,equity,sentiment_tilt,2023-11-28,2023-10-31,0.002245201653386002,1.32811365510304
equity_sentiment_tilt,equity,sentiment_tilt,2023-11-29,2023-10-31,0.004751382443495357,1.334424031006863
equity_sentiment_tilt,equity,sentiment_tilt,2023-11-30,2023-10-31,0.006576200320714612,1.3431994707475394
equity_sentiment_tilt,equity,sentiment_tilt,2023-12-01,2023-11-30,0.009207950900974314,1.3555675855243976
equity_sentiment_tilt,equity,sentiment_tilt,2023-12-04,2023-11-30,-0.001969663085139294,1.3528975740917788
equity_sentiment_tilt,equity,sentiment_tilt,2023-12-05,2023-11-30,-0.0052002066120540895,1.3458622271815548
equity_sentiment_tilt,equity,sentiment_tilt,2023-12-06,2023-11-30,-0.0007663697982387757,1.3448307990180526
equity_sentiment_tilt,equity,sentiment_tilt,2023-12-07,2023-11-30,0.005261019374163385,1.3519059799066582
equity_sentiment_tilt,equity,sentiment_tilt,2023-12-08,2023-11-30,0.0032423037836380895,1.3562892697804323
equity_sentiment_tilt,equity,sentiment_tilt,2023-12-11,2023-11-30,0.0069431231272931715,1.3657061531767445
equity_sentiment_tilt,equity,sentiment_tilt,2023-12-12,2023-11-30,0.0008829382778785897,1.3669119874157185
equity_sentiment_tilt,equity,sentiment_tilt,2023-12-13,2023-11-30,0.02087302665890724,1.3954435777694267
equity_sentiment_tilt,equity,sentiment_tilt,2023-12-14,2023-11-30,0.014401121232816488,1.4155395299064395
equity_sentiment_tilt,equity,sentiment_tilt,2023-12-15,2023-11-30,-0.00281798599484287,1.4115505593360167
equity_sentiment_tilt,equity,sentiment_tilt,2023-12-18,2023-11-30,-0.0013461401421237334,1.4096504144654574
equity_sentiment_tilt,equity,sentiment_tilt,2023-12-19,2023-11-30,0.008167361698485654,1.4211635392688169
equity_sentiment_tilt,equity,sentiment_tilt,2023-12-20,2023-11-30,-0.014863049820288405,1.400040714781887
equity_sentiment_tilt,equity,sentiment_tilt,2023-12-21,2023-11-30,0.008303617105602493,1.4116661168096898
equity_sentiment_tilt,equity,sentiment_tilt,2023-12-22,2023-11-30,0.0020286288232376965,1.4145298633830379
equity_sentiment_tilt,equity,sentiment_tilt,2023-12-26,2023-11-30,0.006654120166738625,1.4239423150734292
equity_sentiment_tilt,equity,sentiment_tilt,2023-12-27,2023-11-30,0.0015338926750196897,1.4261264897601709
equity_sentiment_tilt,equity,sentiment_tilt,2023-12-28,2023-11-30,0.0012596167377289318,1.4279228625567915
equity_sentiment_tilt,equity,sentiment_tilt,2023-12-29,2023-11-30,-0.0030674040659918597,1.4235428461622621
